time,latitude,longitude,heading,easting,northing,zone
2025-08-13 16:00:20,0.0,0.0,-14,166018.4431793313,-8.0,31N
2025-08-13 16:00:20,35.0740354,129.08351059999998,-14,507610.611130934,3881248.547538513,52S
2025-08-13 16:00:20,35.0740354,129.08351059999998,-14,507610.611130934,3881248.547538513,52S
2025-08-13 16:00:20,35.0740353,129.0835103,-14,507610.5837893968,3881248.536425846,52S
2025-08-13 16:00:20,35.0740353,129.0835103,74,507610.5837893968,3881248.536425846,52S
2025-08-13 16:00:20,35.0740352,129.0835096,74,507610.5199800898,3881248.5252826354,52S
2025-08-13 16:00:20,35.0740352,129.0835096,77,507610.5199800898,3881248.5252826354,52S
2025-08-13 16:00:20,35.074034999999995,129.083509,77,507610.46529701486,3881248.503057303,52S
2025-08-13 16:00:20,35.074034999999995,129.083509,75,507610.46529701486,3881248.503057303,52S
2025-08-13 16:00:20,35.0740348,129.0835084,75,507610.4106139396,3881248.4808319695,52S
2025-08-13 16:00:20,35.0740348,129.0835084,73,507610.4106139396,3881248.4808319695,52S
2025-08-13 16:00:20,35.0740346,129.0835076,73,507610.337696978,3881248.458591365,52S
2025-08-13 16:00:21,35.0740346,129.0835076,69,507610.337696978,3881248.458591365,52S
2025-08-13 16:00:21,35.0740342,129.0835067,69,507610.2556816497,3881248.4141636062,52S
2025-08-13 16:00:21,35.0740342,129.0835067,66,507610.2556816497,3881248.4141636062,52S
2025-08-13 16:00:21,35.0740337,129.08350579999998,66,507610.1736756084,3881248.35864609,52S
2025-08-13 16:00:21,35.0740337,129.08350579999998,64,507610.1736756084,3881248.35864609,52S
2025-08-13 16:00:21,35.074033199999995,129.0835047,64,507610.0734356818,3881248.303113303,52S
2025-08-13 16:00:21,35.0740327,129.0835037,64,507609.9823126985,3881248.2475881535,52S
2025-08-13 16:00:21,35.0740327,129.0835037,62,507609.9823126985,3881248.2475881535,52S
2025-08-13 16:00:21,35.0740327,129.0835037,61,507609.9823126985,3881248.2475881535,52S
2025-08-13 16:00:21,35.0740322,129.08350249999998,61,507609.87295582506,3881248.192047734,52S
2025-08-13 16:00:21,35.0740322,129.08350249999998,62,507609.87295582506,3881248.192047734,52S
2025-08-13 16:00:21,35.0740317,129.0835013,62,507609.763598955,3881248.136507315,52S
2025-08-13 16:00:21,35.0740317,129.0835013,62,507609.763598955,3881248.136507315,52S
2025-08-13 16:00:21,35.0740312,129.08350009999998,62,507609.6542420789,3881248.080966898,52S
2025-08-13 16:00:21,35.0740307,129.0834989,62,507609.54488520615,3881248.025426483,52S
2025-08-13 16:00:21,35.0740307,129.0834989,63,507609.54488520615,3881248.025426483,52S
2025-08-13 16:00:22,35.0740307,129.0834989,63,507609.54488520615,3881248.025426483,52S
2025-08-13 16:00:22,35.0740302,129.08349769999998,63,507609.43552832736,3881247.9698860673,52S
2025-08-13 16:00:22,35.0740291,129.08349529999998,63,507609.216823857,3881247.847715484,52S
2025-08-13 16:00:22,35.0740291,129.08349529999998,62,507609.216823857,3881247.847715484,52S
2025-08-13 16:00:22,35.0740291,129.08349529999998,61,507609.216823857,3881247.847715484,52S
2025-08-13 16:00:22,35.0740279,129.0834928,61,507608.9890117245,3881247.7144475104,52S
2025-08-13 16:00:22,35.0740279,129.0834928,60,507608.9890117245,3881247.7144475104,52S
2025-08-13 16:00:22,35.0740272,129.0834916,60,507608.8796734155,3881247.636727584,52S
2025-08-13 16:00:22,35.0740266,129.0834903,59,507608.7612088712,3881247.570089784,52S
2025-08-13 16:00:22,35.0740266,129.0834903,59,507608.8796734155,3881247.636727584,52S
2025-08-13 16:00:22,35.0740266,129.0834903,59,507608.7612088712,3881247.570089784,52S
2025-08-13 16:00:22,35.074026,129.0834889,59,507608.6336273846,3881247.503444352,52S
2025-08-13 16:00:23,35.074026,129.0834889,60,507608.6336273846,3881247.503444352,52S
2025-08-13 16:00:23,35.0740254,129.0834875,60,507608.5060458962,3881247.436798922,52S
2025-08-13 16:00:23,35.0740248,129.08348619999998,60,507608.38758134656,3881247.370161126,52S
2025-08-13 16:00:23,35.0740248,129.08348619999998,60,507608.38758134656,3881247.370161126,52S
2025-08-13 16:00:23,35.0740248,129.08348619999998,60,507608.38758134656,3881247.370161126,52S
2025-08-13 16:00:23,35.0740242,129.083485,60,507608.2782337429,3881247.3035309664,52S
2025-08-13 16:00:23,35.0740235,129.0834837,60,507608.1597784775,3881247.225803415,52S
2025-08-13 16:00:23,35.0740235,129.0834837,60,507608.2782337429,3881247.3035309664,52S
2025-08-13 16:00:23,35.0740235,129.0834837,59,507608.1597784775,3881247.225803415,52S
2025-08-13 16:00:23,35.0740228,129.0834824,59,507608.04132320994,3881247.1480758656,52S
2025-08-13 16:00:23,35.0740228,129.0834824,58,507608.04132320994,3881247.1480758656,52S
2025-08-13 16:00:23,35.0740222,129.0834811,58,507607.9228586555,3881247.081438078,52S
2025-08-13 16:00:23,35.0740222,129.0834811,58,507607.9228586555,3881247.081438078,52S
2025-08-13 16:00:23,35.0740215,129.0834798,58,507607.8044033818,3881247.00371053,52S
2025-08-13 16:00:23,35.0740215,129.0834798,58,507607.8044033818,3881247.00371053,52S
2025-08-13 16:00:23,35.0740208,129.08347849999998,58,507607.6859481084,3881246.925982985,52S
2025-08-13 16:00:24,35.0740208,129.08347849999998,58,507607.6859481084,3881246.925982985,52S
2025-08-13 16:00:24,35.0740202,129.08347709999998,58,507607.5583666049,3881246.859337568,52S
2025-08-13 16:00:24,35.0740202,129.08347709999998,59,507607.5583666049,3881246.859337568,52S
2025-08-13 16:00:24,35.0740189,129.08347419999998,59,507607.2940959306,3881246.714949347,52S
2025-08-13 16:00:24,35.0740178,129.0834714,59,507607.03892362857,3881246.592748285,52S
2025-08-13 16:00:24,35.0740178,129.0834714,61,507607.03892362857,3881246.592748285,52S
2025-08-13 16:00:24,35.0740172,129.0834701,61,507606.9204590572,3881246.5261105103,52S
2025-08-13 16:00:24,35.0740172,129.0834701,62,507606.9204590572,3881246.5261105103,52S
2025-08-13 16:00:24,35.0740172,129.0834701,61,507606.9204590572,3881246.5261105103,52S
2025-08-13 16:00:24,35.0740165,129.0834687,61,507606.79288682615,3881246.448375344,52S
2025-08-13 16:00:24,35.0740165,129.0834687,60,507606.79288682615,3881246.448375344,52S
2025-08-13 16:00:24,35.0740158,129.0834673,60,507606.6653145928,3881246.37064018,52S
2025-08-13 16:00:25,35.0740158,129.0834673,60,507606.6653145928,3881246.37064018,52S
2025-08-13 16:00:25,35.0740151,129.0834659,60,507606.53774235735,3881246.292905018,52S
2025-08-13 16:00:25,35.0740151,129.0834659,59,507606.53774235735,3881246.292905018,52S
2025-08-13 16:00:25,35.0740144,129.0834645,59,507606.4101701174,3881246.2151698577,52S
2025-08-13 16:00:25,35.0740144,129.0834645,59,507606.4101701174,3881246.2151698577,52S
2025-08-13 16:00:25,35.0740138,129.0834631,59,507606.28258859465,3881246.148524459,52S
2025-08-13 16:00:25,35.0740132,129.0834617,59,507606.1550070701,3881246.081879061,52S
2025-08-13 16:00:25,35.0740132,129.0834617,60,507606.1550070701,3881246.081879061,52S
2025-08-13 16:00:25,35.0740132,129.0834617,60,507606.1550070701,3881246.081879061,52S
2025-08-13 16:00:25,35.074012499999995,129.08346029999998,60,507606.0274348261,3881246.004143907,52S
2025-08-13 16:00:25,35.074011899999995,129.083459,60,507605.9089702421,3881245.937506144,52S
2025-08-13 16:00:25,35.074011899999995,129.083459,60,507605.9089702421,3881245.937506144,52S
2025-08-13 16:00:25,35.0740112,129.0834577,60,507605.7905149386,3881245.859778624,52S
2025-08-13 16:00:25,35.0740112,129.0834577,60,507605.7905149386,3881245.859778624,52S
2025-08-13 16:00:25,35.0740112,129.0834577,59,507605.7905149386,3881245.859778624,52S
2025-08-13 16:00:25,35.0740106,129.08345649999998,59,507605.6811672931,3881245.793148497,52S
2025-08-13 16:00:26,35.0740099,129.08345509999998,59,507605.5535950412,3881245.7154133487,52S
2025-08-13 16:00:26,35.0740099,129.08345509999998,58,507605.5535950412,3881245.7154133487,52S
2025-08-13 16:00:26,35.0740085,129.0834525,58,507605.3166844203,3881245.559958318,52S
2025-08-13 16:00:26,35.0740085,129.0834525,58,507605.3166844203,3881245.559958318,52S
2025-08-13 16:00:26,35.0740085,129.0834525,58,507605.3166844203,3881245.559958318,52S
2025-08-13 16:00:26,35.0740078,129.0834511,58,507605.1891121619,3881245.482223175,52S
2025-08-13 16:00:26,35.0740071,129.0834497,58,507605.0615399014,3881245.4044880345,52S
2025-08-13 16:00:26,35.0740071,129.0834497,58,507605.1891121619,3881245.482223175,52S
2025-08-13 16:00:26,35.0740071,129.0834497,58,507605.0615399014,3881245.4044880345,52S
2025-08-13 16:00:26,35.0740064,129.0834482,58,507604.9248506937,3881245.326745265,52S
2025-08-13 16:00:26,35.0740064,129.0834482,59,507604.9248506937,3881245.326745265,52S
2025-08-13 16:00:26,35.0740051,129.0834454,59,507604.66969687823,3881245.182364751,52S
2025-08-13 16:00:27,35.0740051,129.0834454,59,507604.66969687823,3881245.182364751,52S
2025-08-13 16:00:27,35.0740045,129.0834439,59,507604.5329983831,3881245.115711747,52S
2025-08-13 16:00:27,35.0740045,129.0834439,60,507604.5329983831,3881245.115711747,52S
2025-08-13 16:00:27,35.0740038,129.0834425,60,507604.40542611177,3881245.037976615,52S
2025-08-13 16:00:27,35.0740038,129.0834425,60,507604.40542611177,3881245.037976615,52S
2025-08-13 16:00:27,35.0740032,129.083441,60,507604.2687276124,3881244.971323615,52S
2025-08-13 16:00:27,35.0740032,129.083441,60,507604.2687276124,3881244.971323615,52S
2025-08-13 16:00:27,35.0740026,129.0834396,60,507604.1411460542,3881244.904678246,52S
2025-08-13 16:00:27,35.074002,129.0834381,60,507604.0044475509,3881244.838025249,52S
2025-08-13 16:00:27,35.074002,129.0834381,61,507604.0044475509,3881244.838025249,52S
2025-08-13 16:00:27,35.074002,129.0834381,61,507604.0044475509,3881244.838025249,52S
2025-08-13 16:00:27,35.0740014,129.0834366,61,507603.86774904566,3881244.771372255,52S
2025-08-13 16:00:27,35.0740014,129.0834366,62,507603.86774904566,3881244.771372255,52S
2025-08-13 16:00:27,35.0740008,129.0834351,62,507603.7310505384,3881244.704719263,52S
2025-08-13 16:00:27,35.0740002,129.0834336,62,507603.5943520292,3881244.638066273,52S
2025-08-13 16:00:27,35.0740002,129.0834336,62,507603.7310505384,3881244.704719263,52S
2025-08-13 16:00:28,35.0740002,129.0834336,62,507603.5943520292,3881244.638066273,52S
2025-08-13 16:00:28,35.0739998,129.083432,62,507603.4485180108,3881244.593585175,52S
2025-08-13 16:00:28,35.0739998,129.083432,62,507603.4485180108,3881244.593585175,52S
2025-08-13 16:00:28,35.0739991,129.0834306,62,507603.3209457229,3881244.515850058,52S
2025-08-13 16:00:28,35.0739991,129.0834306,62,507603.3209457229,3881244.515850058,52S
2025-08-13 16:00:28,35.0739984,129.08342919999998,62,507603.1933734306,3881244.438114944,52S
2025-08-13 16:00:28,35.0739969,129.0834263,61,507602.9291211768,3881244.271547332,52S
2025-08-13 16:00:28,35.0739969,129.0834263,61,507603.1933734306,3881244.438114944,52S
2025-08-13 16:00:28,35.0739969,129.0834263,59,507602.9291211768,3881244.271547332,52S
2025-08-13 16:00:28,35.073996099999995,129.08342489999998,59,507602.80155815865,3881244.1827224633,52S
2025-08-13 16:00:28,35.0739954,129.0834234,59,507602.6648689133,3881244.104979728,52S
2025-08-13 16:00:28,35.0739954,129.0834234,58,507602.6648689133,3881244.104979728,52S
2025-08-13 16:00:28,35.0739954,129.0834234,59,507602.6648689133,3881244.104979728,52S
2025-08-13 16:00:28,35.0739948,129.0834219,59,507602.5281703848,3881244.038326754,52S
2025-08-13 16:00:29,35.0739942,129.0834204,60,507602.3914718568,3881243.971673782,52S
2025-08-13 16:00:29,35.0739942,129.0834204,60,507602.5281703848,3881244.038326754,52S
2025-08-13 16:00:29,35.0739942,129.0834204,61,507602.3914718568,3881243.971673782,52S
2025-08-13 16:00:29,35.0739935,129.0834189,61,507602.2547826047,3881243.893931053,52S
2025-08-13 16:00:29,35.0739935,129.0834189,61,507602.2547826047,3881243.893931053,52S
2025-08-13 16:00:29,35.0739929,129.0834176,61,507602.1363179655,3881243.8272933406,52S
2025-08-13 16:00:29,35.0739929,129.0834176,61,507602.1363179655,3881243.8272933406,52S
2025-08-13 16:00:29,35.0739922,129.0834161,61,507601.9996287091,3881243.749550616,52S
2025-08-13 16:00:29,35.0739922,129.0834161,60,507601.9996287091,3881243.749550616,52S
2025-08-13 16:00:29,35.0739915,129.0834147,60,507601.8720563947,3881243.671815519,52S
2025-08-13 16:00:29,35.0739915,129.0834147,60,507601.8720563947,3881243.671815519,52S
2025-08-13 16:00:29,35.0739908,129.0834131,60,507601.72625018697,3881243.59406517,52S
2025-08-13 16:00:29,35.0739908,129.0834131,60,507601.72625018697,3881243.59406517,52S
2025-08-13 16:00:29,35.0739901,129.0834116,60,507601.5895609235,3881243.51632245,52S
2025-08-13 16:00:30,35.0739901,129.0834116,60,507601.5895609235,3881243.51632245,52S
2025-08-13 16:00:30,35.0739887,129.0834085,60,507601.30706544034,3881243.360829392,52S
2025-08-13 16:00:30,35.0739874,129.08340529999998,61,507601.0154437239,3881243.216418476,52S
2025-08-13 16:00:30,35.0739874,129.08340529999998,61,507601.30706544034,3881243.360829392,52S
2025-08-13 16:00:30,35.0739874,129.08340529999998,62,507601.0154437239,3881243.216418476,52S
2025-08-13 16:00:30,35.0739867,129.0834038,62,507600.8787544487,3881243.138675768,52S
2025-08-13 16:00:30,35.0739867,129.0834038,62,507600.8787544487,3881243.138675768,52S
2025-08-13 16:00:30,35.0739861,129.0834023,62,507600.74205589504,3881243.072022821,52S
2025-08-13 16:00:30,35.0739861,129.0834023,62,507600.74205589504,3881243.072022821,52S
2025-08-13 16:00:30,35.0739853,129.0834008,62,507600.6053758914,3881242.983190358,52S
2025-08-13 16:00:30,35.0739846,129.0833992,61,507600.45956966176,3881242.905440028,52S
2025-08-13 16:00:30,35.0739846,129.0833992,61,507600.6053758914,3881242.983190358,52S
2025-08-13 16:00:30,35.0739846,129.0833992,61,507600.45956966176,3881242.905440028,52S
2025-08-13 16:00:30,35.0739839,129.0833977,61,507600.3228803772,3881242.82769733,52S
2025-08-13 16:00:31,35.0739839,129.0833977,61,507600.3228803772,3881242.82769733,52S
2025-08-13 16:00:31,35.0739832,129.0833961,61,507600.1770741404,3881242.749947007,52S
2025-08-13 16:00:31,35.0739832,129.0833961,61,507600.1770741404,3881242.749947007,52S
2025-08-13 16:00:31,35.0739825,129.0833946,61,507600.0403848487,3881242.67220431,52S
2025-08-13 16:00:31,35.0739825,129.0833946,61,507600.0403848487,3881242.67220431,52S
2025-08-13 16:00:31,35.0739818,129.083393,61,507599.89457860927,3881242.594453992,52S
2025-08-13 16:00:31,35.0739818,129.083393,61,507599.89457860927,3881242.594453992,52S
2025-08-13 16:00:31,35.0739811,129.08339139999998,61,507599.748772365,3881242.516703675,52S
2025-08-13 16:00:31,35.0739811,129.08339139999998,61,507599.748772365,3881242.516703675,52S
2025-08-13 16:00:31,35.0739804,129.0833898,61,507599.6029661206,3881242.438953361,52S
2025-08-13 16:00:31,35.0739798,129.0833883,61,507599.4662675471,3881242.372300433,52S
2025-08-13 16:00:31,35.0739798,129.0833883,61,507599.4662675471,3881242.372300433,52S
2025-08-13 16:00:31,35.073979,129.0833867,61,507599.3204705724,3881242.2834603656,52S
2025-08-13 16:00:31,35.073979,129.0833867,61,507599.3204705724,3881242.2834603656,52S
2025-08-13 16:00:31,35.0739782,129.08338519999998,61,507599.1837905407,3881242.194627923,52S
2025-08-13 16:00:31,35.0739782,129.08338519999998,61,507599.1837905407,3881242.194627923,52S
2025-08-13 16:00:32,35.0739782,129.08338519999998,60,507599.1837905407,3881242.194627923,52S
2025-08-13 16:00:32,35.0739774,129.0833836,60,507599.0379935604,3881242.105787859,52S
2025-08-13 16:00:32,35.0739774,129.0833836,60,507599.0379935604,3881242.105787859,52S
2025-08-13 16:00:32,35.073976,129.0833803,60,507598.737264093,3881241.9502796326,52S
2025-08-13 16:00:32,35.073976,129.0833803,60,507598.737264093,3881241.9502796326,52S
2025-08-13 16:00:32,35.0739752,129.0833787,60,507598.5914671045,3881241.861439575,52S
2025-08-13 16:00:32,35.0739738,129.0833754,60,507598.2907376214,3881241.705931363,52S
2025-08-13 16:00:32,35.0739738,129.0833754,60,507598.2907376214,3881241.705931363,52S
2025-08-13 16:00:32,35.0739738,129.0833754,61,507598.2907376214,3881241.705931363,52S
2025-08-13 16:00:32,35.0739731,129.0833738,61,507598.14493135153,3881241.628181073,52S
2025-08-13 16:00:32,35.0739731,129.0833738,61,507598.14493135153,3881241.628181073,52S
2025-08-13 16:00:32,35.073972399999995,129.0833722,61,507597.9991250769,3881241.550430785,52S
2025-08-13 16:00:33,35.073972399999995,129.0833722,61,507597.9991250769,3881241.550430785,52S
2025-08-13 16:00:33,35.0739717,129.0833706,61,507597.8533188021,3881241.4726804974,52S
2025-08-13 16:00:33,35.0739717,129.0833706,61,507597.8533188021,3881241.4726804974,52S
2025-08-13 16:00:33,35.073971,129.083369,61,507597.7075125248,3881241.394930216,52S
2025-08-13 16:00:33,35.0739702,129.0833674,61,507597.5617155149,3881241.306090175,52S
2025-08-13 16:00:33,35.0739702,129.0833674,61,507597.7075125248,3881241.394930216,52S
2025-08-13 16:00:33,35.0739702,129.0833674,61,507597.5617155149,3881241.306090175,52S
2025-08-13 16:00:33,35.0739695,129.0833658,61,507597.4159092324,3881241.228339896,52S
2025-08-13 16:00:33,35.0739695,129.0833658,61,507597.4159092324,3881241.228339896,52S
2025-08-13 16:00:33,35.0739688,129.0833642,61,507597.2701029474,3881241.150589619,52S
2025-08-13 16:00:33,35.0739688,129.0833642,61,507597.2701029474,3881241.150589619,52S
2025-08-13 16:00:33,35.0739681,129.0833626,61,507597.1242966577,3881241.072839345,52S
2025-08-13 16:00:33,35.0739681,129.0833626,61,507597.1242966577,3881241.072839345,52S
2025-08-13 16:00:33,35.0739674,129.083361,61,507596.9784903677,3881240.9950890746,52S
2025-08-13 16:00:33,35.0739666,129.0833594,61,507596.83269334666,3881240.906249046,52S
2025-08-13 16:00:33,35.0739666,129.0833594,61,507596.9784903677,3881240.9950890746,52S
2025-08-13 16:00:34,35.0739666,129.0833594,61,507596.83269334666,3881240.906249046,52S
2025-08-13 16:00:34,35.0739659,129.08335789999998,61,507596.6960039988,3881240.8285064,52S
2025-08-13 16:00:34,35.0739659,129.08335789999998,61,507596.6960039988,3881240.8285064,52S
2025-08-13 16:00:34,35.0739652,129.0833563,61,507596.55019770126,3881240.750756135,52S
2025-08-13 16:00:34,35.0739652,129.0833563,61,507596.55019770126,3881240.750756135,52S
2025-08-13 16:00:34,35.073964499999995,129.0833547,61,507596.4043914012,3881240.673005872,52S
2025-08-13 16:00:34,35.073964499999995,129.0833547,61,507596.4043914012,3881240.673005872,52S
2025-08-13 16:00:34,35.0739638,129.0833532,61,507596.26770204847,3881240.595263235,52S
2025-08-13 16:00:34,35.0739638,129.0833532,61,507596.26770204847,3881240.595263235,52S
2025-08-13 16:00:34,35.0739631,129.08335169999998,61,507596.1310126911,3881240.517520598,52S
2025-08-13 16:00:34,35.0739631,129.08335169999998,61,507596.1310126911,3881240.517520598,52S
2025-08-13 16:00:34,35.0739624,129.08335,61,507595.9760894338,3881240.439762721,52S
2025-08-13 16:00:34,35.0739617,129.08334829999998,61,507595.8211661716,3881240.362004847,52S
2025-08-13 16:00:34,35.0739617,129.08334829999998,61,507595.9760894338,3881240.439762721,52S
2025-08-13 16:00:34,35.0739609,129.0833467,61,507595.6753691291,3881240.273164837,52S
2025-08-13 16:00:34,35.0739609,129.0833467,61,507595.6753691291,3881240.273164837,52S
2025-08-13 16:00:35,35.0739609,129.0833467,61,507595.6753691291,3881240.273164837,52S
2025-08-13 16:00:35,35.0739602,129.0833452,61,507595.53867976414,3881240.195422209,52S
2025-08-13 16:00:35,35.0739602,129.0833452,61,507595.53867976414,3881240.195422209,52S
2025-08-13 16:00:35,35.0739595,129.0833437,61,507595.4019903968,3881240.117679584,52S
2025-08-13 16:00:35,35.0739587,129.0833422,61,507595.26531029673,3881240.0288472,52S
2025-08-13 16:00:35,35.0739587,129.0833422,60,507595.26531029673,3881240.0288472,52S
2025-08-13 16:00:35,35.0739587,129.0833422,60,507595.26531029673,3881240.0288472,52S
2025-08-13 16:00:35,35.073958,129.0833406,60,507595.11950397183,3881239.951096959,52S
2025-08-13 16:00:35,35.073958,129.0833406,60,507595.11950397183,3881239.951096959,52S
2025-08-13 16:00:35,35.073957199999995,129.0833391,60,507594.9828238641,3881239.86226458,52S
2025-08-13 16:00:35,35.0739565,129.0833375,60,507594.83701753645,3881239.784514344,52S
2025-08-13 16:00:35,35.0739565,129.0833375,60,507594.83701753645,3881239.784514344,52S
2025-08-13 16:00:35,35.0739551,129.0833361,60,507594.7095099893,3881239.629151034,52S
2025-08-13 16:00:35,35.0739551,129.0833361,60,507594.83701753645,3881239.784514344,52S
2025-08-13 16:00:36,35.0739551,129.0833361,59,507594.7095099893,3881239.629151034,52S
2025-08-13 16:00:36,35.0739536,129.0833328,59,507594.40878963465,3881239.462553192,52S
2025-08-13 16:00:36,35.0739536,129.0833328,60,507594.40878963465,3881239.462553192,52S
2025-08-13 16:00:36,35.073952299999995,129.0833297,60,507594.1262846372,3881239.318150117,52S
2025-08-13 16:00:36,35.073952299999995,129.0833297,61,507594.1262846372,3881239.318150117,52S
2025-08-13 16:00:36,35.0739515,129.0833281,61,507593.9804875592,3881239.2293101344,52S
2025-08-13 16:00:36,35.0739515,129.0833281,61,507593.9804875592,3881239.2293101344,52S
2025-08-13 16:00:36,35.0739508,129.0833264,61,507593.8255642616,3881239.151552294,52S
2025-08-13 16:00:36,35.0739508,129.0833264,60,507593.8255642616,3881239.151552294,52S
2025-08-13 16:00:36,35.07395,129.0833249,60,507593.6888841316,3881239.062719935,52S
2025-08-13 16:00:36,35.07395,129.0833249,60,507593.6888841316,3881239.062719935,52S
2025-08-13 16:00:36,35.073949299999995,129.0833233,60,507593.5430777777,3881238.984969719,52S
2025-08-13 16:00:36,35.073949299999995,129.0833233,60,507593.5430777777,3881238.984969719,52S
2025-08-13 16:00:36,35.0739486,129.0833217,60,507593.3972714237,3881238.907219505,52S
2025-08-13 16:00:37,35.0739486,129.0833217,60,507593.3972714237,3881238.907219505,52S
2025-08-13 16:00:37,35.0739478,129.08332009999998,60,507593.251474332,3881238.818379534,52S
2025-08-13 16:00:37,35.0739478,129.08332009999998,61,507593.251474332,3881238.818379534,52S
2025-08-13 16:00:37,35.0739472,129.0833184,61,507593.0965417544,3881238.7517114654,52S
2025-08-13 16:00:37,35.0739465,129.08331669999998,61,507592.9416184388,3881238.673953642,52S
2025-08-13 16:00:37,35.0739465,129.08331669999998,61,507593.0965417544,3881238.7517114654,52S
2025-08-13 16:00:37,35.0739465,129.08331669999998,62,507592.9416184388,3881238.673953642,52S
2025-08-13 16:00:37,35.0739458,129.0833152,62,507592.80492902646,3881238.5962110544,52S
2025-08-13 16:00:37,35.0739458,129.0833152,62,507592.80492902646,3881238.5962110544,52S
2025-08-13 16:00:37,35.0739451,129.0833136,62,507592.65912266,3881238.518460853,52S
2025-08-13 16:00:37,35.0739451,129.0833136,61,507592.65912266,3881238.518460853,52S
2025-08-13 16:00:37,35.0739443,129.08331189999998,61,507592.5042086028,3881238.429613277,52S
2025-08-13 16:00:37,35.0739436,129.0833103,61,507592.3584022311,3881238.3518630792,52S
2025-08-13 16:00:37,35.0739436,129.0833103,61,507592.5042086028,3881238.429613277,52S
2025-08-13 16:00:37,35.0739436,129.0833103,61,507592.3584022311,3881238.3518630792,52S
2025-08-13 16:00:37,35.0739429,129.0833087,61,507592.2125958568,3881238.274112885,52S
2025-08-13 16:00:38,35.0739429,129.0833087,61,507592.2125958568,3881238.274112885,52S
2025-08-13 16:00:38,35.0739422,129.083307,61,507592.0576725256,3881238.196355074,52S
2025-08-13 16:00:38,35.0739422,129.083307,62,507592.0576725256,3881238.196355074,52S
2025-08-13 16:00:38,35.073940799999995,129.0833037,62,507591.75694280985,3881238.04084708,52S
2025-08-13 16:00:38,35.073940799999995,129.0833037,62,507591.75694280985,3881238.04084708,52S
2025-08-13 16:00:38,35.0739401,129.0833021,62,507591.6111364255,3881237.9630968967,52S
2025-08-13 16:00:38,35.0739401,129.0833021,62,507591.6111364255,3881237.9630968967,52S
2025-08-13 16:00:38,35.0739394,129.0833005,62,507591.46533004096,3881237.885346712,52S
2025-08-13 16:00:38,35.0739394,129.0833005,62,507591.46533004096,3881237.885346712,52S
2025-08-13 16:00:38,35.0739387,129.0832989,62,507591.31952364696,3881237.807596531,52S
2025-08-13 16:00:38,35.0739387,129.0832989,62,507591.31952364696,3881237.807596531,52S
2025-08-13 16:00:38,35.073938,129.0832972,62,507591.1646003048,3881237.7298387378,52S
2025-08-13 16:00:38,35.073938,129.0832972,61,507591.1646003048,3881237.7298387378,52S
2025-08-13 16:00:38,35.0739372,129.0832956,61,507591.0188031724,3881237.640998802,52S
2025-08-13 16:00:39,35.0739372,129.0832956,61,507591.0188031724,3881237.640998802,52S
2025-08-13 16:00:39,35.0739364,129.0832939,61,507590.8638890866,3881237.552151255,52S
2025-08-13 16:00:39,35.0739364,129.0832939,61,507590.8638890866,3881237.552151255,52S
2025-08-13 16:00:39,35.0739357,129.08329229999998,61,507590.7180826845,3881237.474401083,52S
2025-08-13 16:00:39,35.0739357,129.08329229999998,61,507590.7180826845,3881237.474401083,52S
2025-08-13 16:00:39,35.073935,129.0832907,61,507590.5722762822,3881237.396650917,52S
2025-08-13 16:00:39,35.073935,129.0832907,61,507590.5722762822,3881237.396650917,52S
2025-08-13 16:00:39,35.0739342,129.0832891,61,507590.426479141,3881237.307810989,52S
2025-08-13 16:00:39,35.0739342,129.0832891,61,507590.426479141,3881237.307810989,52S
2025-08-13 16:00:39,35.0739336,129.08328749999998,61,507590.28066346777,3881237.241150585,52S
2025-08-13 16:00:39,35.0739336,129.08328749999998,61,507590.28066346777,3881237.241150585,52S
2025-08-13 16:00:39,35.0739322,129.0832843,61,507589.9890506457,3881237.0856502657,52S
2025-08-13 16:00:39,35.0739322,129.0832843,61,507589.9890506457,3881237.0856502657,52S
2025-08-13 16:00:39,35.0739314,129.0832828,61,507589.8523704472,3881236.9968179655,52S
2025-08-13 16:00:40,35.0739314,129.0832828,61,507589.8523704472,3881236.9968179655,52S
2025-08-13 16:00:40,35.0739307,129.0832811,61,507589.6974470741,3881236.919060195,52S
2025-08-13 16:00:40,35.0739307,129.0832811,61,507589.6974470741,3881236.919060195,52S
2025-08-13 16:00:40,35.0739293,129.08327789999998,61,507589.40583422943,3881236.7635598937,52S
2025-08-13 16:00:40,35.0739293,129.08327789999998,61,507589.40583422943,3881236.7635598937,52S
2025-08-13 16:00:40,35.0739285,129.0832763,61,507589.2600370667,3881236.674719988,52S
2025-08-13 16:00:40,35.0739285,129.0832763,61,507589.2600370667,3881236.674719988,52S
2025-08-13 16:00:40,35.0739278,129.0832747,61,507589.1142306391,3881236.596969843,52S
2025-08-13 16:00:40,35.0739278,129.0832747,61,507589.1142306391,3881236.596969843,52S
2025-08-13 16:00:40,35.073927,129.0832731,61,507588.9684334685,3881236.508129941,52S
2025-08-13 16:00:40,35.0739263,129.0832715,61,507588.8226270358,3881236.430379801,52S
2025-08-13 16:00:40,35.0739263,129.0832715,61,507588.8226270358,3881236.430379801,52S
2025-08-13 16:00:40,35.0739255,129.0832699,61,507588.67682986206,3881236.341539904,52S
2025-08-13 16:00:40,35.0739255,129.0832699,61,507588.8226270358,3881236.430379801,52S
2025-08-13 16:00:41,35.0739255,129.0832699,60,507588.67682986206,3881236.341539904,52S
2025-08-13 16:00:41,35.0739246,129.0832682,60,507588.52192499023,3881236.241602637,52S
2025-08-13 16:00:41,35.0739238,129.0832665,60,507588.3670108563,3881236.152755131,52S
2025-08-13 16:00:41,35.0739238,129.0832665,60,507588.52192499023,3881236.241602637,52S
2025-08-13 16:00:41,35.0739238,129.0832665,60,507588.3670108563,3881236.152755131,52S
2025-08-13 16:00:41,35.073923,129.08326499999998,60,507588.2303306256,3881236.063922855,52S
2025-08-13 16:00:41,35.073923,129.08326499999998,60,507588.2303306256,3881236.063922855,52S
2025-08-13 16:00:41,35.0739223,129.0832634,60,507588.0845241794,3881235.986172727,52S
2025-08-13 16:00:41,35.0739223,129.0832634,60,507588.0845241794,3881235.986172727,52S
2025-08-13 16:00:41,35.0739215,129.0832618,60,507587.9387269913,3881235.897332841,52S
2025-08-13 16:00:41,35.0739215,129.0832618,60,507587.9387269913,3881235.897332841,52S
2025-08-13 16:00:41,35.0739209,129.0832603,60,507587.8020282342,3881235.83068009,52S
2025-08-13 16:00:41,35.0739209,129.0832603,60,507587.8020282342,3881235.83068009,52S
2025-08-13 16:00:41,35.073920099999995,129.0832587,60,507587.6562310362,3881235.741840209,52S
2025-08-13 16:00:41,35.073920099999995,129.0832587,60,507587.6562310362,3881235.741840209,52S
2025-08-13 16:00:41,35.0739194,129.0832574,60,507587.5377754464,3881235.664112929,52S
2025-08-13 16:00:42,35.0739194,129.0832574,60,507587.5377754464,3881235.664112929,52S
2025-08-13 16:00:42,35.0739186,129.0832561,60,507587.41932911216,3881235.57529589,52S
2025-08-13 16:00:42,35.0739186,129.0832561,60,507587.41932911216,3881235.57529589,52S
2025-08-13 16:00:42,35.0739178,129.08325449999998,60,507587.2735319087,3881235.486456016,52S
2025-08-13 16:00:42,35.0739178,129.08325449999998,60,507587.2735319087,3881235.486456016,52S
2025-08-13 16:00:42,35.0739169,129.0832525,60,507587.09127614193,3881235.386495936,52S
2025-08-13 16:00:42,35.0739169,129.0832525,60,507587.09127614193,3881235.386495936,52S
2025-08-13 16:00:42,35.0739162,129.08325109999998,60,507586.9637035853,3881235.3087610495,52S
2025-08-13 16:00:42,35.0739155,129.0832495,60,507586.8178971162,3881235.2310109423,52S
2025-08-13 16:00:42,35.0739155,129.0832495,60,507586.9637035853,3881235.3087610495,52S
2025-08-13 16:00:42,35.0739155,129.0832495,60,507586.8178971162,3881235.2310109423,52S
2025-08-13 16:00:42,35.0739148,129.08324779999998,60,507586.6629736872,3881235.153253225,52S
2025-08-13 16:00:42,35.0739148,129.08324779999998,60,507586.6629736872,3881235.153253225,52S
2025-08-13 16:00:42,35.0739142,129.0832461,60,507586.508040999,3881235.08658527,52S
2025-08-13 16:00:42,35.0739142,129.0832461,61,507586.508040999,3881235.08658527,52S
2025-08-13 16:00:42,35.0739131,129.08324439999998,61,507586.3531545992,3881234.964468521,52S
2025-08-13 16:00:43,35.0739131,129.08324439999998,60,507586.3531545992,3881234.964468521,52S
2025-08-13 16:00:43,35.0739124,129.0832429,60,507586.21646507486,3881234.886726034,52S
2025-08-13 16:00:43,35.0739124,129.0832429,60,507586.21646507486,3881234.886726034,52S
2025-08-13 16:00:43,35.0739117,129.0832414,60,507586.0797755482,3881234.8089835504,52S
2025-08-13 16:00:43,35.0739117,129.0832414,60,507586.0797755482,3881234.8089835504,52S
2025-08-13 16:00:43,35.073910999999995,129.0832399,60,507585.94308601925,3881234.731241068,52S
2025-08-13 16:00:43,35.073910999999995,129.0832399,60,507585.94308601925,3881234.731241068,52S
2025-08-13 16:00:43,35.0739103,129.0832383,60,507585.7972795322,3881234.653490977,52S
2025-08-13 16:00:43,35.0739096,129.0832366,60,507585.6423560845,3881234.575733277,52S
2025-08-13 16:00:43,35.0739096,129.0832366,60,507585.6423560845,3881234.575733277,52S
2025-08-13 16:00:43,35.0739096,129.0832366,61,507585.6423560845,3881234.575733277,52S
2025-08-13 16:00:43,35.0739089,129.0832351,61,507585.5056665483,3881234.4979908015,52S
2025-08-13 16:00:43,35.0739089,129.0832351,61,507585.5056665483,3881234.4979908015,52S
2025-08-13 16:00:43,35.0739083,129.0832335,61,507585.35985079646,3881234.431330477,52S
2025-08-13 16:00:43,35.0739078,129.0832319,62,507585.2140257829,3881234.3757599127,52S
2025-08-13 16:00:43,35.0739078,129.0832319,62,507585.35985079646,3881234.431330477,52S
2025-08-13 16:00:44,35.0739078,129.0832319,63,507585.2140257829,3881234.3757599127,52S
2025-08-13 16:00:44,35.0739072,129.0832303,63,507585.06821002695,3881234.309099592,52S
2025-08-13 16:00:44,35.0739072,129.0832303,63,507585.06821002695,3881234.309099592,52S
2025-08-13 16:00:44,35.0739066,129.0832282,63,507584.8768094859,3881234.242401224,52S
2025-08-13 16:00:44,35.0739066,129.0832282,63,507584.8768094859,3881234.242401224,52S
2025-08-13 16:00:44,35.073906,129.08322669999998,63,507584.7401106792,3881234.175748519,52S
2025-08-13 16:00:44,35.073906,129.08322669999998,63,507584.7401106792,3881234.175748519,52S
2025-08-13 16:00:44,35.0739053,129.0832251,63,507584.59430417296,3881234.097998447,52S
2025-08-13 16:00:44,35.0739053,129.0832251,62,507584.59430417296,3881234.097998447,52S
2025-08-13 16:00:44,35.0739045,129.08322339999998,62,507584.4393899619,3881234.009151008,52S
2025-08-13 16:00:44,35.0739045,129.08322339999998,62,507584.4393899619,3881234.009151008,52S
2025-08-13 16:00:44,35.0739038,129.0832218,62,507584.2935834505,3881233.9314009417,52S
2025-08-13 16:00:44,35.0739038,129.0832218,62,507584.2935834505,3881233.9314009417,52S
2025-08-13 16:00:44,35.073903099999995,129.0832201,62,507584.1386599824,3881233.8536432674,52S
2025-08-13 16:00:44,35.073903099999995,129.0832201,62,507584.1386599824,3881233.8536432674,52S
2025-08-13 16:00:44,35.0739024,129.0832185,62,507583.9928534613,3881233.775893205,52S
2025-08-13 16:00:45,35.0739024,129.0832185,62,507583.9928534613,3881233.775893205,52S
2025-08-13 16:00:45,35.0739017,129.0832169,62,507583.84704694455,3881233.698143146,52S
2025-08-13 16:00:45,35.0739017,129.0832169,62,507583.84704694455,3881233.698143146,52S
2025-08-13 16:00:45,35.073901,129.08321519999998,62,507583.692123464,3881233.620385479,52S
2025-08-13 16:00:45,35.073901,129.08321519999998,62,507583.692123464,3881233.620385479,52S
2025-08-13 16:00:45,35.0739003,129.0832136,62,507583.54631694,3881233.542635425,52S
2025-08-13 16:00:45,35.0739003,129.0832136,62,507583.54631694,3881233.542635425,52S
2025-08-13 16:00:45,35.0738996,129.083212,62,507583.4005104135,3881233.464885371,52S
2025-08-13 16:00:45,35.073898799999995,129.0832103,62,507583.2455961799,3881233.376037953,52S
2025-08-13 16:00:45,35.073898799999995,129.0832103,62,507583.4005104135,3881233.464885371,52S
2025-08-13 16:00:45,35.073898799999995,129.0832103,62,507583.2455961799,3881233.376037953,52S
2025-08-13 16:00:45,35.0738981,129.0832087,62,507583.09978964814,3881233.2982879058,52S
2025-08-13 16:00:45,35.0738981,129.0832087,62,507583.09978964814,3881233.2982879058,52S
2025-08-13 16:00:45,35.0738974,129.083207,62,507582.9448661544,3881233.220530252,52S
2025-08-13 16:00:45,35.0738974,129.083207,61,507582.9448661544,3881233.220530252,52S
2025-08-13 16:00:45,35.0738967,129.0832054,61,507582.7990596176,3881233.142780209,52S
2025-08-13 16:00:46,35.0738967,129.0832054,61,507582.7990596176,3881233.142780209,52S
2025-08-13 16:00:46,35.0738959,129.0832038,61,507582.6532623324,3881233.053940408,52S
2025-08-13 16:00:46,35.0738959,129.0832038,61,507582.6532623324,3881233.053940408,52S
2025-08-13 16:00:46,35.073895199999995,129.0832021,61,507582.49833883066,3881232.9761827625,52S
2025-08-13 16:00:46,35.073895199999995,129.0832021,61,507582.49833883066,3881232.9761827625,52S
2025-08-13 16:00:46,35.0738945,129.0832005,61,507582.3525322861,3881232.898432728,52S
2025-08-13 16:00:46,35.0738938,129.0831988,61,507582.1976087792,3881232.820675087,52S
2025-08-13 16:00:46,35.0738938,129.0831988,61,507582.3525322861,3881232.898432728,52S
2025-08-13 16:00:46,35.0738938,129.0831988,61,507582.1976087792,3881232.820675087,52S
2025-08-13 16:00:46,35.0738931,129.0831972,61,507582.0518022296,3881232.742925056,52S
2025-08-13 16:00:46,35.0738931,129.0831972,61,507582.0518022296,3881232.742925056,52S
2025-08-13 16:00:46,35.0738923,129.08319559999998,61,507581.90600492834,3881232.6540852687,52S
2025-08-13 16:00:46,35.0738923,129.08319559999998,61,507581.90600492834,3881232.6540852687,52S
2025-08-13 16:00:46,35.073891499999995,129.083194,61,507581.7602076265,3881232.5652454826,52S
2025-08-13 16:00:46,35.073891499999995,129.083194,61,507581.7602076265,3881232.5652454826,52S
2025-08-13 16:00:46,35.0738907,129.0831924,61,507581.61441032187,3881232.4764057,52S
2025-08-13 16:00:47,35.0738907,129.0831924,61,507581.61441032187,3881232.4764057,52S
2025-08-13 16:00:47,35.07389,129.08319079999998,61,507581.4686037595,3881232.39865568,52S
2025-08-13 16:00:47,35.07389,129.08319079999998,61,507581.4686037595,3881232.39865568,52S
2025-08-13 16:00:47,35.0738892,129.0831892,61,507581.3228064493,3881232.3098159,52S
2025-08-13 16:00:47,35.0738892,129.0831892,61,507581.3228064493,3881232.3098159,52S
2025-08-13 16:00:47,35.073888499999995,129.0831875,61,507581.1678829259,3881232.232058277,52S
2025-08-13 16:00:47,35.073888499999995,129.0831875,61,507581.1678829259,3881232.232058277,52S
2025-08-13 16:00:47,35.0738878,129.0831859,61,507581.02207635576,3881232.1543082646,52S
2025-08-13 16:00:47,35.073887,129.0831843,61,507580.8762790373,3881232.065468492,52S
2025-08-13 16:00:47,35.073887,129.0831843,61,507581.02207635576,3881232.1543082646,52S
2025-08-13 16:00:47,35.073887,129.0831843,61,507580.8762790373,3881232.065468492,52S
2025-08-13 16:00:47,35.0738863,129.08318269999998,61,507580.730472462,3881231.9877184825,52S
2025-08-13 16:00:47,35.0738863,129.08318269999998,61,507580.730472462,3881231.9877184825,52S
2025-08-13 16:00:47,35.0738855,129.0831811,61,507580.58467513806,3881231.898878716,52S
2025-08-13 16:00:47,35.0738855,129.0831811,61,507580.58467513806,3881231.898878716,52S
2025-08-13 16:00:47,35.0738848,129.0831794,61,507580.42975160136,3881231.8211211055,52S
2025-08-13 16:00:48,35.0738848,129.0831794,61,507580.42975160136,3881231.8211211055,52S
2025-08-13 16:00:48,35.073884,129.0831777,61,507580.2748373109,3881231.7322737393,52S
2025-08-13 16:00:48,35.073884,129.0831777,61,507580.2748373109,3881231.7322737393,52S
2025-08-13 16:00:48,35.0738833,129.0831764,61,507580.1563816036,3881231.654546554,52S
2025-08-13 16:00:48,35.0738833,129.0831764,61,507580.1563816036,3881231.654546554,52S
2025-08-13 16:00:48,35.0738828,129.0831747,61,507580.00143955735,3881231.598968471,52S
2025-08-13 16:00:48,35.0738828,129.0831747,61,507580.00143955735,3881231.598968471,52S
2025-08-13 16:00:48,35.073882,129.08317309999998,61,507579.85564221774,3881231.510128716,52S
2025-08-13 16:00:48,35.0738813,129.0831714,61,507579.7007186682,3881231.432371116,52S
2025-08-13 16:00:48,35.0738813,129.0831714,61,507579.7007186682,3881231.432371116,52S
2025-08-13 16:00:48,35.0738813,129.0831714,61,507579.7007186682,3881231.432371116,52S
2025-08-13 16:00:48,35.073880599999995,129.0831699,61,507579.56402903405,3881231.354628732,52S
2025-08-13 16:00:48,35.073880599999995,129.0831699,61,507579.56402903405,3881231.354628732,52S
2025-08-13 16:00:48,35.0738798,129.08316829999998,61,507579.4182316863,3881231.265788984,52S
2025-08-13 16:00:48,35.0738798,129.08316829999998,61,507579.4182316863,3881231.265788984,52S
2025-08-13 16:00:48,35.0738791,129.0831667,61,507579.272425088,3881231.188038997,52S
2025-08-13 16:00:49,35.0738791,129.0831667,61,507579.272425088,3881231.188038997,52S
2025-08-13 16:00:49,35.0738785,129.083165,61,507579.1174922782,3881231.121371169,52S
2025-08-13 16:00:49,35.0738785,129.083165,61,507579.1174922782,3881231.121371169,52S
2025-08-13 16:00:49,35.0738777,129.0831633,61,507578.962577963,3881231.032523824,52S
2025-08-13 16:00:49,35.0738777,129.0831633,61,507578.962577963,3881231.032523824,52S
2025-08-13 16:00:49,35.0738768,129.0831619,61,507578.8350237748,3881230.9326095367,52S
2025-08-13 16:00:49,35.0738768,129.0831619,61,507578.8350237748,3881230.9326095367,52S
2025-08-13 16:00:49,35.073876299999995,129.0831603,61,507578.68919866777,3881230.8770390777,52S
2025-08-13 16:00:49,35.073876299999995,129.0831603,61,507578.68919866777,3881230.8770390777,52S
2025-08-13 16:00:49,35.073875699999995,129.0831586,61,507578.5342658461,3881230.810371258,52S
2025-08-13 16:00:49,35.073875699999995,129.0831586,61,507578.5342658461,3881230.810371258,52S
2025-08-13 16:00:49,35.073875,129.08315679999998,61,507578.3702253114,3881230.73260608,52S
2025-08-13 16:00:49,35.073875,129.08315679999998,61,507578.3702253114,3881230.73260608,52S
2025-08-13 16:00:49,35.0738741,129.0831552,61,507578.224437193,3881230.632676592,52S
2025-08-13 16:00:49,35.0738741,129.0831552,61,507578.224437193,3881230.632676592,52S
2025-08-13 16:00:49,35.0738734,129.0831538,61,507578.096864494,3881230.554941832,52S
2025-08-13 16:00:50,35.0738722,129.0831524,60,507577.9693380346,3881230.421758277,52S
2025-08-13 16:00:50,35.0738722,129.0831524,60,507577.9693380346,3881230.421758277,52S
2025-08-13 16:00:50,35.0738722,129.0831524,60,507577.9693380346,3881230.421758277,52S
2025-08-13 16:00:50,35.0738713,129.0831508,60,507577.8235499069,3881230.321828798,52S
2025-08-13 16:00:50,35.0738713,129.0831508,60,507577.8235499069,3881230.321828798,52S
2025-08-13 16:00:50,35.0738704,129.083149,60,507577.6595278533,3881230.221884113,52S
2025-08-13 16:00:50,35.0738704,129.083149,59,507577.6595278533,3881230.221884113,52S
2025-08-13 16:00:50,35.0738696,129.08314769999998,59,507577.54108135175,3881230.1330672046,52S
2025-08-13 16:00:50,35.0738696,129.08314769999998,60,507577.54108135175,3881230.1330672046,52S
2025-08-13 16:00:50,35.0738682,129.08314439999998,60,507577.2403511216,3881229.977559692,52S
2025-08-13 16:00:50,35.0738682,129.08314439999998,60,507577.2403511216,3881229.977559692,52S
2025-08-13 16:00:50,35.0738675,129.0831426,60,507577.0763105633,3881229.899794537,52S
2025-08-13 16:00:50,35.0738675,129.0831426,60,507577.0763105633,3881229.899794537,52S
2025-08-13 16:00:50,35.0738669,129.0831414,60,507576.9669625158,3881229.8331647567,52S
2025-08-13 16:00:51,35.0738669,129.0831414,60,507576.9669625158,3881229.8331647567,52S
2025-08-13 16:00:51,35.0738662,129.0831399,60,507576.8302728343,3881229.755422412,52S
2025-08-13 16:00:51,35.0738662,129.0831399,60,507576.8302728343,3881229.755422412,52S
2025-08-13 16:00:51,35.0738644,129.0831387,60,507576.7210357499,3881229.5557155246,52S
2025-08-13 16:00:51,35.0738644,129.0831387,60,507576.7210357499,3881229.5557155246,52S
2025-08-13 16:00:51,35.0738636,129.0831371,60,507576.5752383456,3881229.4668758223,52S
2025-08-13 16:00:51,35.0738636,129.0831371,59,507576.5752383456,3881229.4668758223,52S
2025-08-13 16:00:51,35.0738628,129.0831355,59,507576.4294409406,3881229.378036124,52S
2025-08-13 16:00:51,35.0738628,129.0831355,59,507576.4294409406,3881229.378036124,52S
2025-08-13 16:00:51,35.073862,129.08313379999998,59,507576.2745265695,3881229.289188826,52S
2025-08-13 16:00:51,35.073862,129.08313379999998,59,507576.2745265695,3881229.289188826,52S
2025-08-13 16:00:51,35.0738612,129.0831322,59,507576.1287291589,3881229.200349132,52S
2025-08-13 16:00:51,35.0738612,129.0831322,60,507576.1287291589,3881229.200349132,52S
2025-08-13 16:00:51,35.073860499999995,129.08313049999998,60,507575.9738055358,3881229.1225915975,52S
2025-08-13 16:00:51,35.073860499999995,129.08313049999998,60,507575.9738055358,3881229.1225915975,52S
2025-08-13 16:00:51,35.0738598,129.0831288,60,507575.8188819125,3881229.044834066,52S
2025-08-13 16:00:52,35.0738598,129.0831288,60,507575.8188819125,3881229.044834066,52S
2025-08-13 16:00:52,35.073859,129.0831272,60,507575.67308449344,3881228.9559943774,52S
2025-08-13 16:00:52,35.073859,129.0831272,60,507575.67308449344,3881228.9559943774,52S
2025-08-13 16:00:52,35.0738582,129.0831255,60,507575.5181701077,3881228.867147093,52S
2025-08-13 16:00:52,35.073857499999995,129.0831239,60,507575.3723634377,3881228.7893971694,52S
2025-08-13 16:00:52,35.073857499999995,129.0831239,60,507575.3723634377,3881228.7893971694,52S
2025-08-13 16:00:52,35.073857499999995,129.0831239,60,507575.3723634377,3881228.7893971694,52S
2025-08-13 16:00:52,35.0738567,129.0831223,60,507575.226566008,3881228.7005574913,52S
2025-08-13 16:00:52,35.0738567,129.0831223,60,507575.226566008,3881228.7005574913,52S
2025-08-13 16:00:52,35.0738559,129.0831206,60,507575.07165161584,3881228.611710213,52S
2025-08-13 16:00:52,35.0738559,129.0831206,60,507575.07165161584,3881228.611710213,52S
2025-08-13 16:00:52,35.0738552,129.0831189,60,507574.9167279738,3881228.533952697,52S
2025-08-13 16:00:52,35.0738552,129.0831189,60,507574.9167279738,3881228.533952697,52S
2025-08-13 16:00:52,35.0738544,129.0831173,60,507574.7709305378,3881228.4451130256,52S
2025-08-13 16:00:52,35.0738544,129.0831173,60,507574.7709305378,3881228.4451130256,52S
2025-08-13 16:00:52,35.0738537,129.0831156,60,507574.6160068903,3881228.367355516,52S
2025-08-13 16:00:53,35.0738537,129.0831156,60,507574.6160068903,3881228.367355516,52S
2025-08-13 16:00:53,35.073853,129.0831139,60,507574.4610832449,3881228.289598007,52S
2025-08-13 16:00:53,35.0738522,129.08311229999998,60,507574.31528579816,3881228.200758341,52S
2025-08-13 16:00:53,35.0738522,129.08311229999998,60,507574.4610832449,3881228.289598007,52S
2025-08-13 16:00:53,35.073851399999995,129.0831107,60,507574.1694883509,3881228.1119186776,52S
2025-08-13 16:00:53,35.073851399999995,129.0831107,60,507574.1694883509,3881228.1119186776,52S
2025-08-13 16:00:53,35.073851399999995,129.0831107,60,507574.1694883509,3881228.1119186776,52S
2025-08-13 16:00:53,35.0738506,129.083109,60,507574.0145739385,3881228.023071419,52S
2025-08-13 16:00:53,35.0738506,129.083109,60,507574.0145739385,3881228.023071419,52S
2025-08-13 16:00:53,35.0738497,129.0831074,60,507573.8687857265,3881227.923142002,52S
2025-08-13 16:00:53,35.0738497,129.0831074,60,507573.8687857265,3881227.923142002,52S
2025-08-13 16:00:53,35.0738489,129.0831057,60,507573.7138713079,3881227.8342947466,52S
2025-08-13 16:00:53,35.0738489,129.0831057,60,507573.7138713079,3881227.8342947466,52S
2025-08-13 16:00:53,35.0738481,129.0831041,60,507573.5680738466,3881227.745455094,52S
2025-08-13 16:00:53,35.0738481,129.0831041,60,507573.5680738466,3881227.745455094,52S
2025-08-13 16:00:53,35.0738475,129.0831025,60,507573.4222578992,3881227.6787949614,52S
2025-08-13 16:00:54,35.0738475,129.0831025,60,507573.4222578992,3881227.6787949614,52S
2025-08-13 16:00:54,35.0738469,129.0831009,60,507573.27644194965,3881227.612134832,52S
2025-08-13 16:00:54,35.0738469,129.0831009,60,507573.27644194965,3881227.612134832,52S
2025-08-13 16:00:54,35.0738462,129.0830992,60,507573.1215182752,3881227.534377346,52S
2025-08-13 16:00:54,35.0738462,129.0830992,61,507573.1215182752,3881227.534377346,52S
2025-08-13 16:00:54,35.0738454,129.0830975,61,507572.9666038428,3881227.445530105,52S
2025-08-13 16:00:54,35.0738454,129.0830975,60,507572.9666038428,3881227.445530105,52S
2025-08-13 16:00:54,35.073844699999995,129.0830961,60,507572.8390310542,3881227.367795419,52S
2025-08-13 16:00:54,35.073844699999995,129.0830961,60,507572.8390310542,3881227.367795419,52S
2025-08-13 16:00:54,35.0738431,129.0830929,60,507572.54743609903,3881227.1901161424,52S
2025-08-13 16:00:54,35.0738431,129.0830929,60,507572.54743609903,3881227.1901161424,52S
2025-08-13 16:00:54,35.073842299999995,129.08309119999998,60,507572.3925216528,3881227.101268912,52S
2025-08-13 16:00:54,35.073842299999995,129.08309119999998,60,507572.3925216528,3881227.101268912,52S
2025-08-13 16:00:54,35.0738414,129.0830896,60,507572.2467334105,3881227.001339521,52S
2025-08-13 16:00:55,35.0738414,129.0830896,60,507572.2467334105,3881227.001339521,52S
2025-08-13 16:00:55,35.0738408,129.08308789999998,60,507572.0918004758,3881226.934671812,52S
2025-08-13 16:00:55,35.0738408,129.08308789999998,60,507572.0918004758,3881226.934671812,52S
2025-08-13 16:00:55,35.07384,129.0830863,60,507571.9460029866,3881226.845832186,52S
2025-08-13 16:00:55,35.0738393,129.0830846,60,507571.7910792901,3881226.7680747225,52S
2025-08-13 16:00:55,35.0738393,129.0830846,60,507571.7910792901,3881226.7680747225,52S
2025-08-13 16:00:55,35.073838599999995,129.0830829,60,507571.6361555886,3881226.6903172624,52S
2025-08-13 16:00:55,35.073838599999995,129.0830829,60,507571.6361555886,3881226.6903172624,52S
2025-08-13 16:00:55,35.073838599999995,129.0830829,61,507571.6361555886,3881226.6903172624,52S
2025-08-13 16:00:55,35.0738379,129.0830813,61,507571.4903488506,3881226.6125674034,52S
2025-08-13 16:00:55,35.0738379,129.0830813,61,507571.4903488506,3881226.6125674034,52S
2025-08-13 16:00:55,35.0738372,129.0830798,61,507571.35365907394,3881226.5348251415,52S
2025-08-13 16:00:55,35.0738372,129.0830798,60,507571.35365907394,3881226.5348251415,52S
2025-08-13 16:00:55,35.0738364,129.0830782,60,507571.2078615688,3881226.4459855272,52S
2025-08-13 16:00:55,35.0738364,129.0830782,60,507571.2078615688,3881226.4459855272,52S
2025-08-13 16:00:55,35.073835599999995,129.0830766,60,507571.0620640631,3881226.3571459134,52S
2025-08-13 16:00:56,35.073835599999995,129.0830766,60,507571.0620640631,3881226.3571459134,52S
2025-08-13 16:00:56,35.0738349,129.083075,60,507570.9162573149,3881226.279396061,52S
2025-08-13 16:00:56,35.0738341,129.0830734,60,507570.7704598013,3881226.190556456,52S
2025-08-13 16:00:56,35.0738341,129.0830734,60,507570.9162573149,3881226.279396061,52S
2025-08-13 16:00:56,35.0738341,129.0830734,60,507570.7704598013,3881226.190556456,52S
2025-08-13 16:00:56,35.0738333,129.0830717,60,507570.615545323,3881226.101709253,52S
2025-08-13 16:00:56,35.0738333,129.0830717,60,507570.615545323,3881226.101709253,52S
2025-08-13 16:00:56,35.0738326,129.08307,60,507570.46062160016,3881226.0239518126,52S
2025-08-13 16:00:56,35.0738318,129.0830684,60,507570.3148240805,3881225.935112214,52S
2025-08-13 16:00:56,35.0738318,129.0830684,60,507570.46062160016,3881226.0239518126,52S
2025-08-13 16:00:56,35.0738318,129.0830684,60,507570.3148240805,3881225.935112214,52S
2025-08-13 16:00:56,35.0738311,129.08306679999998,60,507570.1690173167,3881225.857362374,52S
2025-08-13 16:00:56,35.0738311,129.08306679999998,60,507570.1690173167,3881225.857362374,52S
2025-08-13 16:00:56,35.0738303,129.0830652,60,507570.0232197915,3881225.7685227785,52S
2025-08-13 16:00:57,35.0738303,129.0830652,60,507570.0232197915,3881225.7685227785,52S
2025-08-13 16:00:57,35.0738288,129.08306199999998,60,507569.7316154918,3881225.6019333526,52S
2025-08-13 16:00:57,35.0738288,129.08306199999998,60,507569.7316154918,3881225.6019333526,52S
2025-08-13 16:00:57,35.0738281,129.0830604,60,507569.5858087201,3881225.524183523,52S
2025-08-13 16:00:57,35.0738281,129.0830604,60,507569.5858087201,3881225.524183523,52S
2025-08-13 16:00:57,35.0738274,129.08305869999998,60,507569.4308849786,3881225.4464261015,52S
2025-08-13 16:00:57,35.0738274,129.08305869999998,61,507569.4308849786,3881225.4464261015,52S
2025-08-13 16:00:57,35.0738267,129.0830571,61,507569.28507820185,3881225.368676277,52S
2025-08-13 16:00:57,35.0738267,129.0830571,61,507569.28507820185,3881225.368676277,52S
2025-08-13 16:00:57,35.073826,129.0830555,61,507569.1392714226,3881225.2909264537,52S
2025-08-13 16:00:57,35.073826,129.0830555,61,507569.1392714226,3881225.2909264537,52S
2025-08-13 16:00:57,35.0738254,129.0830538,61,507568.984338436,3881225.2242587977,52S
2025-08-13 16:00:57,35.0738248,129.0830522,61,507568.8385224146,3881225.157598739,52S
2025-08-13 16:00:57,35.0738248,129.0830522,62,507568.8385224146,3881225.157598739,52S
2025-08-13 16:00:57,35.0738248,129.0830522,62,507568.8385224146,3881225.157598739,52S
2025-08-13 16:00:57,35.0738245,129.0830506,62,507568.69267868006,3881225.124207961,52S
2025-08-13 16:00:58,35.0738239,129.083049,62,507568.54686265264,3881225.057547907,52S
2025-08-13 16:00:58,35.0738239,129.083049,63,507568.54686265264,3881225.057547907,52S
2025-08-13 16:00:58,35.0738239,129.083049,62,507568.54686265264,3881225.057547907,52S
2025-08-13 16:00:58,35.0738225,129.083046,62,507568.273483,3881224.902063475,52S
2025-08-13 16:00:58,35.0738225,129.083046,62,507568.273483,3881224.902063475,52S
2025-08-13 16:00:58,35.0738218,129.0830445,62,507568.1367931701,3881224.8243212607,52S
2025-08-13 16:00:58,35.0738211,129.08304289999998,62,507567.99098637,3881224.746571457,52S
2025-08-13 16:00:58,35.0738211,129.08304289999998,62,507567.99098637,3881224.746571457,52S
2025-08-13 16:00:58,35.0738211,129.08304289999998,62,507567.99098637,3881224.746571457,52S
2025-08-13 16:00:58,35.073820399999995,129.0830413,62,507567.8451795697,3881224.668821656,52S
2025-08-13 16:00:58,35.073820399999995,129.0830413,62,507567.8451795697,3881224.668821656,52S
2025-08-13 16:00:58,35.073819,129.0830382,62,507567.5626829276,3881224.5133296526,52S
2025-08-13 16:00:59,35.073819,129.0830382,61,507567.5626829276,3881224.5133296526,52S
2025-08-13 16:00:59,35.0738183,129.0830367,61,507567.4259930858,3881224.4355874495,52S
2025-08-13 16:00:59,35.0738183,129.0830367,61,507567.4259930858,3881224.4355874495,52S
2025-08-13 16:00:59,35.0738176,129.08303519999998,61,507567.2893032394,3881224.357845249,52S
2025-08-13 16:00:59,35.0738176,129.08303519999998,60,507567.2893032394,3881224.357845249,52S
2025-08-13 16:00:59,35.0738168,129.0830337,60,507567.1526226258,3881224.2690132926,52S
2025-08-13 16:00:59,35.0738168,129.0830337,60,507567.1526226258,3881224.2690132926,52S
2025-08-13 16:00:59,35.0738161,129.0830322,60,507567.0159327769,3881224.1912710974,52S
2025-08-13 16:00:59,35.0738161,129.0830322,60,507567.0159327769,3881224.1912710974,52S
2025-08-13 16:00:59,35.073815499999995,129.08303089999998,60,507566.8974676233,3881224.124633847,52S
2025-08-13 16:00:59,35.073815499999995,129.08303089999998,60,507566.8974676233,3881224.124633847,52S
2025-08-13 16:00:59,35.0738148,129.0830294,60,507566.76077777,3881224.046891655,52S
2025-08-13 16:00:59,35.0738148,129.0830294,60,507566.76077777,3881224.046891655,52S
2025-08-13 16:00:59,35.0738141,129.0830279,60,507566.6240879144,3881223.969149464,52S
