x,y,Z
302471.5964,4123731.506,1
302472.0813,4123732.38,2
302472.5703,4123733.252,3
302473.0549,4123734.127,4
302473.5391,4123735.002,5
302474.0246,4123735.876,6
302474.5097,4123736.751,7
302474.9935,4123737.626,8
302475.4758,4123738.502,9
302475.9599,4123739.377,10
302476.4446,4123740.252,11
302476.932,4123741.125,12
302477.417,4123741.999,13
302477.9024,4123742.874,14
302478.3883,4123743.748,15
302478.8687,4123744.625,16
302479.3534,4123745.499,17
302479.8436,4123746.371,18
302480.3177,4123747.251,19
302480.8023,4123748.126,20
302481.2971,4123748.995,21
302481.7845,4123749.868,22
302482.265,4123750.745,23
302482.7495,4123751.62,24
302483.2392,4123752.492,25
302483.723,4123753.367,26
302484.1993,4123754.246,27
302484.6857,4123755.12,28
302485.1699,4123755.995,29
302485.6575,4123756.868,30
302486.1442,4123757.741,31
302486.6281,4123758.617,32
302487.1068,4123759.495,33
302487.5868,4123760.372,34
302488.0726,4123761.246,35
302488.565,4123762.116,36
302489.0485,4123762.991,37
302489.5326,4123763.866,38
302490.0188,4123764.74,39
302490.5039,4123765.615,40
302490.9889,4123766.489,41
302491.4712,4123767.365,42
302491.9535,4123768.241,43
302492.4437,4123769.113,44
302492.9294,4123769.987,45
302493.4087,4123770.864,46
302493.8939,4123771.739,47
302494.372,4123772.617,48
302494.8682,4123773.485,49
302495.3666,4123774.352,50
302495.8634,4123775.22,51
302496.3468,4123776.095,52
302496.8711,4123776.946,53
302497.3622,4123777.817,54
302497.845,4123778.693,55
302498.5132,4123779.696,56
302499.0795,4123780.52,57
302499.6457,4123781.345,58
302500.2121,4123782.169,59
302500.9584,4123782.832,60
302501.7137,4123783.488,61
302503.4035,4123784.555,62
302504.2531,4123785.083,63
302505.1679,4123785.46,64
302506.133,4123785.722,65
302507.1197,4123785.722,66
302508.1146,4123785.622,67
302509.1079,4123785.507,68
302510.385,4123785.353,69
302511.2669,4123784.882,70
302512.1489,4123784.41,71
302513.0309,4123783.939,72
302514.795,4123782.997,72.5
302513.9129,4123783.468,73
302515.6754,4123782.523,74
302516.5511,4123782.04,75
302517.4269,4123781.557,76
302518.3021,4123781.073,77
302519.1762,4123780.588,78
302520.0505,4123780.102,79
302520.9249,4123779.617,80
302521.799,4123779.131,81
302522.6733,4123778.646,82
302523.5478,4123778.161,83
302524.422,4123777.675,84
302525.297,4123777.191,85
302526.1726,4123776.708,86
302527.049,4123776.226,87
302527.9256,4123775.745,88
302528.8022,4123775.264,89
302529.6758,4123774.778,90
302530.5485,4123774.289,91
302531.4213,4123773.801,92
302532.471,4123773.21,93
302533.3788,4123772.791,94
302534.2867,4123772.372,95
302535.1946,4123771.952,96
302536.1648,4123771.715,97
302537.1394,4123771.492,98
302538.1204,4123771.308,99
302539.1165,4123771.219,100
302540.1125,4123771.131,101
302541.7411,4123770.587,102
302542.5361,4123769.98,103
302543.331,4123769.374,104
302544.1259,4123768.767,105
302544.921,4123768.161,106
302545.7162,4123767.554,107
302546.5114,4123766.948,108
302547.3065,4123766.341,109
302548.1016,4123765.735,110
302548.8967,4123765.128,111
302549.6917,4123764.522,112
302550.4867,4123763.915,113
302551.2817,4123763.309,114
302552.0768,4123762.702,115
302552.8719,4123762.096,116
302553.667,4123761.489,117
302554.1291,4123761.229,118
302555.0007,4123760.739,119
302555.8726,4123760.249,120
302556.7451,4123759.761,121
302557.6196,4123759.275,122
302558.495,4123758.792,123
302559.3704,4123758.309,124
302560.2458,4123757.825,125
302561.1199,4123757.34,126
302561.9952,4123756.856,127
302562.8702,4123756.372,128
302563.7444,4123755.886,129
302564.6189,4123755.402,130
302565.4942,4123754.919,130.5
302566.3702,4123754.437,131
302567.2457,4123753.953,132
302568.1197,4123753.467,133
302568.9988,4123752.992,134
302569.8757,4123752.511,135
302570.7548,4123752.035,136
302571.6356,4123751.561,137
302572.5205,4123751.095,138
302573.4046,4123750.628,139
302574.2882,4123750.16,140
302575.1735,4123749.695,141
302576.0627,4123749.237,142
302576.956,4123748.788,143
302577.8539,4123748.348,144
302578.7578,4123747.92,145
302579.6675,4123747.505,146
302580.5814,4123747.099,147
302581.4949,4123746.693,148
302582.4279,4123746.333,149
302583.3632,4123745.98,150
302584.3038,4123745.64,151
302585.2497,4123745.316,152
302586.2068,4123745.026,153
302587.1687,4123744.753,154
302588.1347,4123744.498,155
302589.1121,4123744.286,156
302590.0885,4123744.07,157
302591.0712,4123743.887,158
302592.0584,4123743.728,159
302593.0476,4123743.582,160
302594.0394,4123743.455,161
302595.032,4123743.334,162
302596.0279,4123743.245,164
302597.0232,4123743.149,165
302598.0213,4123743.089,166
302599.02,4123743.039,167
302600.019,4123742.995,168
302601.019,4123742.993,169
302602.0188,4123742.973,170
302603.0183,4123742.99,171
302604.0165,4123743.048,172
302605.0135,4123743.126,173
302606.0077,4123743.232,174
302607.0018,4123743.341,175
302607.9936,4123743.468,176
302608.9818,4123743.622,177
302609.9666,4123743.795,178
302610.9472,4123743.991,179
302611.9252,4123744.199,180
302612.8985,4123744.428,181
302613.8716,4123744.659,182
302614.8327,4123744.934,183
302615.7922,4123745.216,184
302616.745,4123745.519,185
302617.6928,4123745.838,186
302618.6323,4123746.181,187
302619.57,4123746.528,188
302620.4986,4123746.898,189
302621.4159,4123747.296,190
302622.3318,4123747.698,191
302623.2408,4123748.114,192
302624.1324,4123748.567,193
302625.0158,4123749.035,194
302626.7478,4123750.035,195
302625.8873,4123749.525,195
302627.6011,4123750.556,196
302628.4429,4123751.096,197
302629.284,4123751.637,198
302630.099,4123752.216,199
302630.9137,4123752.795,200
302631.7292,4123753.374,201
302632.5281,4123753.976,202
302633.3112,4123754.597,203
302634.0769,4123755.24,204
302634.8323,4123755.896,205
302635.5742,4123756.566,206
302636.3065,4123757.247,207
302637.0307,4123757.936,208
302637.741,4123758.64,209
302638.4254,4123759.369,210
302639.1011,4123760.106,211
302639.7804,4123760.84,212
302640.4421,4123761.59,213
302641.0956,4123762.347,214
302641.7398,4123763.112,215
302642.3526,4123763.902,216
302642.9589,4123764.697,217
302643.5562,4123765.499,218
302644.1426,4123766.309,219
302644.707,4123767.134,220
302645.2541,4123767.971,221
302645.7869,4123768.817,222
302646.3133,4123769.668,223
302646.8151,4123770.533,224
302647.3187,4123771.397,225
302647.81,4123772.267,226
302648.2862,4123773.147,227
302648.7598,4123774.027,228
302649.228,4123774.911,229
302649.6643,4123775.811,230
302650.0888,4123776.716,231
302650.5079,4123777.624,232
302650.9167,4123778.537,233
302651.313,4123779.455,234
302651.6946,4123780.379,235
302652.0667,4123781.307,236
302652.4303,4123782.239,237
302652.7725,4123783.178,238
302653.0973,4123784.124,239
302653.4177,4123785.071,240
302653.7323,4123786.02,241
302654.0423,4123786.971,242
302654.3465,4123787.924,243
302654.6276,4123788.883,244
302654.8999,4123789.846,245
302655.1571,4123790.812,246
302655.4107,4123791.779,247
302655.6426,4123792.752,248
302655.8654,4123793.727,249
302656.0839,4123794.703,250
302656.3013,4123795.679,251
302656.5156,4123796.655,252
302656.715,4123797.635,253
302656.9086,4123798.616,254
302657.0973,4123799.598,255
302657.2799,4123800.581,256
302657.4515,4123801.567,257
302657.6203,4123802.552,258
302657.7788,4123803.54,259
302657.9266,4123804.529,260
302658.0769,4123805.517,261
302658.2177,4123806.507,262
302658.479,4123807.625,263
302658.479,4123807.625,264
302658.2177,4123806.507,265
302658.0769,4123805.517,266
302657.9266,4123804.529,267
302669.523,4123810.035,268
302669.5266,4123809.035,269
302657.7788,4123803.54,270
302669.5231,4123808.035,271
302669.5068,4123804.035,272
302669.5107,4123805.035,273
302669.5011,4123802.833,274
302669.5146,4123806.035,275
302669.5188,4123807.035,276
302669.523,4123810.035,277
302669.5266,4123809.035,278
302669.5231,4123808.035,279
302669.5188,4123807.035,280
302669.5146,4123806.035,281
302669.5107,4123805.035,282
302669.5068,4123804.035,283
302669.5011,4123802.833,284
302669.4972,4123801.833,285
302669.4933,4123800.833,286
302669.4886,4123799.833,287
302669.4869,4123798.833,288
302669.5004,4123797.833,289
302669.531,4123796.834,290
302669.5371,4123795.834,291
302669.5454,4123794.834,292
302669.551,4123793.834,293
302669.5513,4123792.834,294
302669.5529,4123791.834,295
302669.556,4123790.834,296
302669.5591,4123789.834,297
302669.56,4123788.834,298
302669.5605,4123787.834,299
302669.5653,4123786.834,300
302669.5718,4123785.834,301
302669.5776,4123784.834,302
302669.5826,4123783.834,303
302669.5895,4123782.834,304
302669.595,4123781.846,305
302669.5981,4123780.846,306
302669.6016,4123779.846,307
302669.6053,4123778.846,308
302669.6091,4123777.846,309
302669.6123,4123776.846,310
302669.6225,4123775.846,311
302669.6306,4123774.846,312
302669.6335,4123773.846,313
302669.6442,4123772.846,314
302669.6561,4123771.846,315
302669.668,4123770.846,316
302669.6704,4123769.846,317
302669.6723,4123768.846,318
302669.6748,4123767.846,319
302669.6972,4123766.847,320
302669.6953,4123765.847,321
302669.7021,4123764.848,322
302669.6892,4123763.848,323
302669.6761,4123762.848,324
302669.664,4123761.917,325
302669.6508,4123760.917,326
302669.6376,4123759.917,327
302669.625,4123758.917,328
302669.612,4123757.917,329
302669.5988,4123756.917,330
302669.5857,4123755.918,331
302669.5725,4123754.918,332
302669.5594,4123753.918,333
302669.5462,4123752.918,334
302669.5331,4123751.918,335
302669.52,4123750.918,336
302669.5071,4123749.918,337
302669.4942,4123748.918,338
302669.4812,4123747.918,339
302669.4597,4123746.919,340
302669.4077,4123745.92,341
302669.3555,4123744.921,342
302669.3039,4123743.923,343
302669.2519,4123742.924,344
302669.1995,4123741.925,345
302669.1474,4123740.927,346
302669.0956,4123739.928,347
302669.0437,4123738.929,348
302668.9918,4123737.931,349
302668.9116,4123736.934,350
302668.8072,4123735.94,351
302668.7029,4123734.945,352
302668.5987,4123733.951,353
302668.4945,4123732.956,354
302668.3903,4123731.962,355
302668.2366,4123730.974,356
302668.0539,4123729.991,357
302667.8713,4123729.008,358
302667.6889,4123728.025,359
302667.5065,4123727.041,360
302667.3241,4123726.058,361
302667.1417,4123725.075,362
302666.9351,4123724.097,363
302666.7117,4123723.122,364
302666.4876,4123722.147,365
302666.2636,4123721.173,366
302666.04,4123720.198,367
302665.8164,4123719.223,368
302665.5927,4123718.249,369
302665.3263,4123717.286,370
302665.0317,4123716.33,371
302664.7222,4123715.379,372
302664.4087,4123714.43,373
302664.0951,4123713.48,374
302663.7815,4123712.53,375
302663.4675,4123711.581,376
302663.1474,4123710.634,377
302662.7941,4123709.698,378
302662.4407,4123708.763,379
302662.0872,4123707.827,380
302661.7335,4123706.892,381
302661.206,4123705.495,382
302660.8021,4123704.58,383
302660.398,4123703.665,384
302659.9938,4123702.751,385
302659.5899,4123701.836,386
302659.1854,4123700.921,387
302658.781,4123700.007,388
302658.3773,4123699.092,389
302657.9728,4123698.177,390
302657.5687,4123697.263,391
302657.1038,4123696.377,392
302656.639,4123695.492,393
302656.1741,4123694.607,394
302655.7097,4123693.721,395
302655.2452,4123692.835,396
302654.7801,4123691.95,397
302654.3154,4123691.065,398
302653.851,4123690.179,399
302653.3859,4123689.294,400
302652.8624,4123688.442,401
302652.3391,4123687.59,402
302651.816,4123686.737,403
302651.293,4123685.885,404
302650.7702,4123685.033,405
302650.2469,4123684.18,406
302649.7239,4123683.328,407
302649.2004,4123682.476,408
302648.685,4123681.636,409
302648.1161,4123680.814,410
302647.5474,4123679.991,411
302646.9783,4123679.169,412
302646.4094,4123678.346,413
302645.8405,4123677.524,414
302645.2368,4123676.728,415
302644.5763,4123675.978,416
302643.9316,4123675.214,417
302643.2954,4123674.444,418
302642.6582,4123673.674,418
302642.0173,4123672.908,419
302641.3202,4123672.191,420
302640.6461,4123671.453,421
302639.9748,4123670.712,422
302639.2624,4123670.012,423
302638.611,4123669.253,424
302637.9072,4123668.545,425
302637.2043,4123667.834,426
302636.4689,4123667.158,427
302635.7397,4123666.474,428
302635.013,4123665.788,429
302634.2811,4123665.107,430
302633.5548,4123664.42,431
302632.7641,4123663.808,432
302632.0046,4123663.159,433
302631.2305,4123662.527,434
302630.4896,4123661.855,435
302629.7156,4123661.225,436
302628.9125,4123660.629,437
302628.1153,4123660.025,438
302627.3146,4123659.426,439
302626.5125,4123658.829,440
302625.7015,4123658.244,441
302624.8781,4123657.677,442
302624.0692,4123657.089,443
302623.252,4123656.513,444
302622.4243,4123655.951,445
302621.585,4123655.408,446
302620.7402,4123654.873,447
302619.9026,4123654.327,448
302619.0562,4123653.794,449
302618.203,4123653.272,450
302617.3442,4123652.76,451
302616.483,4123652.252,452
302615.6109,4123651.763,453
302614.7416,4123651.269,454
302613.8712,4123650.776,455
302612.9992,4123650.287,456
302612.1231,4123649.805,457
302611.2492,4123649.319,458
302610.3678,4123648.846,459
302609.4847,4123648.377,460
302608.6008,4123647.909,461
302607.7178,4123647.44,462
302606.8342,4123646.972,463
302605.9506,4123646.503,464
302605.0676,4123646.034,465
302604.1842,4123645.566,466
302603.3006,4123645.097,467
302602.4178,4123644.628,468
302601.5377,4123644.153,469
302600.6569,4123643.679,470
302599.7759,4123643.206,471
302598.8956,4123642.732,472
302598.0151,4123642.258,473
302597.134,4123641.785,474
302596.2539,4123641.31,475
302595.372,4123640.839,476
302594.4904,4123640.367,477
302593.6102,4123639.892,478
302592.7283,4123639.421,479
302591.8468,4123638.949,480
302590.9665,4123638.474,481
302590.0854,4123638.001,482
302589.2048,4123637.527,483
302588.3235,4123637.055,484
302587.4422,4123636.582,485
302586.561,4123636.11,486
302585.6796,4123635.637,487
302584.7983,4123635.165,488
302583.9168,4123634.692,489
302583.0356,4123634.22,490
302582.1541,4123633.748,491
302581.2725,4123633.276,492
302580.3912,4123632.803,493
302579.51,4123632.33,494
302578.6283,4123631.859,495
302577.7487,4123631.383,496
302576.8683,4123630.909,497
302575.9868,4123630.436,498
302575.1051,4123629.965,499
302574.2235,4123629.493,500
302573.342,4123629.021,501
302572.4614,4123628.547,502
302571.5812,4123628.072,503
302570.7009,4123627.598,504
302569.8207,4123627.123,505
302568.9405,4123626.648,506
302568.0606,4123626.173,507
302567.1827,4123625.694,508
302566.3039,4123625.217,509
302565.4238,4123624.742,510
302564.5429,4123624.269,511
302563.6623,4123623.795,512
302562.7824,4123623.32,513
302561.9013,4123622.847,514
302561.0205,4123622.374,515
302560.1403,4123621.899,516
302559.2591,4123621.426,517
302558.3785,4123620.953,518
302557.4983,4123620.478,519
302556.6178,4123620.004,520
302555.7379,4123619.529,521
302554.8573,4123619.055,522
302553.9769,4123618.581,523
302553.0968,4123618.106,524
302552.2157,4123617.633,525
302551.334,4123617.161,526
302550.4517,4123616.691,527
302549.5697,4123616.219,528
302548.6877,4123615.748,529
302547.8054,4123615.277,530
302546.9235,4123614.806,531
302546.0417,4123614.334,532
302545.159,4123613.864,533
302544.2771,4123613.393,534
302543.396,4123612.92,535
302542.5148,4123612.447,536
302541.6321,4123611.977,537
302540.751,4123611.504,538
302539.8697,4123611.032,539
302538.9873,4123610.561,540
302538.1059,4123610.089,541
302537.2246,4123609.616,542
302536.3419,4123609.147,543
302535.4608,4123608.674,544
302534.579,4123608.202,545
302533.6967,4123607.731,546
302532.8137,4123607.262,547
302531.932,4123606.79,548
302531.0518,4123606.316,549
302530.169,4123605.846,550
302529.2872,4123605.375,551
302528.407,4123604.9,552
302527.5243,4123604.43,553
302526.6411,4123603.961,554
302525.7608,4123603.487,555
302524.8807,4123603.012,556
302523.9979,4123602.542,557
302523.1103,4123602.082,558
302522.2176,4123601.631,559
302521.3259,4123601.178,560
302520.4218,4123600.752,561
302519.5109,4123600.339,562
302518.6082,4123599.91,563
302517.6871,4123599.52,564
302516.7675,4123599.128,565
302515.8424,4123598.748,566
302514.909,4123598.39,567
302513.9667,4123598.055,568
302513.0155,4123597.747,569
302512.0631,4123597.442,570
302511.1072,4123597.148,571
302510.144,4123596.88,572
302509.1806,4123596.612,573
302508.19,4123596.29,574
