index,ros_time_sec,latitude,longitude,altitude_m,utm_easting_m,utm_northing_m,utm_zone,fix_status,covariance_x_m2,covariance_y_m2,target_speed
0,1789477504.527749538,35.0744608333,129.0883566667,8.700,508055.3824,3881304.1078,52N,2,0.9801,0.9801,2.778
1,1789477517.777731657,35.0744658333,129.0883658333,8.600,508056.2176,3881304.6630,52N,2,0.9801,0.9801,2.778
2,1789477519.528038263,35.0744711667,129.0883765000,8.700,508057.1896,3881305.2554,52N,2,1.0404,1.0404,2.778
3,1789477520.784819126,35.0744763333,129.0883865000,8.600,508058.1008,3881305.8291,52N,2,1.0404,1.0404,2.778
4,1789477521.778746128,35.0744811667,129.0883960000,8.700,508058.9664,3881306.3659,52N,2,1.0404,1.0404,2.778
5,1789477522.776933670,35.0744866667,129.0884068333,8.600,508059.9535,3881306.9767,52N,2,1.0404,1.0404,2.778
6,1789477523.783201218,35.0744918333,129.0884166667,8.600,508060.8495,3881307.5505,52N,2,1.0404,1.0404,2.778
7,1789477525.045594454,35.0744961667,129.0884263333,8.600,508061.7304,3881308.0318,52N,2,1.0404,1.0404,2.778
8,1789477526.526572227,35.0745010000,129.0884368333,8.600,508062.6872,3881308.5687,52N,2,0.9801,0.9801,2.778
9,1789477527.791522503,35.0745058333,129.0884481667,8.700,508063.7200,3881309.1056,52N,2,1.0404,1.0404,2.778
10,1789477528.789433479,35.0745103333,129.0884586667,8.700,508064.6768,3881309.6055,52N,2,0.9801,0.9801,2.778
11,1789477529.783463955,35.0745148333,129.0884693333,8.700,508065.6488,3881310.1054,52N,2,0.9801,0.9801,2.778
12,1789477531.029937029,35.0745191667,129.0884798333,8.700,508066.6057,3881310.5868,52N,2,0.9801,0.9801,2.778
13,1789477532.793060780,35.0745238333,129.0884915000,8.700,508067.6688,3881311.1053,52N,2,1.0404,1.0404,2.778
14,1789477534.047563791,35.0745278333,129.0885018333,8.700,508068.6105,3881311.5497,52N,2,0.9801,0.9801,2.778
15,1789477535.286679268,35.0745325000,129.0885141667,8.700,508069.7345,3881312.0682,52N,2,1.0404,1.0404,2.778
16,1789477536.789264679,35.0745371667,129.0885246667,8.700,508070.6913,3881312.5866,52N,2,0.9801,0.9801,2.778
