utm_easting_m,utm_northing_m,id,distance,angle
507932.453464489,3881137.32327386,1,0,67.8868737602016
507933.379536327,3881137.6995598,1,1,67.8868737602016
507934.305608165,3881138.07584575,1,2,67.8868737602016
507935.231680004,3881138.45213169,1,3,67.8868737602016
507936.15775184,3881138.82841763,1,4,67.8868737602016
507937.083823679,3881139.20470357,1,5,67.8868737602016
507938.009895518,3881139.58098952,1,6,67.8868737602016
507938.935967355,3881139.95727546,1,7,67.8868737602016
507939.862039192,3881140.3335614,1,8,67.8868737602016
507940.788111032,3881140.70984734,1,9,67.8868737602016
507941.714182869,3881141.08613329,1,10,67.8868737602016
507942.640254706,3881141.46241923,1,11,67.8868737602016
507943.566326546,3881141.83870517,1,12,67.8868737602016
507944.492398384,3881142.21499112,1,13,67.8868737602016
507945.418470222,3881142.59127706,1,14,67.8868737602016
507946.344542061,3881142.967563,1,15,67.8868737602016
507947.270613897,3881143.34384895,1,16,67.8868737602016
507948.196685735,3881143.72013489,1,17,67.8868737602016
507949.122757574,3881144.09642083,1,18,67.8868737602016
507950.048829413,3881144.47270677,1,19,67.8868737602016
507950.97490125,3881144.84899272,1,20,67.8868737602016
507951.900973089,3881145.22527866,1,21,67.8868737602016
507952.827044926,3881145.6015646,1,22,67.8868737602016
507953.753116763,3881145.97785054,1,23,67.8868737602016
507954.679188603,3881146.35413649,1,24,67.8868737602016
507955.60526044,3881146.73042243,1,25,67.8868737602016
507956.531332278,3881147.10670837,1,26,67.8868737602016
507957.457404116,3881147.48299432,1,27,67.8868737602016
507958.383475954,3881147.85928026,1,28,67.8868737602016
507959.309547792,3881148.2355662,1,29,67.8868737602016
507960.235619631,3881148.61185214,1,30,67.8868737602016
507961.161691469,3881148.98813809,1,31,67.8868737602016
507962.087763306,3881149.36442403,1,32,67.8868737602016
507963.013835145,3881149.74070997,1,33,67.8868737602016
507963.939906984,3881150.11699592,1,34,67.8868737602016
507964.865978821,3881150.49328186,1,35,67.8868737602016
507965.79205066,3881150.8695678,1,36,67.8868737602016
507966.718122497,3881151.24585374,1,37,67.8868737602016
507967.644194335,3881151.62213968,1,38,67.8868737602016
507968.570266172,3881151.99842563,1,39,67.8868737602016
507969.496338012,3881152.37471157,1,40,67.8868737602016
507970.42240985,3881152.75099751,1,41,67.8868737602016
507971.348481688,3881153.12728346,1,42,67.8868737602016
507972.274553527,3881153.5035694,1,43,67.8868737602016
507973.200625363,3881153.87985534,1,44,67.8868737602016
507974.126697201,3881154.25614128,1,45,67.8868737602016
507975.05276904,3881154.63242723,1,46,67.8868737602016
507975.978840879,3881155.00871317,1,47,67.8868737602016
507976.904912716,3881155.38499911,1,48,67.8868737602016
507977.830984555,3881155.76128506,1,49,67.8868737602016
507978.757056392,3881156.137571,1,50,67.8868737602016
507979.683128229,3881156.51385694,1,51,67.8868737602016
507980.609200069,3881156.89014288,1,52,67.8868737602016
507981.535271907,3881157.26642883,1,53,67.8868737602016
507982.461343745,3881157.64271477,1,54,67.8868737602016
507983.387415582,3881158.01900071,1,55,67.8868737602016
507984.313487421,3881158.39528666,1,56,67.8868737602016
507985.239559259,3881158.7715726,1,57,67.8868737602016
507986.165631097,3881159.14785854,1,58,67.8868737602016
507987.091702936,3881159.52414448,1,59,67.8868737602016
507988.017774772,3881159.90043043,1,60,67.8868737602016
507988.943846611,3881160.27671637,1,61,67.8868737602016
507989.869918448,3881160.65300231,1,62,67.8868737602016
507990.795990287,3881161.02928826,1,63,67.8868737602016
507991.722062124,3881161.4055742,1,64,67.8868737602016
507992.648133964,3881161.78186014,1,65,67.8868737602016
507993.574205802,3881162.15814608,1,66,67.8868737602016
507994.500277639,3881162.53443203,1,67,67.8868737602016
507995.426349477,3881162.91071797,1,68,67.8868737602016
507996.352421315,3881163.28700391,1,69,67.8868737602016
507997.278493153,3881163.66328985,1,70,67.8868737602016
507998.204564991,3881164.0395758,1,71,67.8868737602016
507999.13063683,3881164.41586174,1,72,67.8868737602016
508000.056708668,3881164.79214768,1,73,67.8868737602016
508000.982780507,3881165.16843363,1,74,67.8868737602016
508001.908852344,3881165.54471957,1,75,67.8868737602016
508002.834924183,3881165.92100551,1,76,67.8868737602016
508003.76099602,3881166.29729145,1,77,67.8868737602016
508004.687067859,3881166.6735774,1,78,67.8868737602016
508005.613139697,3881167.04986334,1,79,67.8868737602016
508006.539211534,3881167.42614928,1,80,67.8868737602016
508007.465283372,3881167.80243522,1,81,67.8868737602016
508008.39135521,3881168.17872117,1,82,67.8868737602016
508009.317427048,3881168.55500711,1,83,67.8868737602016
508010.243498886,3881168.93129305,1,84,67.8868737602016
508011.169570724,3881169.307579,1,85,67.8868737602016
508012.095642563,3881169.68386494,1,86,67.8868737602016
508013.021714401,3881170.06015088,1,87,67.8868737602016
508013.94778624,3881170.43643682,1,88,67.8868737602016
508014.873858077,3881170.81272277,1,89,67.8868737602016
508015.799929916,3881171.18900871,1,90,67.8868737602016
508016.726001753,3881171.56529465,1,91,67.8868737602016
508017.652073592,3881171.9415806,1,92,67.8868737602016
508018.57814543,3881172.31786654,1,93,67.8868737602016
508019.504217267,3881172.69415248,1,94,67.8868737602016
508020.430289105,3881173.07043842,1,95,67.8868737602016
508021.356360943,3881173.44672436,1,96,67.8868737602016
508022.282432781,3881173.82301031,1,97,67.8868737602016
508023.208504619,3881174.19929625,1,98,67.8868737602016
508024.134576457,3881174.57558219,1,99,67.8868737602016
508025.060648296,3881174.95186814,1,100,67.8868737602016
508025.986720135,3881175.32815408,1,101,67.8868737602016
508026.912791971,3881175.70444002,1,102,67.8868737602016
508027.83886381,3881176.08072597,1,103,67.8868737602016
508028.764935649,3881176.45701191,1,104,67.8868737602016
508029.691007486,3881176.83329785,1,105,67.8868737602016
508030.617079324,3881177.20958379,1,106,67.8868737602016
508031.543151163,3881177.58586974,1,107,67.8868737602016
508032.469223001,3881177.96215568,1,108,67.8868737602016
508033.395294838,3881178.33844162,1,109,67.8868737602016
508034.321366676,3881178.71472756,1,110,67.8868737602016
508035.247438514,3881179.09101351,1,111,67.8868737602016
508036.173510353,3881179.46729945,1,112,67.8868737602016
508037.099582191,3881179.84358539,1,113,67.8868737602016
508038.02565403,3881180.21987134,1,114,67.8868737602016
508038.951725868,3881180.59615728,1,115,67.8868737602016
508039.877797705,3881180.97244322,1,116,67.8868737602016
508040.803869544,3881181.34872916,1,117,67.8868737602016
508041.729941381,3881181.72501511,1,118,67.8868737602016
508042.65601322,3881182.10130105,1,119,67.8868737602016
508043.582085057,3881182.47758699,1,120,67.8868737602016
508044.508156895,3881182.85387294,1,121,67.8868737602016
508045.434228735,3881183.23015888,1,122,67.8868737602016
508046.360300572,3881183.60644482,1,123,67.8868737602016
508047.28637241,3881183.98273076,1,124,67.8868737602016
508048.212444248,3881184.35901671,1,125,67.8868737602016
508049.138516087,3881184.73530265,1,126,67.8868737602016
508050.064587925,3881185.11158859,1,127,67.8868737602016
508050.990659761,3881185.48787454,1,128,67.8868737602016
508051.9167316,3881185.86416048,1,129,67.8868737602016
508052.842803439,3881186.24044642,1,130,67.8868737602016
508053.768875276,3881186.61673236,1,131,67.8868737602016
508054.694947115,3881186.99301831,1,132,67.8868737602016
508055.621018952,3881187.36930425,1,133,67.8868737602016
508056.54709079,3881187.74559019,1,134,67.8868737602016
508057.473162629,3881188.12187613,1,135,67.8868737602016
508058.399234467,3881188.49816208,1,136,67.8868737602016
508059.325306305,3881188.87444802,1,137,67.8868737602016
508060.251378143,3881189.25073396,1,138,67.8868737602016
508061.177449981,3881189.6270199,1,139,67.8868737602016
508062.103521819,3881190.00330585,1,140,67.8868737602016
508063.029593658,3881190.37959179,1,141,67.8868737602016
508063.955665496,3881190.75587773,1,142,67.8868737602016
508064.881737333,3881191.13216368,1,143,67.8868737602016
508065.807809172,3881191.50844962,1,144,67.8868737602016
508066.733881008,3881191.88473556,1,145,67.8868737602016
508067.659952848,3881192.2610215,1,146,67.8868737602016
508068.586024685,3881192.63730745,1,147,67.8868737602016
508069.512096525,3881193.01359339,1,148,67.8868737602016
508070.438168362,3881193.38987933,1,149,67.8868737602016
508071.3642402,3881193.76616528,1,150,67.8868737602016
508072.290312038,3881194.14245122,1,151,67.8868737602016
508073.216383876,3881194.51873716,1,152,67.8868737602016
508074.142455714,3881194.8950231,1,153,67.8868737602016
508075.068527552,3881195.27130905,1,154,67.8868737602016
508075.994599391,3881195.64759499,1,155,67.8868737602016
508076.920671229,3881196.02388093,1,156,67.8868737602016
508077.846743066,3881196.40016688,1,157,67.8868737602016
508078.772814905,3881196.77645282,1,158,67.8868737602016
508079.698886742,3881197.15273876,1,159,67.8868737602016
508080.624958581,3881197.5290247,1,160,67.8868737602016
508081.551030418,3881197.90531065,1,161,67.8868737602016
508082.477102256,3881198.28159659,1,162,67.8868737602016
508083.403174095,3881198.65788253,1,163,67.8868737602016
508084.329245933,3881199.03416847,1,164,67.8868737602016
508085.255317771,3881199.41045442,1,165,67.8868737602016
508086.181389609,3881199.78674036,1,166,67.8868737602016
508087.107461447,3881200.1630263,1,167,67.8868737602016
508088.033533286,3881200.53931224,1,168,67.8868737602016
508088.959605124,3881200.91559819,1,169,67.8868737602016
508089.885676961,3881201.29188413,1,170,67.8868737602016
508090.8117488,3881201.66817007,1,171,67.8868737602016
508091.737820636,3881202.04445602,1,172,67.8868737602016
508092.663892476,3881202.42074196,1,173,67.8868737602016
508093.589964313,3881202.7970279,1,174,67.8868737602016
508094.516036152,3881203.17331384,1,175,67.8868737602016
508095.44210799,3881203.54959979,1,176,67.8868737602016
508096.368179827,3881203.92588573,1,177,67.8868737602016
508097.294251665,3881204.30217167,1,178,67.8868737602016
508098.220323503,3881204.67845762,1,179,67.8868737602016
508099.146395341,3881205.05474356,1,180,67.8868737602016
508100.072467179,3881205.4310295,1,181,67.8868737602016
508100.998539018,3881205.80731544,1,182,67.8868737602016
508101.924610856,3881206.18360139,1,183,67.8868737602016
508102.850682695,3881206.55988733,1,184,67.8868737602016
508103.776754532,3881206.93617327,1,185,67.8868737602016
508104.702826371,3881207.31245922,1,186,67.8868737602016
508105.628898208,3881207.68874516,1,187,67.8868737602016
508106.554970047,3881208.0650311,1,188,67.8868737602016
508107.481041885,3881208.44131704,1,189,67.8868737602016
508108.407113722,3881208.81760299,1,190,67.8868737602016
508109.33318556,3881209.19388893,1,191,67.8868737602016
508110.2592574,3881209.57017487,1,192,67.8868737602016
508111.185329238,3881209.94646081,1,193,67.8868737602016
508112.111401076,3881210.32274676,1,194,67.8868737602016
508113.037472912,3881210.6990327,1,195,67.8868737602016
508113.963544751,3881211.07531864,1,196,67.8868737602016
508114.889616589,3881211.45160458,1,197,67.8868737602016
508115.815688428,3881211.82789053,1,198,67.8868737602016
508116.741760265,3881212.20417647,1,199,67.8868737602016
508117.667832104,3881212.58046241,1,200,67.8868737602016
508118.593903941,3881212.95674836,1,201,67.8868737602016
508119.519975781,3881213.3330343,1,202,67.8868737602016
508120.446047618,3881213.70932024,1,203,67.8868737602016
508121.372119455,3881214.08560618,1,204,67.8868737602016
508122.298191293,3881214.46189213,1,205,67.8868737602016
508123.224263131,3881214.83817807,1,206,67.8868737602016
508124.150334969,3881215.21446401,1,207,67.8868737602016
508125.076406807,3881215.59074996,1,208,67.8868737602016
508126.002478646,3881215.9670359,1,209,67.8868737602016
508126.928550484,3881216.34332184,1,210,67.8868737602016
508127.854622323,3881216.71960778,1,211,67.8868737602016
508128.78069416,3881217.09589373,1,212,67.8868737602016
508129.706765999,3881217.47217967,1,213,67.8868737602016
508130.632837836,3881217.84846561,1,214,67.8868737602016
508131.558909675,3881218.22475155,1,215,67.8868737602016
508132.484981512,3881218.6010375,1,216,67.8868737602016
508133.41105335,3881218.97732344,1,217,67.8868737602016
508134.33712519,3881219.35360938,1,218,67.8868737602016
508135.263197027,3881219.72989532,1,219,67.8868737602016
508136.189268865,3881220.10618127,1,220,67.8868737602016
508137.115340703,3881220.48246721,1,221,67.8868737602016
508138.041412542,3881220.85875315,1,222,67.8868737602016
508138.96748438,3881221.2350391,1,223,67.8868737602016
508139.893556216,3881221.61132504,1,224,67.8868737602016
508140.819628055,3881221.98761098,1,225,67.8868737602016
508141.745699894,3881222.36389692,1,226,67.8868737602016
508142.671771731,3881222.74018287,1,227,67.8868737602016
508143.59784357,3881223.11646881,1,228,67.8868737602016
508144.523915408,3881223.49275475,1,229,67.8868737602016
508145.449987245,3881223.8690407,1,230,67.8868737602016
508146.376059085,3881224.24532664,1,231,67.8868737602016
508147.302130922,3881224.62161258,1,232,67.8868737602016
508148.22820276,3881224.99789852,1,233,67.8868737602016
508149.154274598,3881225.37418447,1,234,67.8868737602016
508150.080346436,3881225.75047041,1,235,67.8868737602016
508151.006418275,3881226.12675635,1,236,67.8868737602016
508151.932490113,3881226.50304229,1,237,67.8868737602016
508152.85856195,3881226.87932824,1,238,67.8868737602016
508153.784633789,3881227.25561418,1,239,67.8868737602016
508154.710705628,3881227.63190012,1,240,67.8868737602016
508155.636777464,3881228.00818607,1,241,67.8868737602016
508156.562849301,3881228.38447201,1,242,67.8868737602016
508157.488921141,3881228.76075795,1,243,67.8868737602016
508158.414992978,3881229.13704389,1,244,67.8868737602016
508159.341064816,3881229.51332984,1,245,67.8868737602016
508160.267136654,3881229.88961578,1,246,67.8868737602016
508161.193208494,3881230.26590172,1,247,67.8868737602016
508162.119280332,3881230.64218767,1,248,67.8868737602016
508163.045352168,3881231.01847361,1,249,67.8868737602016
508163.971424006,3881231.39475955,1,250,67.8868737602016
508164.897495845,3881231.77104549,1,251,67.8868737602016
508165.823567684,3881232.14733144,1,252,67.8868737602016
508166.74963952,3881232.52361738,1,253,67.8868737602016
508167.67571136,3881232.89990332,1,254,67.8868737602016
508168.601783197,3881233.27618927,1,255,67.8868737602016
508169.527855036,3881233.65247521,1,256,67.8868737602016
508170.453926873,3881234.02876115,1,257,67.8868737602016
508171.379998711,3881234.40504709,1,258,67.8868737602016
508172.306070551,3881234.78133304,1,259,67.8868737602016
508173.232142388,3881235.15761898,1,260,67.8868737602016
508174.158214226,3881235.53390492,1,261,67.8868737602016
508175.084286065,3881235.91019087,1,262,67.8868737602016
508176.010357903,3881236.28647681,1,263,67.8868737602016
508176.936429739,3881236.66276275,1,264,67.8868737602016
508177.862501578,3881237.03904869,1,265,67.8868737602016
508178.788573417,3881237.41533464,1,266,67.8868737602016
508179.714645253,3881237.79162058,1,267,67.8868737602016
508180.640717093,3881238.16790652,1,268,67.8868737602016
508181.56678893,3881238.54419246,1,269,67.8868737602016
508182.492860769,3881238.92047841,1,270,67.8868737602016
508183.418932607,3881239.29676435,1,271,67.8868737602016
508184.345004444,3881239.67305029,1,272,67.8868737602016
508185.271076282,3881240.04933624,1,273,67.8868737602016
508186.197148122,3881240.42562218,1,274,67.8868737602016
508187.12321996,3881240.80190812,1,275,67.8868737602016
508188.049291796,3881241.17819406,1,276,67.8868737602016
508188.975363634,3881241.55448001,1,277,67.8868737602016
508189.901435473,3881241.93076595,1,278,67.8868737602016
508190.827507312,3881242.30705189,1,279,67.8868737602016
508191.753579148,3881242.68333784,1,280,67.8868737602016
508192.679650987,3881243.05962378,1,281,67.8868737602016
508193.605722827,3881243.43590972,1,282,67.8868737602016
508194.531794664,3881243.81219566,1,283,67.8868737602016
508195.457866501,3881244.18848161,1,284,67.8868737602016
508196.383938341,3881244.56476755,1,285,67.8868737602016
508197.310010179,3881244.94105349,1,286,67.8868737602016
508198.236082016,3881245.31733943,1,287,67.8868737602016
508199.162153854,3881245.69362538,1,288,67.8868737602016
508200.088225692,3881246.06991132,1,289,67.8868737602016
508201.014297531,3881246.44619726,1,290,67.8868737602016
508201.940369369,3881246.8224832,1,291,67.8868737602016
508202.866441206,3881247.19876915,1,292,67.8868737602016
508203.699157666,3881247.61273293,1,293,336.070724813333
508203.29371124,3881248.52641415,1,294,336.070724813333
508202.888264812,3881249.44009536,1,295,336.070724813333
508202.482818386,3881250.35377657,1,296,336.070724813333
508202.077371958,3881251.26745778,1,297,336.070724813333
508201.671925532,3881252.18113899,1,298,336.070724813333
508201.266479104,3881253.0948202,1,299,336.070724813333
508200.861032676,3881254.00850141,1,300,336.070724813333
508200.455586251,3881254.92218262,1,301,336.070724813333
508200.050139823,3881255.83586383,1,302,336.070724813333
508199.644693395,3881256.74954504,1,303,336.070724813333
508199.23924697,3881257.66322625,1,304,336.070724813333
508198.833800542,3881258.57690746,1,305,336.070724813333
508198.428354114,3881259.49058867,1,306,336.070724813333
508198.022907689,3881260.40426989,1,307,336.070724813333
508197.617461261,3881261.3179511,1,308,336.070724813333
508197.212014834,3881262.23163231,1,309,336.070724813333
508196.806568406,3881263.14531352,1,310,336.070724813333
508196.401121981,3881264.05899473,1,311,336.070724813333
508195.995675554,3881264.97267594,1,312,336.070724813333
508195.590229126,3881265.88635715,1,313,336.070724813333
508195.184782699,3881266.80003836,1,314,336.070724813333
508194.779336272,3881267.71371957,1,315,336.070724813333
508194.373889845,3881268.62740078,1,316,336.070724813333
508193.968443417,3881269.54108199,1,317,336.070724813333
508193.56299699,3881270.4547632,1,318,336.070724813333
508193.157550563,3881271.36844441,1,319,336.070724813333
508192.752104136,3881272.28212563,1,320,336.070724813333
508192.346657709,3881273.19580683,1,321,336.070724813333
508191.941211282,3881274.10948805,1,322,336.070724813333
508191.535764855,3881275.02316926,1,323,336.070724813333
508190.724296018,3881275.58264576,1,324,301.727866841466
508189.874080806,3881276.1083208,1,325,301.727866841466
508189.023865591,3881276.63399584,1,326,301.727866841466
508188.173650376,3881277.15967088,1,327,301.727866841466
508187.323435163,3881277.68534593,1,328,301.727866841466
508186.473219948,3881278.21102097,1,329,301.727866841466
508185.623004735,3881278.73669601,1,330,301.727866841466
508184.772789523,3881279.26237105,1,331,301.727866841466
508183.922574307,3881279.78804609,1,332,301.727866841466
508183.072359094,3881280.31372114,1,333,301.727866841466
508182.22214388,3881280.83939618,1,334,301.727866841466
508181.371928665,3881281.36507122,1,335,301.727866841466
508180.521713451,3881281.89074626,1,336,301.727866841466
508179.671498238,3881282.4164213,1,337,301.727866841466
508178.821283024,3881282.94209635,1,338,301.727866841466
508177.971067809,3881283.46777139,1,339,301.727866841466
508177.120852597,3881283.99344643,1,340,301.727866841466
508176.270637381,3881284.51912147,1,341,301.727866841466
508175.420422167,3881285.04479652,1,342,301.727866841466
508174.570206954,3881285.57047156,1,343,301.727866841466
508173.719991739,3881286.0961466,1,344,301.727866841466
508172.805442293,3881286.40423812,1,345,271.215504855072
508171.806067223,3881286.42544261,1,346,271.215504855072
508170.806692153,3881286.44664709,1,347,271.215504855072
508169.807317083,3881286.46785158,1,348,271.215504855072
508168.807942014,3881286.48905606,1,349,271.215504855072
508167.808566945,3881286.51026055,1,350,271.215504855072
508166.809191875,3881286.53146503,1,351,271.215504855072
508165.809816805,3881286.55266952,1,352,271.215504855072
508164.810441735,3881286.573874,1,353,271.215504855072
508163.811066666,3881286.59507849,1,354,271.215504855072
508162.811691597,3881286.61628297,1,355,271.215504855072
508161.812316526,3881286.63748746,1,356,271.215504855072
508160.812941458,3881286.65869195,1,357,271.215504855072
508159.813566388,3881286.67989643,1,358,271.215504855072
508158.814191318,3881286.70110092,1,359,271.215504855072
508157.814816249,3881286.7223054,1,360,271.215504855072
508156.815441178,3881286.74350989,1,361,271.215504855072
508155.81606611,3881286.76471437,1,362,271.215504855072
508154.816691039,3881286.78591886,1,363,271.215504855072
508153.891900348,3881287.10951848,1,364,296.494904720693
508152.9972843,3881287.55545826,1,365,296.494904720693
508152.102668251,3881288.00139803,1,366,296.494904720693
508151.208052204,3881288.44733781,1,367,296.494904720693
508150.313436155,3881288.89327759,1,368,296.494904720693
508149.418820106,3881289.33921737,1,369,296.494904720693
508148.524204059,3881289.78515715,1,370,296.494904720693
508147.711675541,3881290.35519719,1,371,310.471286450254
508146.951248495,3881291.00400446,1,372,310.471286450254
508146.190821448,3881291.65281172,1,373,310.471286450254
508145.430394404,3881292.30161899,1,374,310.471286450254
508144.669967357,3881292.95042626,1,375,310.471286450254
508143.935377616,3881293.62014914,1,376,331.547509422362
508143.459138303,3881294.49900993,1,377,331.547509422362
508142.98289899,3881295.37787071,1,378,331.547509422362
508142.506659679,3881296.25673149,1,379,331.547509422362
508142.030420366,3881297.13559228,1,380,331.547509422362
508141.554181052,3881298.01445306,1,381,331.547509422362
508141.07794174,3881298.89331384,1,382,331.547509422362
508140.601702427,3881299.77217463,1,383,331.547509422362
508140.125463113,3881300.65103541,1,384,331.547509422362
508139.649223801,3881301.52989619,1,385,331.547509422362
508139.172984487,3881302.40875698,1,386,331.547509422362
508138.696745175,3881303.28761776,1,387,331.547509422362
508138.220505862,3881304.16647854,1,388,331.547509422362
508137.74426655,3881305.04533933,1,389,331.547509422362
508137.268027238,3881305.92420011,1,390,331.547509422362
508136.791787924,3881306.8030609,1,391,331.547509422362
508136.31554861,3881307.68192168,1,392,331.547509422362
508135.839309299,3881308.56078246,1,393,331.547509422362
508135.363069985,3881309.43964325,1,394,331.547509422362
508134.886830673,3881310.31850403,1,395,331.547509422362
508134.41059136,3881311.19736481,1,396,331.547509422362
508133.934352048,3881312.0762256,1,397,331.547509422362
508133.458112735,3881312.95508638,1,398,331.547509422362
508132.981873421,3881313.83394716,1,399,331.547509422362
508132.505634108,3881314.71280795,1,400,331.547509422362
508132.029394795,3881315.59166873,1,401,331.547509422362
508131.553155483,3881316.47052951,1,402,331.547509422362
508131.07691617,3881317.3493903,1,403,331.547509422362
508130.600676856,3881318.22825108,1,404,331.547509422362
508130.124437544,3881319.10711187,1,405,331.547509422362
508129.64819823,3881319.98597265,1,406,331.547509422362
508129.171958919,3881320.86483343,1,407,331.547509422362
508128.695719606,3881321.74369422,1,408,331.547509422362
508128.219480292,3881322.622555,1,409,331.547509422362
508127.74324098,3881323.50141578,1,410,331.547509422362
508127.267001666,3881324.38027657,1,411,331.547509422362
508126.790762354,3881325.25913735,1,412,331.547509422362
508126.314523042,3881326.13799813,1,413,331.547509422362
508125.838283728,3881327.01685892,1,414,331.547509422362
508125.362044416,3881327.8957197,1,415,331.547509422362
508124.885805102,3881328.77458049,1,416,331.547509422362
508124.40956579,3881329.65344127,1,417,331.547509422362
508123.933326478,3881330.53230205,1,418,331.547509422362
508123.457087164,3881331.41116284,1,419,331.547509422362
508122.980847852,3881332.29002362,1,420,331.547509422362
508122.504608539,3881333.1688844,1,421,331.547509422362
508122.028369225,3881334.04774519,1,422,331.547509422362
508121.552129912,3881334.92660597,1,423,331.547509422362
508121.075890601,3881335.80546675,1,424,331.547509422362
508120.599651286,3881336.68432754,1,425,331.547509422362
508120.123411975,3881337.56318832,1,426,331.547509422362
508119.647172661,3881338.4420491,1,427,331.547509422362
508119.170933349,3881339.32090989,1,428,331.547509422362
508118.535631217,3881339.67303746,1,429,242.059007311464
508117.652553967,3881339.20466289,1,430,242.059007311464
508116.769476722,3881338.73628832,1,431,242.059007311464
508115.886399474,3881338.26791376,1,432,242.059007311464
508115.003322225,3881337.79953919,1,433,242.059007311464
508114.120244976,3881337.33116463,1,434,242.059007311464
508113.237167729,3881336.86279006,1,435,242.059007311464
508112.354090482,3881336.39441549,1,436,242.059007311464
508111.471013233,3881335.92604093,1,437,242.059007311464
508110.587935985,3881335.45766636,1,438,242.059007311464
508109.704858737,3881334.98929179,1,439,242.059007311464
508108.821781491,3881334.52091723,1,440,242.059007311464
508107.938704242,3881334.05254266,1,441,242.059007311464
508107.055626996,3881333.58416809,1,442,242.059007311464
508106.172549746,3881333.11579353,1,443,242.059007311464
508105.289472499,3881332.64741896,1,444,242.059007311464
508104.406395251,3881332.1790444,1,445,242.059007311464
508103.523318004,3881331.71066983,1,446,242.059007311464
508102.640240755,3881331.24229526,1,447,242.059007311464
508101.757163507,3881330.7739207,1,448,242.059007311464
508100.87408626,3881330.30554613,1,449,242.059007311464
508099.991009011,3881329.83717156,1,450,242.059007311464
508099.107931764,3881329.368797,1,451,242.059007311464
508098.224854517,3881328.90042243,1,452,242.059007311464
508097.341777269,3881328.43204787,1,453,242.059007311464
508096.458700021,3881327.9636733,1,454,242.059007311464
508095.575622772,3881327.49529873,1,455,242.059007311464
508094.692545524,3881327.02692417,1,456,242.059007311464
508093.809468277,3881326.5585496,1,457,242.059007311464
508092.92639103,3881326.09017503,1,458,242.059007311464
508092.043313781,3881325.62180047,1,459,242.059007311464
508091.160236533,3881325.1534259,1,460,242.059007311464
508090.277159285,3881324.68505134,1,461,242.059007311464
508089.394082037,3881324.21667677,1,462,242.059007311464
508088.511004791,3881323.7483022,1,463,242.059007311464
508087.627927542,3881323.27992764,1,464,242.059007311464
508086.744850295,3881322.81155307,1,465,242.059007311464
508085.861773045,3881322.3431785,1,466,242.059007311464
508084.978695798,3881321.87480394,1,467,242.059007311464
508084.09561855,3881321.40642937,1,468,242.059007311464
508083.212541302,3881320.9380548,1,469,242.059007311464
508082.329464056,3881320.46968024,1,470,242.059007311464
508081.446386807,3881320.00130567,1,471,242.059007311464
508080.563309558,3881319.53293111,1,472,242.059007311464
508079.680232311,3881319.06455654,1,473,242.059007311464
508078.797155064,3881318.59618197,1,474,242.059007311464
508077.914077817,3881318.12780741,1,475,242.059007311464
508077.031000569,3881317.65943284,1,476,242.059007311464
508076.14792332,3881317.19105827,1,477,242.059007311464
508075.264846072,3881316.72268371,1,478,242.059007311464
508074.381768825,3881316.25430914,1,479,242.059007311464
508073.498691576,3881315.78593458,1,480,242.059007311464
508072.615614329,3881315.31756001,1,481,242.059007311464
508071.732537081,3881314.84918544,1,482,242.059007311464
508070.849459834,3881314.38081088,1,483,242.059007311464
508069.966382586,3881313.91243631,1,484,242.059007311464
508069.083305337,3881313.44406174,1,485,242.059007311464
508068.200228091,3881312.97568718,1,486,242.059007311464
508067.317150842,3881312.50731261,1,487,242.059007311464
508066.434073595,3881312.03893805,1,488,242.059007311464
508065.550996347,3881311.57056348,1,489,242.059007311464
508064.667919097,3881311.10218891,1,490,242.059007311464
508063.78484185,3881310.63381435,1,491,242.059007311464
508062.901764604,3881310.16543978,1,492,242.059007311464
508062.018687355,3881309.69706521,1,493,242.059007311464
508061.135610106,3881309.22869065,1,494,242.059007311464
508060.252532859,3881308.76031608,1,495,242.059007311464
508059.369455612,3881308.29194152,1,496,242.059007311464
508058.486378365,3881307.82356695,1,497,242.059007311464
508057.603301117,3881307.35519238,1,498,242.059007311464
508056.720223869,3881306.88681782,1,499,242.059007311464
508055.83714662,3881306.41844325,1,500,242.059007311464
508054.954069372,3881305.95006868,1,501,242.059007311464
508054.070992125,3881305.48169412,1,502,242.059007311464
508053.187914878,3881305.01331955,1,503,242.059007311464
508052.304837628,3881304.54494498,1,504,242.059007311464
508051.421760381,3881304.07657042,1,505,242.059007311464
508050.538683133,3881303.60819585,1,506,242.059007311464
508049.655605884,3881303.13982129,1,507,242.059007311464
508048.772528638,3881302.67144672,1,508,242.059007311464
508047.889451389,3881302.20307215,1,509,242.059007311464
508047.006374142,3881301.73469759,1,510,242.059007311464
508046.123296895,3881301.26632302,1,511,242.059007311464
508045.240219645,3881300.79794845,1,512,242.059007311464
508044.357142397,3881300.32957389,1,513,242.059007311464
508043.474065152,3881299.86119932,1,514,242.059007311464
508042.590987903,3881299.39282476,1,515,242.059007311464
508041.707910654,3881298.92445019,1,516,242.059007311464
508040.824833408,3881298.45607562,1,517,242.059007311464
508039.941756158,3881297.98770106,1,518,242.059007311464
508039.058678911,3881297.51932649,1,519,242.059007311464
508038.175601663,3881297.05095192,1,520,242.059007311464
508037.292524415,3881296.58257736,1,521,242.059007311464
508036.409447167,3881296.11420279,1,522,242.059007311464
508035.526369921,3881295.64582823,1,523,242.059007311464
508034.643292672,3881295.17745366,1,524,242.059007311464
508033.760215425,3881294.70907909,1,525,242.059007311464
508032.877138178,3881294.24070453,1,526,242.059007311464
508031.994060928,3881293.77232996,1,527,242.059007311464
508031.11098368,3881293.30395539,1,528,242.059007311464
508030.227906434,3881292.83558083,1,529,242.059007311464
508029.344829186,3881292.36720626,1,530,242.059007311464
508028.461751937,3881291.89883169,1,531,242.059007311464
508027.57867469,3881291.43045713,1,532,242.059007311464
508026.695597441,3881290.96208256,1,533,242.059007311464
508025.812520193,3881290.493708,1,534,242.059007311464
508024.929442946,3881290.02533343,1,535,242.059007311464
508024.046365698,3881289.55695886,1,536,242.059007311464
508023.163288451,3881289.0885843,1,537,242.059007311464
508022.280211203,3881288.62020973,1,538,242.059007311464
508021.397133954,3881288.15183516,1,539,242.059007311464
508020.514056707,3881287.6834606,1,540,242.059007311464
508019.63097946,3881287.21508603,1,541,242.059007311464
508018.747902212,3881286.74671146,1,542,242.059007311464
508017.864824964,3881286.2783369,1,543,242.059007311464
508016.981747716,3881285.80996233,1,544,242.059007311464
508016.098670468,3881285.34158777,1,545,242.059007311464
508015.215593219,3881284.8732132,1,546,242.059007311464
508014.332515972,3881284.40483863,1,547,242.059007311464
508013.449438725,3881283.93646407,1,548,242.059007311464
508012.566361475,3881283.4680895,1,549,242.059007311464
508011.683284228,3881282.99971493,1,550,242.059007311464
508010.800206982,3881282.53134037,1,551,242.059007311464
508009.917129733,3881282.0629658,1,552,242.059007311464
508009.350787704,3881282.67954641,1,553,330.489624203446
508008.858403569,3881283.54946481,1,554,330.489624203446
508008.366019436,3881284.41938321,1,555,330.489624203446
508007.873635302,3881285.28930161,1,556,330.489624203446
508007.381251168,3881286.15922001,1,557,330.489624203446
508006.888867034,3881287.02913841,1,558,330.489624203446
508006.396482901,3881287.89905682,1,559,330.489624203446
508005.904098767,3881288.76897522,1,560,330.489624203446
508005.411714632,3881289.63889362,1,561,330.489624203446
508004.919330498,3881290.50881202,1,562,330.489624203446
508004.426946365,3881291.37873042,1,563,330.489624203446
508003.934562231,3881292.24864882,1,564,330.489624203446
508003.442178097,3881293.11856722,1,565,330.489624203446
508002.949793963,3881293.98848563,1,566,330.489624203446
508002.457409828,3881294.85840403,1,567,330.489624203446
508001.965025695,3881295.72832243,1,568,330.489624203446
508001.472641561,3881296.59824083,1,569,330.489624203446
508000.980257427,3881297.46815923,1,570,330.489624203446
508000.487873293,3881298.33807763,1,571,330.489624203446
507999.99548916,3881299.20799603,1,572,330.489624203446
507999.503105026,3881300.07791443,1,573,330.489624203446
507999.010720893,3881300.94783283,1,574,330.489624203446
507998.518336759,3881301.81775124,1,575,330.489624203446
507998.025952624,3881302.68766964,1,576,330.489624203446
507997.53356849,3881303.55758804,1,577,330.489624203446
507997.041184358,3881304.42750644,1,578,330.489624203446
507996.548800222,3881305.29742484,1,579,330.489624203446
507996.05641609,3881306.16734324,1,580,330.489624203446
507995.564031956,3881307.03726164,1,581,330.489624203446
507995.071647822,3881307.90718004,1,582,330.489624203446
507994.579263689,3881308.77709845,1,583,330.489624203446
507994.086879554,3881309.64701685,1,584,330.489624203446
507993.594495419,3881310.51693525,1,585,330.489624203446
507993.102111287,3881311.38685365,1,586,330.489624203446
507992.609727152,3881312.25677205,1,587,330.489624203446
507992.117343018,3881313.12669045,1,588,330.489624203446
507991.624958886,3881313.99660885,1,589,330.489624203446
507991.132574752,3881314.86652725,1,590,330.489624203446
507990.640190617,3881315.73644565,1,591,330.489624203446
507990.147806484,3881316.60636406,1,592,330.489624203446
507989.655422349,3881317.47628246,1,593,330.489624203446
507989.163038216,3881318.34620086,1,594,330.489624203446
507988.670654081,3881319.21611926,1,595,330.489624203446
507988.178269948,3881320.08603766,1,596,330.489624203446
507987.685885814,3881320.95595606,1,597,330.489624203446
507987.193501681,3881321.82587446,1,598,330.489624203446
507986.701117547,3881322.69579286,1,599,330.489624203446
507986.208733412,3881323.56571127,1,600,330.489624203446
507985.716349278,3881324.43562967,1,601,330.489624203446
507985.223965145,3881325.30554807,1,602,330.489624203446
507984.731581011,3881326.17546647,1,603,330.489624203446
507984.239196876,3881327.04538487,1,604,330.489624203446
507983.746812743,3881327.91530327,1,605,330.489624203446
507983.254428608,3881328.78522167,1,606,330.489624203446
507982.762044475,3881329.65514008,1,607,330.489624203446
507982.269660341,3881330.52505848,1,608,330.489624203446
507981.777276207,3881331.39497688,1,609,330.489624203446
507981.284892073,3881332.26489528,1,610,330.489624203446
507980.79250794,3881333.13481368,1,611,330.489624203446
507980.300123806,3881334.00473208,1,612,330.489624203446
507979.807739673,3881334.87465048,1,613,330.489624203446
507979.315355539,3881335.74456888,1,614,330.489624203446
507978.822971405,3881336.61448728,1,615,330.489624203446
507978.330587271,3881337.48440569,1,616,330.489624203446
507977.838203136,3881338.35432409,1,617,330.489624203446
507977.345819003,3881339.22424249,1,618,330.489624203446
507976.853434868,3881340.09416089,1,619,330.489624203446
507976.361050735,3881340.96407929,1,620,330.489624203446
507975.8686666,3881341.83399769,1,621,330.489624203446
507975.376282467,3881342.70391609,1,622,330.489624203446
507974.883898333,3881343.57383449,1,623,330.489624203446
507974.3915142,3881344.44375289,1,624,330.489624203446
507973.899130066,3881345.3136713,1,625,330.489624203446
507973.406745933,3881346.1835897,1,626,330.489624203446
507972.9143618,3881347.0535081,1,627,330.489624203446
507972.421977665,3881347.9234265,1,628,330.489624203446
507971.929593531,3881348.7933449,1,629,330.489624203446
507971.437209396,3881349.6632633,1,630,330.489624203446
507970.944825263,3881350.5331817,1,631,330.489624203446
507970.452441128,3881351.4031001,1,632,330.489624203446
507969.960056995,3881352.27301851,1,633,330.489624203446
507969.467672861,3881353.14293691,1,634,330.489624203446
507968.975288728,3881354.01285531,1,635,330.489624203446
507968.482904593,3881354.88277371,1,636,330.489624203446
507967.990520461,3881355.75269211,1,637,330.489624203446
507967.498136327,3881356.62261051,1,638,330.489624203446
507967.005752192,3881357.49252891,1,639,330.489624203446
507966.513368058,3881358.36244731,1,640,330.489624203446
507966.020983925,3881359.23236572,1,641,330.489624203446
507965.528599792,3881360.10228412,1,642,330.489624203446
507965.036215657,3881360.97220252,1,643,330.489624203446
507964.543831524,3881361.84212092,1,644,330.489624203446
507964.051447389,3881362.71203932,1,645,330.489624203446
507963.559063256,3881363.58195772,1,646,330.489624203446
507963.066679122,3881364.45187612,1,647,330.489624203446
507962.535118045,3881365.18066444,1,648,240.539103977935
507961.664774752,3881364.68903174,1,649,240.539103977935
507960.794431461,3881364.19739903,1,650,240.539103977935
507959.924088169,3881363.70576633,1,651,240.539103977935
507959.053744875,3881363.21413363,1,652,240.539103977935
507958.183401583,3881362.72250093,1,653,240.539103977935
507957.313058292,3881362.23086823,1,654,240.539103977935
507956.442715,3881361.73923552,1,655,240.539103977935
507955.572371706,3881361.24760282,1,656,240.539103977935
507954.702028414,3881360.75597012,1,657,240.539103977935
507953.831685123,3881360.26433742,1,658,240.539103977935
507952.961341831,3881359.77270472,1,659,240.539103977935
507952.090998537,3881359.28107202,1,660,240.539103977935
507951.220655245,3881358.78943931,1,661,240.539103977935
507950.350311954,3881358.29780661,1,662,240.539103977935
507949.479968662,3881357.80617391,1,663,240.539103977935
507948.609625368,3881357.31454121,1,664,240.539103977935
507947.739282076,3881356.8229085,1,665,240.539103977935
507946.868938785,3881356.3312758,1,666,240.539103977935
507945.998595493,3881355.8396431,1,667,240.539103977935
507945.128252199,3881355.3480104,1,668,240.539103977935
507944.257908907,3881354.8563777,1,669,240.539103977935
507943.387565616,3881354.364745,1,670,240.539103977935
507942.517222324,3881353.87311229,1,671,240.539103977935
507941.64687903,3881353.38147959,1,672,240.539103977935
507940.776535738,3881352.88984689,1,673,240.539103977935
507939.906192447,3881352.39821419,1,674,240.539103977935
507939.035849153,3881351.90658149,1,675,240.539103977935
507938.165505862,3881351.41494878,1,676,240.539103977935
507937.295162569,3881350.92331608,1,677,240.539103977935
507936.424819276,3881350.43168338,1,678,240.539103977935
507935.554475984,3881349.94005068,1,679,240.539103977935
507934.684132693,3881349.44841798,1,680,240.539103977935
507933.813789401,3881348.95678528,1,681,240.539103977935
507932.943446107,3881348.46515257,1,682,240.539103977935
507932.073102815,3881347.97351987,1,683,240.539103977935
507931.202759522,3881347.48188717,1,684,240.539103977935
507930.33241623,3881346.99025447,1,685,240.539103977935
507929.462072939,3881346.49862177,1,686,240.539103977935
507928.591729647,3881346.00698906,1,687,240.539103977935
507927.721386353,3881345.51535636,1,688,240.539103977935
507926.851043061,3881345.02372366,1,689,240.539103977935
507925.98069977,3881344.53209096,1,690,240.539103977935
507925.110356476,3881344.04045826,1,691,240.539103977935
507924.240013185,3881343.54882555,1,692,240.539103977935
507923.369669893,3881343.05719285,1,693,240.539103977935
507922.4993266,3881342.56556015,1,694,240.539103977935
507921.628983308,3881342.07392745,1,695,240.539103977935
507920.758640017,3881341.58229475,1,696,240.539103977935
507919.888296722,3881341.09066204,1,697,240.539103977935
507919.017953431,3881340.59902934,1,698,240.539103977935
507918.147610139,3881340.10739664,1,699,240.539103977935
507917.277266846,3881339.61576394,1,700,240.539103977935
507916.406923554,3881339.12413124,1,701,240.539103977935
507915.536580261,3881338.63249853,1,702,240.539103977935
507914.666236969,3881338.14086583,1,703,240.539103977935
507913.795893678,3881337.64923313,1,704,240.539103977935
507912.925550386,3881337.15760043,1,705,240.539103977935
507912.055207092,3881336.66596773,1,706,240.539103977935
507911.1848638,3881336.17433503,1,707,240.539103977935
507910.314520507,3881335.68270232,1,708,240.539103977935
507909.444177215,3881335.19106962,1,709,240.539103977935
507908.573833924,3881334.69943692,1,710,240.539103977935
507907.70349063,3881334.20780422,1,711,240.539103977935
507906.833147339,3881333.71617152,1,712,240.539103977935
507905.962804047,3881333.22453881,1,713,240.539103977935
507905.092460754,3881332.73290611,1,714,240.539103977935
507904.222117462,3881332.24127341,1,715,240.539103977935
507903.351774169,3881331.74964071,1,716,240.539103977935
507902.481430877,3881331.25800801,1,717,240.539103977935
507901.611087586,3881330.76637531,1,718,240.539103977935
507900.740744292,3881330.2747426,1,719,240.539103977935
507899.870401001,3881329.7831099,1,720,240.539103977935
507899.000057709,3881329.2914772,1,721,240.539103977935
507898.129714416,3881328.7998445,1,722,240.539103977935
507897.259371124,3881328.3082118,1,723,240.539103977935
507896.389027831,3881327.81657909,1,724,240.539103977935
507895.518684539,3881327.32494639,1,725,240.539103977935
507894.648341246,3881326.83331369,1,726,240.539103977935
507893.777997954,3881326.34168099,1,727,240.539103977935
507892.907654663,3881325.85004829,1,728,240.539103977935
507892.037311369,3881325.35841558,1,729,240.539103977935
507891.166968078,3881324.86678288,1,730,240.539103977935
507890.296624786,3881324.37515018,1,731,240.539103977935
507889.426281493,3881323.88351748,1,732,240.539103977935
507888.555938201,3881323.39188478,1,733,240.539103977935
507887.685594908,3881322.90025208,1,734,240.539103977935
507886.815251616,3881322.40861937,1,735,240.539103977935
507885.944908323,3881321.91698667,1,736,240.539103977935
507885.074565031,3881321.42535397,1,737,240.539103977935
507884.204221738,3881320.93372127,1,738,240.539103977935
507883.333878446,3881320.44208857,1,739,240.539103977935
507882.463535156,3881319.95045586,1,740,240.539103977935
507881.593191862,3881319.45882316,1,741,240.539103977935
507880.722848571,3881318.96719046,1,742,240.539103977935
507879.852505279,3881318.47555776,1,743,240.539103977935
507878.982161986,3881317.98392506,1,744,240.539103977935
507878.111818694,3881317.49229235,1,745,240.539103977935
507877.241475401,3881317.00065965,1,746,240.539103977935
507876.371132109,3881316.50902695,1,747,240.539103977935
507875.500788816,3881316.01739425,1,748,240.539103977935
507874.630445525,3881315.52576155,1,749,240.539103977935
507873.760102232,3881315.03412885,1,750,240.539103977935
507872.88975894,3881314.54249614,1,751,240.539103977935
507872.019415647,3881314.05086344,1,752,240.539103977935
507871.149072355,3881313.55923074,1,753,240.539103977935
507870.278729062,3881313.06759804,1,754,240.539103977935
507869.40838577,3881312.57596534,1,755,240.539103977935
507868.538042477,3881312.08433263,1,756,240.539103977935
507867.667699185,3881311.59269993,1,757,240.539103977935
507866.797355893,3881311.10106723,1,758,240.539103977935
507865.927012601,3881310.60943453,1,759,240.539103977935
507865.056669308,3881310.11780183,1,760,240.539103977935
507864.186326016,3881309.62616912,1,761,240.539103977935
507863.315982725,3881309.13453642,1,762,240.539103977935
507862.445639431,3881308.64290372,1,763,240.539103977935
507861.575296141,3881308.15127102,1,764,240.539103977935
507860.704952847,3881307.65963832,1,765,240.539103977935
507859.834609556,3881307.16800562,1,766,240.539103977935
507858.964266262,3881306.67637291,1,767,240.539103977935
507858.093922972,3881306.18474021,1,768,240.539103977935
507857.223579677,3881305.69310751,1,769,240.539103977935
507856.353236387,3881305.20147481,1,770,240.539103977935
507855.482893093,3881304.70984211,1,771,240.539103977935
507854.612549802,3881304.2182094,1,772,240.539103977935
507853.742206508,3881303.7265767,1,773,240.539103977935
507852.871863218,3881303.234944,1,774,240.539103977935
507852.001519924,3881302.7433113,1,775,240.539103977935
507851.131176633,3881302.2516786,1,776,240.539103977935
507850.260833339,3881301.76004589,1,777,240.539103977935
507849.390490049,3881301.26841319,1,778,240.539103977935
507848.520146755,3881300.77678049,1,779,240.539103977935
507847.649803464,3881300.28514779,1,780,240.539103977935
507846.77946017,3881299.79351509,1,781,240.539103977935
507845.909116877,3881299.30188238,1,782,240.539103977935
507845.038773586,3881298.81024968,1,783,240.539103977935
507844.168430293,3881298.31861698,1,784,240.539103977935
507843.298087001,3881297.82698428,1,785,240.539103977935
507842.801417764,3881298.69432874,1,786,330.209897015363
507842.304792434,3881299.56183289,1,787,330.209897015363
507841.808167104,3881300.42933703,1,788,330.209897015363
507841.311541775,3881301.29684118,1,789,330.209897015363
507840.814916443,3881302.16434532,1,790,330.209897015363
507840.318291114,3881303.03184947,1,791,330.209897015363
507839.821665783,3881303.89935361,1,792,330.209897015363
507839.325040455,3881304.76685776,1,793,330.209897015363
507838.828415123,3881305.6343619,1,794,330.209897015363
507838.331789794,3881306.50186605,1,795,330.209897015363
507837.835164464,3881307.36937019,1,796,330.209897015363
507837.338539133,3881308.23687434,1,797,330.209897015363
507836.841913805,3881309.10437848,1,798,330.209897015363
507836.345288473,3881309.97188263,1,799,330.209897015363
507835.848663143,3881310.83938677,1,800,330.209897015363
507835.352037813,3881311.70689092,1,801,330.209897015363
507834.855412484,3881312.57439506,1,802,330.209897015363
507834.358787153,3881313.44189921,1,803,330.209897015363
507833.862161823,3881314.30940335,1,804,330.209897015363
507833.365536493,3881315.1769075,1,805,330.209897015363
507832.868911163,3881316.04441164,1,806,330.209897015363
507832.372285832,3881316.91191579,1,807,330.209897015363
507831.875660503,3881317.77941993,1,808,330.209897015363
507831.379035173,3881318.64692408,1,809,330.209897015363
507830.882409842,3881319.51442822,1,810,330.209897015363
507830.385784512,3881320.38193237,1,811,330.209897015363
507829.889159183,3881321.24943651,1,812,330.209897015363
507829.392533853,3881322.11694066,1,813,330.209897015363
507828.895908523,3881322.9844448,1,814,330.209897015363
507828.399283193,3881323.85194895,1,815,330.209897015363
507827.902657862,3881324.71945309,1,816,330.209897015363
507827.406032532,3881325.58695724,1,817,330.209897015363
507826.909407203,3881326.45446138,1,818,330.209897015363
507826.412781872,3881327.32196553,1,819,330.209897015363
507825.916156541,3881328.18946967,1,820,330.209897015363
507825.419531212,3881329.05697382,1,821,330.209897015363
507824.922905881,3881329.92447796,1,822,330.209897015363
507824.426280551,3881330.79198211,1,823,330.209897015363
507823.929655222,3881331.65948625,1,824,330.209897015363
507823.433029891,3881332.5269904,1,825,330.209897015363
507822.936404562,3881333.39449454,1,826,330.209897015363
507822.439779232,3881334.26199869,1,827,330.209897015363
507821.943153902,3881335.12950283,1,828,330.209897015363
507821.446528571,3881335.99700698,1,829,330.209897015363
507820.94990324,3881336.86451112,1,830,330.209897015363
507820.453277911,3881337.73201527,1,831,330.209897015363
507819.956652581,3881338.59951941,1,832,330.209897015363
507819.46002725,3881339.46702356,1,833,330.209897015363
507818.963401921,3881340.3345277,1,834,330.209897015363
507818.46677659,3881341.20203185,1,835,330.209897015363
507818.177149022,3881342.130945,1,836,356.742536148219
507818.120348905,3881343.12892992,1,837,356.742536148219
507818.063548787,3881344.12691484,1,838,356.742536148219
507818.006748671,3881345.12489977,1,839,356.742536148219
507817.949948554,3881346.12288469,1,840,356.742536148219
507817.893148437,3881347.12086961,1,841,356.742536148219
507817.836348318,3881348.11885453,1,842,356.742536148219
507817.779548202,3881349.11683946,1,843,356.742536148219
507817.722748084,3881350.11482438,1,844,356.742536148219
507817.665947967,3881351.11280931,1,845,356.742536148219
507817.60914785,3881352.11079423,1,846,356.742536148219
507817.552347734,3881353.10877915,1,847,356.742536148219
507817.648182898,3881354.07636714,1,848,25.7833827984883
507818.082978875,3881354.97645192,1,849,25.7833827984883
507818.517774854,3881355.87653671,1,850,25.7833827984883
507818.952570831,3881356.77662149,1,851,25.7833827984883
507819.387366809,3881357.67670627,1,852,25.7833827984883
507819.822162789,3881358.57679106,1,853,25.7833827984883
507820.256958766,3881359.47687584,1,854,25.7833827984883
507820.691754745,3881360.37696062,1,855,25.7833827984883
507821.126550724,3881361.27704541,1,856,25.7833827984883
507821.561346702,3881362.17713019,1,857,25.7833827984883
507821.996142679,3881363.07721497,1,858,25.7833827984883
507822.430938659,3881363.97729976,1,859,25.7833827984883
507822.865734635,3881364.87738454,1,860,25.7833827984883
507823.300530613,3881365.77746932,1,861,25.7833827984883
507823.765141752,3881366.66192907,1,862,29.531411954814
507824.257845242,3881367.53166663,1,863,29.531411954814
507824.750548735,3881368.40140419,1,864,29.531411954814
507825.243252224,3881369.27114176,1,865,29.531411954814
507825.735955716,3881370.14087932,1,866,29.531411954814
507826.228659209,3881371.01061689,1,867,29.531411954814
507826.7213627,3881371.88035445,1,868,29.531411954814
507827.214066192,3881372.75009201,1,869,29.531411954814
507827.706769682,3881373.61982957,1,870,29.531411954814
507828.199473175,3881374.48956714,1,871,29.531411954814
507828.692176666,3881375.3593047,1,872,29.531411954814
507829.184880155,3881376.22904227,1,873,29.531411954814
507829.677583648,3881377.09877983,1,874,29.531411954814
507830.170287139,3881377.96851739,1,875,29.531411954814
507830.66299063,3881378.83825496,1,876,29.531411954814
507831.155694122,3881379.70799252,1,877,29.531411954814
507831.648397613,3881380.57773008,1,878,29.531411954814
507832.141101106,3881381.44746765,1,879,29.531411954814
507832.633804595,3881382.31720521,1,880,29.531411954814
507833.126508087,3881383.18694278,1,881,29.531411954814
507833.619211578,3881384.05668034,1,882,29.531411954814
507834.111915071,3881384.9264179,1,883,29.531411954814
507834.604618561,3881385.79615547,1,884,29.531411954814
507835.097322053,3881386.66589303,1,885,29.531411954814
507835.590025544,3881387.53563059,1,886,29.531411954814
507836.082729035,3881388.40536816,1,887,29.531411954814
507836.575432527,3881389.27510572,1,888,29.531411954814
507837.068136018,3881390.14484329,1,889,29.531411954814
507837.560839511,3881391.01458085,1,890,29.531411954814
507838.053543003,3881391.88431841,1,891,29.531411954814
507838.546246492,3881392.75405598,1,892,29.531411954814
507839.038949985,3881393.62379354,1,893,29.531411954814
507839.531653476,3881394.4935311,1,894,29.531411954814
507840.024356968,3881395.36326867,1,895,29.531411954814
507840.517060458,3881396.23300623,1,896,29.531411954814
507841.009763949,3881397.10274379,1,897,29.531411954814
507841.50246744,3881397.97248136,1,898,29.531411954814
507841.995170932,3881398.84221892,1,899,29.531411954814
507842.487874425,3881399.71195648,1,900,29.531411954814
507842.980577915,3881400.58169405,1,901,29.531411954814
