fid,id,distance,angle
1,1,0.000000,67.886873760
2,1,1.000000,67.886873760
3,1,2.000000,67.886873760
4,1,3.000000,67.886873760
5,1,4.000000,67.886873760
6,1,5.000000,67.886873760
7,1,6.000000,67.886873760
8,1,7.000000,67.886873760
9,1,8.000000,67.886873760
10,1,9.000000,67.886873760
11,1,10.000000,67.886873760
12,1,11.000000,67.886873760
13,1,12.000000,67.886873760
14,1,13.000000,67.886873760
15,1,14.000000,67.886873760
16,1,15.000000,67.886873760
17,1,16.000000,67.886873760
18,1,17.000000,67.886873760
19,1,18.000000,67.886873760
20,1,19.000000,67.886873760
21,1,20.000000,67.886873760
22,1,21.000000,67.886873760
23,1,22.000000,67.886873760
24,1,23.000000,67.886873760
25,1,24.000000,67.886873760
26,1,25.000000,67.886873760
27,1,26.000000,67.886873760
28,1,27.000000,67.886873760
29,1,28.000000,67.886873760
30,1,29.000000,67.886873760
31,1,30.000000,67.886873760
32,1,31.000000,67.886873760
33,1,32.000000,67.886873760
34,1,33.000000,67.886873760
35,1,34.000000,67.886873760
36,1,35.000000,67.886873760
37,1,36.000000,67.886873760
38,1,37.000000,67.886873760
39,1,38.000000,67.886873760
40,1,39.000000,67.886873760
41,1,40.000000,67.886873760
42,1,41.000000,67.886873760
43,1,42.000000,67.886873760
44,1,43.000000,67.886873760
45,1,44.000000,67.886873760
46,1,45.000000,67.886873760
47,1,46.000000,67.886873760
48,1,47.000000,67.886873760
49,1,48.000000,67.886873760
50,1,49.000000,67.886873760
51,1,50.000000,67.886873760
52,1,51.000000,67.886873760
53,1,52.000000,67.886873760
54,1,53.000000,67.886873760
55,1,54.000000,67.886873760
56,1,55.000000,67.886873760
57,1,56.000000,67.886873760
58,1,57.000000,67.886873760
59,1,58.000000,67.886873760
60,1,59.000000,67.886873760
61,1,60.000000,67.886873760
62,1,61.000000,67.886873760
63,1,62.000000,67.886873760
64,1,63.000000,67.886873760
65,1,64.000000,67.886873760
66,1,65.000000,67.886873760
67,1,66.000000,67.886873760
68,1,67.000000,67.886873760
69,1,68.000000,67.886873760
70,1,69.000000,67.886873760
71,1,70.000000,67.886873760
72,1,71.000000,67.886873760
73,1,72.000000,67.886873760
74,1,73.000000,67.886873760
75,1,74.000000,67.886873760
76,1,75.000000,67.886873760
77,1,76.000000,67.886873760
78,1,77.000000,67.886873760
79,1,78.000000,67.886873760
80,1,79.000000,67.886873760
81,1,80.000000,67.886873760
82,1,81.000000,67.886873760
83,1,82.000000,67.886873760
84,1,83.000000,67.886873760
85,1,84.000000,67.886873760
86,1,85.000000,67.886873760
87,1,86.000000,67.886873760
88,1,87.000000,67.886873760
89,1,88.000000,67.886873760
90,1,89.000000,67.886873760
91,1,90.000000,67.886873760
92,1,91.000000,67.886873760
93,1,92.000000,67.886873760
94,1,93.000000,67.886873760
95,1,94.000000,67.886873760
96,1,95.000000,67.886873760
97,1,96.000000,67.886873760
98,1,97.000000,67.886873760
99,1,98.000000,67.886873760
100,1,99.000000,67.886873760
101,1,100.000000,67.886873760
102,1,101.000000,67.886873760
103,1,102.000000,67.886873760
104,1,103.000000,67.886873760
105,1,104.000000,67.886873760
106,1,105.000000,67.886873760
107,1,106.000000,67.886873760
108,1,107.000000,67.886873760
109,1,108.000000,67.886873760
110,1,109.000000,67.886873760
111,1,110.000000,67.886873760
112,1,111.000000,67.886873760
113,1,112.000000,67.886873760
114,1,113.000000,67.886873760
115,1,114.000000,67.886873760
116,1,115.000000,67.886873760
117,1,116.000000,67.886873760
118,1,117.000000,67.886873760
119,1,118.000000,67.886873760
120,1,119.000000,67.886873760
121,1,120.000000,67.886873760
122,1,121.000000,67.886873760
123,1,122.000000,67.886873760
124,1,123.000000,67.886873760
125,1,124.000000,67.886873760
126,1,125.000000,67.886873760
127,1,126.000000,67.886873760
128,1,127.000000,67.886873760
129,1,128.000000,67.886873760
130,1,129.000000,67.886873760
131,1,130.000000,67.886873760
132,1,131.000000,67.886873760
133,1,132.000000,67.886873760
134,1,133.000000,67.886873760
135,1,134.000000,67.886873760
136,1,135.000000,67.886873760
137,1,136.000000,67.886873760
138,1,137.000000,67.886873760
139,1,138.000000,67.886873760
140,1,139.000000,67.886873760
141,1,140.000000,67.886873760
142,1,141.000000,67.886873760
143,1,142.000000,67.886873760
144,1,143.000000,67.886873760
145,1,144.000000,67.886873760
146,1,145.000000,67.886873760
147,1,146.000000,67.886873760
148,1,147.000000,67.886873760
149,1,148.000000,67.886873760
150,1,149.000000,67.886873760
151,1,150.000000,67.886873760
152,1,151.000000,67.886873760
153,1,152.000000,67.886873760
154,1,153.000000,67.886873760
155,1,154.000000,67.886873760
156,1,155.000000,67.886873760
157,1,156.000000,67.886873760
158,1,157.000000,67.886873760
159,1,158.000000,67.886873760
160,1,159.000000,67.886873760
161,1,160.000000,67.886873760
162,1,161.000000,67.886873760
163,1,162.000000,67.886873760
164,1,163.000000,67.886873760
165,1,164.000000,67.886873760
166,1,165.000000,67.886873760
167,1,166.000000,67.886873760
168,1,167.000000,67.886873760
169,1,168.000000,67.886873760
170,1,169.000000,67.886873760
171,1,170.000000,67.886873760
172,1,171.000000,67.886873760
173,1,172.000000,67.886873760
174,1,173.000000,67.886873760
175,1,174.000000,67.886873760
176,1,175.000000,67.886873760
177,1,176.000000,67.886873760
178,1,177.000000,67.886873760
179,1,178.000000,67.886873760
180,1,179.000000,67.886873760
181,1,180.000000,67.886873760
182,1,181.000000,67.886873760
183,1,182.000000,67.886873760
184,1,183.000000,67.886873760
185,1,184.000000,67.886873760
186,1,185.000000,67.886873760
187,1,186.000000,67.886873760
188,1,187.000000,67.886873760
189,1,188.000000,67.886873760
190,1,189.000000,67.886873760
191,1,190.000000,67.886873760
192,1,191.000000,67.886873760
193,1,192.000000,67.886873760
194,1,193.000000,67.886873760
195,1,194.000000,67.886873760
196,1,195.000000,67.886873760
197,1,196.000000,67.886873760
198,1,197.000000,67.886873760
199,1,198.000000,67.886873760
200,1,199.000000,67.886873760
201,1,200.000000,67.886873760
202,1,201.000000,67.886873760
203,1,202.000000,67.886873760
204,1,203.000000,67.886873760
205,1,204.000000,67.886873760
206,1,205.000000,67.886873760
207,1,206.000000,67.886873760
208,1,207.000000,67.886873760
209,1,208.000000,67.886873760
210,1,209.000000,67.886873760
211,1,210.000000,67.886873760
212,1,211.000000,67.886873760
213,1,212.000000,67.886873760
214,1,213.000000,67.886873760
215,1,214.000000,67.886873760
216,1,215.000000,67.886873760
217,1,216.000000,67.886873760
218,1,217.000000,67.886873760
219,1,218.000000,67.886873760
220,1,219.000000,67.886873760
221,1,220.000000,67.886873760
222,1,221.000000,67.886873760
223,1,222.000000,67.886873760
224,1,223.000000,67.886873760
225,1,224.000000,67.886873760
226,1,225.000000,67.886873760
227,1,226.000000,67.886873760
228,1,227.000000,67.886873760
229,1,228.000000,67.886873759
230,1,229.000000,67.886873758
231,1,230.000000,67.886873757
232,1,231.000000,67.886873753
233,1,232.000000,67.886873747
234,1,233.000000,67.886873734
235,1,234.000000,67.886873709
236,1,235.000000,67.886873664
237,1,236.000000,67.886873579
238,1,237.000000,67.886873425
239,1,238.000000,67.886873145
240,1,239.000000,67.886872644
241,1,240.000000,67.886871758
242,1,241.000000,67.886870208
243,1,242.000000,67.886867524
244,1,243.000000,67.886862932
245,1,244.000000,67.886855160
246,1,245.000000,67.886842154
247,1,246.000000,67.886820626
248,1,247.000000,67.886785384
249,1,248.000000,67.886728327
250,1,249.000000,67.886636957
251,1,250.000000,67.886492236
252,1,251.000000,67.886265502
253,1,252.000000,67.885914130
254,1,253.000000,67.885375494
255,1,254.000000,67.884558690
256,1,255.000000,67.883333376
257,1,256.000000,67.881514933
258,1,257.000000,67.878845044
259,1,258.000000,67.874966688
260,1,259.000000,67.869392428
261,1,260.000000,67.861464852
262,1,261.000000,67.850308001
263,1,262.000000,67.834768644
264,1,263.000000,67.813346345
265,1,264.000000,67.784111313
266,1,265.000000,67.744609060
267,1,266.000000,67.691750794
268,1,267.000000,67.621688140
269,1,268.000000,67.529670214
270,1,269.000000,67.409880021
271,1,270.000000,67.255245707
272,1,271.000000,67.057220294
273,1,272.000000,66.805521257
274,1,273.000000,66.487819000
275,1,274.000000,66.089361346
276,1,275.000000,65.592520401
277,1,276.000000,64.976249954
278,1,277.000000,64.215447976
279,1,278.000000,63.280233353
280,1,279.000000,62.135174156
281,1,280.000000,60.738554988
282,1,281.000000,59.041854943
283,1,282.000000,56.989739794
284,1,283.000000,54.263414682
285,1,284.000000,50.964541604
286,1,285.000000,47.251662604
287,1,286.000000,42.847926972
288,1,287.000000,36.769757101
289,1,288.000000,31.037015521
290,1,289.000000,24.027483774
291,1,290.000000,17.212968962
292,1,291.000000,10.799689696
293,1,292.000000,4.391345094
294,1,293.000000,359.522223891
295,1,294.000000,355.023110633
296,1,295.000000,351.101121606
297,1,296.000000,348.152350292
298,1,297.000000,345.643493565
299,1,298.000000,343.504590662
300,1,299.000000,341.668926000
301,1,300.000000,339.976326874
302,1,301.000000,338.585389609
303,1,302.000000,337.341539310
304,1,303.000000,336.186670405
305,1,304.000000,335.087341922
306,1,305.000000,334.014517504
307,1,306.000000,332.943206175
308,1,307.000000,331.852236603
309,1,308.000000,330.724153100
310,1,309.000000,329.545205342
311,1,310.000000,328.305391584
312,1,311.000000,326.998506248
313,1,312.000000,325.622137510
314,1,313.000000,324.177560870
315,1,314.000000,322.669482404
316,1,315.000000,321.105602001
317,1,316.000000,319.495991655
318,1,317.000000,317.852313939
319,1,318.000000,316.166667816
320,1,319.000000,314.431600254
321,1,320.000000,312.759860814
322,1,321.000000,311.100243875
323,1,322.000000,309.459290893
324,1,323.000000,307.841048794
325,1,324.000000,306.247157451
326,1,325.000000,304.677159322
327,1,326.000000,303.128988617
328,1,327.000000,301.599589680
329,1,328.000000,300.085612187
330,1,329.000000,298.584131774
331,1,330.000000,297.093346709
332,1,331.000000,295.613203244
333,1,332.000000,294.145904706
334,1,333.000000,292.696263601
335,1,334.000000,291.271864019
336,1,335.000000,289.883014788
337,1,336.000000,288.542492427
338,1,337.000000,287.265095136
339,1,338.000000,286.067051329
340,1,339.000000,284.965343723
341,1,340.000000,283.964850882
342,1,341.000000,283.096104856
343,1,342.000000,282.393983232
344,1,343.000000,281.851603818
345,1,344.000000,281.480912338
346,1,345.000000,281.292064444
347,1,346.000000,281.293389350
348,1,347.000000,281.491382679
349,1,348.000000,281.890688868
350,1,349.000000,282.494040993
351,1,350.000000,283.302137347
352,1,351.000000,284.313448154
353,1,352.000000,285.523961103
354,1,353.000000,286.926889938
355,1,354.000000,288.512384745
356,1,355.000000,290.267294119
357,1,356.000000,292.175035808
358,1,357.000000,294.215631231
359,1,358.000000,296.365948633
360,1,359.000000,298.600178892
361,1,360.000000,301.046470992
362,1,361.000000,303.370904739
363,1,362.000000,305.680028456
364,1,363.000000,307.953600484
365,1,364.000000,310.166633895
366,1,365.000000,312.297222488
367,1,366.000000,314.327045745
368,1,367.000000,316.241629554
369,1,368.000000,318.030377463
370,1,369.000000,319.686408525
371,1,370.000000,321.206249614
372,1,371.000000,322.589432785
373,1,372.000000,323.838044063
374,1,373.000000,324.956261459
375,1,374.000000,325.949909868
376,1,375.000000,326.826050541
377,1,376.000000,327.592614468
378,1,377.000000,328.258082620
379,1,378.000000,328.831211784
380,1,379.000000,329.320802233
381,1,380.000000,329.735502434
382,1,381.000000,330.083645809
383,1,382.000000,330.373114925
384,1,383.000000,330.611228982
385,1,384.000000,330.804650941
386,1,385.000000,330.959310954
387,1,386.000000,331.080342861
388,1,387.000000,331.172030525
389,1,388.000000,331.237760686
390,1,389.000000,331.279978945
391,1,390.000000,331.300145480
392,1,391.000000,331.298687180
393,1,392.000000,331.274943020
394,1,393.000000,331.227099578
395,1,394.000000,331.151896390
396,1,395.000000,331.044377201
397,1,396.000000,330.899375115
398,1,397.000000,330.708916973
399,1,398.000000,330.463465006
400,1,399.000000,330.151344593
401,1,400.000000,329.758423638
402,1,401.000000,329.267719768
403,1,402.000000,328.658927404
404,1,403.000000,327.907864142
405,1,404.000000,326.985851163
406,1,405.000000,325.859070631
407,1,406.000000,324.487991287
408,1,407.000000,322.827031541
409,1,408.000000,320.824747452
410,1,409.000000,318.335725079
411,1,410.000000,315.024313858
412,1,411.000000,311.458683594
413,1,412.000000,307.319297492
414,1,413.000000,301.878896192
415,1,414.000000,296.104662506
416,1,415.000000,290.214833934
417,1,416.000000,283.065823277
418,1,417.000000,277.292605002
419,1,418.000000,271.346337371
420,1,419.000000,266.119745296
421,1,420.000000,261.997233160
422,1,421.000000,258.420170004
423,1,422.000000,255.078978598
424,1,423.000000,252.693013135
425,1,424.000000,250.703150341
426,1,425.000000,249.053224892
427,1,426.000000,247.691818075
428,1,427.000000,246.573393022
429,1,428.000000,245.658461866
430,1,429.000000,244.913232967
431,1,430.000000,244.309023004
432,1,431.000000,243.821601122
433,1,432.000000,243.430554760
434,1,433.000000,243.115679441
435,1,434.000000,242.869654073
436,1,435.000000,242.676849176
437,1,436.000000,242.525976485
438,1,437.000000,242.408908523
439,1,438.000000,242.318869776
440,1,439.000000,242.250252171
441,1,440.000000,242.198452366
442,1,441.000000,242.159726737
443,1,442.000000,242.131061497
444,1,443.000000,242.110056433
445,1,444.000000,242.094821457
446,1,445.000000,242.083885468
447,1,446.000000,242.076117071
448,1,447.000000,242.070656627
449,1,448.000000,242.066858937
450,1,449.000000,242.064245675
451,1,450.000000,242.062466585
452,1,451.000000,242.061268334
453,1,452.000000,242.060469942
454,1,453.000000,242.059943695
455,1,454.000000,242.059600568
456,1,455.000000,242.059379259
457,1,456.000000,242.059238067
458,1,457.000000,242.059148967
459,1,458.000000,242.059093354
460,1,459.000000,242.059059020
461,1,460.000000,242.059038056
462,1,461.000000,242.059025396
463,1,462.000000,242.059017836
464,1,463.000000,242.059013370
465,1,464.000000,242.059010761
466,1,465.000000,242.059009255
467,1,466.000000,242.059008394
468,1,467.000000,242.059007908
469,1,468.000000,242.059007637
470,1,469.000000,242.059007487
471,1,470.000000,242.059007405
472,1,471.000000,242.059007361
473,1,472.000000,242.059007338
474,1,473.000000,242.059007327
475,1,474.000000,242.059007322
476,1,475.000000,242.059007322
477,1,476.000000,242.059007328
478,1,477.000000,242.059007340
479,1,478.000000,242.059007366
480,1,479.000000,242.059007414
481,1,480.000000,242.059007503
482,1,481.000000,242.059007666
483,1,482.000000,242.059007960
484,1,483.000000,242.059008487
485,1,484.000000,242.059009418
486,1,485.000000,242.059011045
487,1,486.000000,242.059013858
488,1,487.000000,242.059018665
489,1,488.000000,242.059026790
490,1,489.000000,242.059040372
491,1,490.000000,242.059062827
492,1,491.000000,242.059099542
493,1,492.000000,242.059158918
494,1,493.000000,242.059253893
495,1,494.000000,242.059404156
496,1,495.000000,242.059639313
497,1,496.000000,242.060003340
498,1,497.000000,242.060560776
499,1,498.000000,242.061405185
500,1,499.000000,242.062670573
501,1,500.000000,242.064546526
502,1,501.000000,242.067297996
503,1,502.000000,242.071290745
504,1,503.000000,242.077023540
505,1,504.000000,242.085168251
506,1,505.000000,242.096618964
507,1,506.000000,242.112551219
508,1,507.000000,242.134492340
509,1,508.000000,242.164403751
510,1,509.000000,242.204776095
511,1,510.000000,242.258737992
512,1,511.000000,242.330179502
513,1,512.000000,242.423891842
514,1,513.000000,242.545725730
515,1,514.000000,242.702771995
516,1,515.000000,242.903569638
517,1,516.000000,243.158348389
518,1,517.000000,243.479314502
519,1,518.000000,243.880989733
520,1,519.000000,244.380613101
521,1,520.000000,244.998612059
522,1,521.000000,245.759141788
523,1,522.000000,246.690675544
524,1,523.000000,247.826600401
525,1,524.000000,249.205724712
526,1,525.000000,250.872527529
527,1,526.000000,252.876867246
528,1,527.000000,255.524504730
529,1,528.000000,258.666081389
530,1,529.000000,262.199496212
531,1,530.000000,266.288159457
532,1,531.000000,271.817393707
533,1,532.000000,277.296254377
534,1,533.000000,283.163868216
535,1,534.000000,290.019383260
536,1,535.000000,295.660167637
537,1,536.000000,301.475509672
538,1,537.000000,306.588061646
539,1,538.000000,310.644159575
540,1,539.000000,314.144962002
541,1,540.000000,317.456723210
542,1,541.000000,319.846356225
543,1,542.000000,321.826223188
544,1,543.000000,323.471125828
545,1,544.000000,324.830841382
546,1,545.000000,325.949704090
547,1,546.000000,326.866345952
548,1,547.000000,327.613965822
549,1,548.000000,328.220848243
550,1,549.000000,328.710965332
551,1,550.000000,329.104570175
552,1,551.000000,329.418737498
553,1,552.000000,329.667835364
554,1,553.000000,329.863927152
555,1,554.000000,330.017674123
556,1,555.000000,330.136216430
557,1,556.000000,330.227065986
558,1,557.000000,330.296330438
559,1,558.000000,330.348639229
560,1,559.000000,330.387760128
561,1,560.000000,330.416728447
562,1,561.000000,330.437963039
563,1,562.000000,330.453369739
564,1,563.000000,330.464432675
565,1,564.000000,330.472293812
566,1,565.000000,330.477821213
567,1,566.000000,330.481666678
568,1,567.000000,330.484313626
569,1,568.000000,330.486116176
570,1,569.000000,330.487330543
571,1,570.000000,330.488139818
572,1,571.000000,330.488673217
573,1,572.000000,330.489020786
574,1,573.000000,330.489244451
575,1,574.000000,330.489386184
576,1,575.000000,330.489473913
577,1,576.000000,330.489525716
578,1,577.000000,330.489552680
579,1,578.000000,330.489560743
580,1,579.000000,330.489551706
581,1,580.000000,330.489523552
582,1,581.000000,330.489470092
583,1,582.000000,330.489379905
584,1,583.000000,330.489234455
585,1,584.000000,330.489005156
586,1,585.000000,330.488649104
587,1,586.000000,330.488103049
588,1,587.000000,330.487275087
589,1,588.000000,330.486033420
590,1,589.000000,330.484191408
591,1,590.000000,330.481488011
592,1,591.000000,330.477562597
593,1,592.000000,330.471923039
594,1,593.000000,330.463905933
595,1,594.000000,330.452627801
596,1,595.000000,330.436926164
597,1,596.000000,330.415289469
598,1,597.000000,330.385774905
599,1,598.000000,330.345913248
600,1,599.000000,330.292599742
601,1,600.000000,330.221969832
602,1,601.000000,330.129257988
603,1,602.000000,330.008636940
604,1,603.000000,329.853033344
605,1,604.000000,329.653914129
606,1,605.000000,329.401035818
607,1,606.000000,329.082147070
608,1,607.000000,328.682633234
609,1,608.000000,328.185091522
610,1,609.000000,327.568827925
611,1,610.000000,326.809274204
612,1,611.000000,325.877338678
613,1,612.000000,324.738732952
614,1,613.000000,323.353365919
615,1,614.000000,321.674976169
616,1,615.000000,319.651295506
617,1,616.000000,316.996872929
618,1,617.000000,313.765465476
619,1,618.000000,310.155606693
620,1,619.000000,305.963699599
621,1,620.000000,300.178433176
622,1,621.000000,294.582367290
623,1,622.000000,288.275245297
624,1,623.000000,281.389963904
625,1,624.000000,275.571240500
626,1,625.000000,269.256947237
627,1,626.000000,264.365831122
628,1,627.000000,260.244856557
629,1,628.000000,256.444187638
630,1,629.000000,253.376778051
631,1,630.000000,251.008511341
632,1,631.000000,249.037028615
633,1,632.000000,247.405203884
634,1,633.000000,246.060993048
635,1,634.000000,244.958483935
636,1,635.000000,244.057991924
637,1,636.000000,243.320710192
638,1,637.000000,242.716951648
639,1,638.000000,242.248237271
640,1,639.000000,241.871095757
641,1,640.000000,241.569572949
642,1,641.000000,241.330178084
643,1,642.000000,241.141527317
644,1,643.000000,240.994045594
645,1,644.000000,240.879715544
646,1,645.000000,240.791863205
647,1,646.000000,240.724972312
648,1,647.000000,240.674521001
649,1,648.000000,240.636836702
650,1,649.000000,240.608966539
651,1,650.000000,240.588561671
652,1,651.000000,240.573774641
653,1,652.000000,240.563169169
654,1,653.000000,240.555641869
655,1,654.000000,240.550355292
656,1,655.000000,240.546681558
657,1,656.000000,240.544155663
658,1,657.000000,240.542437448
659,1,658.000000,240.541281133
660,1,659.000000,240.540511299
661,1,660.000000,240.540004279
662,1,661.000000,240.539673950
663,1,662.000000,240.539461063
664,1,663.000000,240.539325350
665,1,664.000000,240.539239774
666,1,665.000000,240.539186401
667,1,666.000000,240.539153475
668,1,667.000000,240.539133387
669,1,668.000000,240.539121265
670,1,669.000000,240.539114030
671,1,670.000000,240.539109761
672,1,671.000000,240.539107268
673,1,672.000000,240.539105830
674,1,673.000000,240.539105009
675,1,674.000000,240.539104546
676,1,675.000000,240.539104287
677,1,676.000000,240.539104144
678,1,677.000000,240.539104067
679,1,678.000000,240.539104025
680,1,679.000000,240.539104002
681,1,680.000000,240.539103990
682,1,681.000000,240.539103984
683,1,682.000000,240.539103981
684,1,683.000000,240.539103980
685,1,684.000000,240.539103979
686,1,685.000000,240.539103978
687,1,686.000000,240.539103978
688,1,687.000000,240.539103978
689,1,688.000000,240.539103978
690,1,689.000000,240.539103978
691,1,690.000000,240.539103978
692,1,691.000000,240.539103978
693,1,692.000000,240.539103978
694,1,693.000000,240.539103979
695,1,694.000000,240.539103980
696,1,695.000000,240.539103982
697,1,696.000000,240.539103986
698,1,697.000000,240.539103994
699,1,698.000000,240.539104009
700,1,699.000000,240.539104037
701,1,700.000000,240.539104089
702,1,701.000000,240.539104185
703,1,702.000000,240.539104361
704,1,703.000000,240.539104679
705,1,704.000000,240.539105245
706,1,705.000000,240.539106245
707,1,706.000000,240.539107989
708,1,707.000000,240.539110999
709,1,708.000000,240.539116134
710,1,709.000000,240.539124800
711,1,710.000000,240.539139263
712,1,711.000000,240.539163136
713,1,712.000000,240.539202107
714,1,713.000000,240.539265031
715,1,714.000000,240.539365524
716,1,715.000000,240.539524272
717,1,716.000000,240.539772325
718,1,717.000000,240.540155732
719,1,718.000000,240.540741959
720,1,719.000000,240.541628657
721,1,720.000000,240.542955455
722,1,721.000000,240.544919572
723,1,722.000000,240.547796183
724,1,723.000000,240.551964552
725,1,724.000000,240.557941030
726,1,725.000000,240.566420069
727,1,726.000000,240.578324360
728,1,727.000000,240.594865180
729,1,728.000000,240.617613905
730,1,729.000000,240.648585577
731,1,730.000000,240.690335328
732,1,731.000000,240.746068537
733,1,732.000000,240.819765854
734,1,733.000000,240.916324775
735,1,734.000000,241.041720380
736,1,735.000000,241.203189216
737,1,736.000000,241.409442003
738,1,737.000000,241.670912877
739,1,738.000000,242.000054783
740,1,739.000000,242.411692025
741,1,740.000000,242.923440910
742,1,741.000000,243.556206616
743,1,742.000000,244.334756639
744,1,743.000000,245.288355207
745,1,744.000000,246.451413703
746,1,745.000000,247.864062000
747,1,746.000000,249.572464960
748,1,747.000000,251.759680415
749,1,748.000000,254.528128784
750,1,749.000000,257.626534340
751,1,750.000000,261.270767630
752,1,751.000000,265.910777126
753,1,752.000000,271.425714988
754,1,753.000000,276.924434500
755,1,754.000000,283.799330654
756,1,755.000000,290.050314085
757,1,756.000000,296.138945044
758,1,757.000000,302.205423900
759,1,758.000000,306.848637662
760,1,759.000000,310.994581292
761,1,760.000000,314.853911847
762,1,761.000000,317.633422747
763,1,762.000000,319.962460377
764,1,763.000000,321.900123211
765,1,764.000000,323.503029706
766,1,765.000000,324.822746507
767,1,766.000000,325.920940851
768,1,767.000000,326.823323531
769,1,768.000000,327.524269783
770,1,769.000000,328.095852686
771,1,770.000000,328.560454482
772,1,771.000000,328.937234134
773,1,772.000000,329.242654080
774,1,773.000000,329.490937016
775,1,774.000000,329.694458949
776,1,775.000000,329.864088253
777,1,776.000000,330.009480600
778,1,777.000000,330.139338077
779,1,778.000000,330.261638493
780,1,779.000000,330.383838402
781,1,780.000000,330.513051254
782,1,781.000000,330.656200418
783,1,782.000000,330.820145771
784,1,783.000000,331.011782057
785,1,784.000000,331.238107267
786,1,785.000000,331.506259613
787,1,786.000000,331.823522302
788,1,787.000000,332.197295984
789,1,788.000000,332.635039454
790,1,789.000000,333.144179789
791,1,790.000000,333.731993708
792,1,791.000000,334.405462513
793,1,792.000000,335.171103579
794,1,793.000000,336.034782228
795,1,794.000000,337.001508824
796,1,795.000000,338.075227241
797,1,796.000000,339.258602313
798,1,797.000000,340.552815378
799,1,798.000000,341.957378269
800,1,799.000000,343.469976941
801,1,800.000000,345.086355966
802,1,801.000000,346.800254389
803,1,802.000000,348.603401801
804,1,803.000000,350.485581144
805,1,804.000000,352.434761899
806,1,805.000000,354.437304175
807,1,806.000000,356.594796651
808,1,807.000000,358.664808387
809,1,808.000000,0.731882620
810,1,809.000000,2.784471634
811,1,810.000000,4.806281004
812,1,811.000000,6.781884573
813,1,812.000000,8.697122868
814,1,813.000000,10.539444382
815,1,814.000000,12.298171375
816,1,815.000000,13.964677509
817,1,816.000000,15.532471694
818,1,817.000000,16.997190170
819,1,818.000000,18.356505753
820,1,819.000000,19.609968539
821,1,820.000000,20.758795589
822,1,821.000000,21.805628119
823,1,822.000000,22.754273772
824,1,823.000000,23.609449199
825,1,824.000000,24.376535052
826,1,825.000000,25.061352088
827,1,826.000000,25.669963936
828,1,827.000000,26.208509298
829,1,828.000000,26.683064225
830,1,829.000000,27.099533454
831,1,830.000000,27.463568685
832,1,831.000000,27.780510944
833,1,832.000000,28.055353782
834,1,833.000000,28.292723855
835,1,834.000000,28.496875474
836,1,835.000000,28.671695857
837,1,836.000000,28.820718115
838,1,837.000000,28.947139333
839,1,838.000000,29.053841606
840,1,839.000000,29.143414291
841,1,840.000000,29.218176248
842,1,841.000000,29.280197231
843,1,842.000000,29.331317998
844,1,843.000000,29.373168964
845,1,844.000000,29.407187454
846,1,845.000000,29.434633723
847,1,846.000000,29.456605969
848,1,847.000000,29.474054566
849,1,848.000000,29.487795685
850,1,849.000000,29.498524423
851,1,850.000000,29.506827484
852,1,851.000000,29.513195404
853,1,852.000000,29.518034236
854,1,853.000000,29.521676630
855,1,854.000000,29.524392189
856,1,855.000000,29.526397011
857,1,856.000000,29.527862344
858,1,857.000000,29.528922302
859,1,858.000000,29.529680630
860,1,859.000000,29.530216514
861,1,860.000000,29.530589482
862,1,861.000000,29.530843436
863,1,862.000000,29.531009886
864,1,863.000000,29.531110443
865,1,864.000000,29.531158634
866,1,865.000000,29.531161093
867,1,865.054152,29.531161093
