fid,id,distance,angle
1,1,0,67.8868737602016
2,1,1,67.8868737602016
3,1,2,67.8868737602016
4,1,3,67.8868737602016
5,1,4,67.8868737602016
6,1,5,67.8868737602016
7,1,6,67.8868737602016
8,1,7,67.8868737602016
9,1,8,67.8868737602016
10,1,9,67.8868737602016
11,1,10,67.8868737602016
12,1,11,67.8868737602016
13,1,12,67.8868737602016
14,1,13,67.8868737602016
15,1,14,67.8868737602016
16,1,15,67.8868737602016
17,1,16,67.8868737602016
18,1,17,67.8868737602016
19,1,18,67.8868737602016
20,1,19,67.8868737602016
21,1,20,67.8868737602016
22,1,21,67.8868737602016
23,1,22,67.8868737602016
24,1,23,67.8868737602016
25,1,24,67.8868737602016
26,1,25,67.8868737602016
27,1,26,67.8868737602016
28,1,27,67.8868737602016
29,1,28,67.8868737602016
30,1,29,67.8868737602016
31,1,30,67.8868737602016
32,1,31,67.8868737602016
33,1,32,67.8868737602016
34,1,33,67.8868737602016
35,1,34,67.8868737602016
36,1,35,67.8868737602016
37,1,36,67.8868737602016
38,1,37,67.8868737602016
39,1,38,67.8868737602016
40,1,39,67.8868737602016
41,1,40,67.8868737602016
42,1,41,67.8868737602016
43,1,42,67.8868737602016
44,1,43,67.8868737602016
45,1,44,67.8868737602016
46,1,45,67.8868737602016
47,1,46,67.8868737602016
48,1,47,67.8868737602016
49,1,48,67.8868737602016
50,1,49,67.8868737602016
51,1,50,67.8868737602016
52,1,51,67.8868737602016
53,1,52,67.8868737602016
54,1,53,67.8868737602016
55,1,54,67.8868737602016
56,1,55,67.8868737602016
57,1,56,67.8868737602016
58,1,57,67.8868737602016
59,1,58,67.8868737602016
60,1,59,67.8868737602016
61,1,60,67.8868737602016
62,1,61,67.8868737602016
63,1,62,67.8868737602016
64,1,63,67.8868737602016
65,1,64,67.8868737602016
66,1,65,67.8868737602016
67,1,66,67.8868737602016
68,1,67,67.8868737602016
69,1,68,67.8868737602016
70,1,69,67.8868737602016
71,1,70,67.8868737602016
72,1,71,67.8868737602016
73,1,72,67.8868737602016
74,1,73,67.8868737602016
75,1,74,67.8868737602016
76,1,75,67.8868737602016
77,1,76,67.8868737602016
78,1,77,67.8868737602016
79,1,78,67.8868737602016
80,1,79,67.8868737602016
81,1,80,67.8868737602016
82,1,81,67.8868737602016
83,1,82,67.8868737602016
84,1,83,67.8868737602016
85,1,84,67.8868737602016
86,1,85,67.8868737602016
87,1,86,67.8868737602016
88,1,87,67.8868737602016
89,1,88,67.8868737602016
90,1,89,67.8868737602016
91,1,90,67.8868737602016
92,1,91,67.8868737602016
93,1,92,67.8868737602016
94,1,93,67.8868737602016
95,1,94,67.8868737602016
96,1,95,67.8868737602016
97,1,96,67.8868737602016
98,1,97,67.8868737602016
99,1,98,67.8868737602016
100,1,99,67.8868737602016
101,1,100,67.8868737602016
102,1,101,67.8868737602016
103,1,102,67.8868737602016
104,1,103,67.8868737602016
105,1,104,67.8868737602016
106,1,105,67.8868737602016
107,1,106,67.8868737602016
108,1,107,67.8868737602016
109,1,108,67.8868737602016
110,1,109,67.8868737602016
111,1,110,67.8868737602016
112,1,111,67.8868737602016
113,1,112,67.8868737602016
114,1,113,67.8868737602016
115,1,114,67.8868737602016
116,1,115,67.8868737602016
117,1,116,67.8868737602016
118,1,117,67.8868737602016
119,1,118,67.8868737602016
120,1,119,67.8868737602016
121,1,120,67.8868737602016
122,1,121,67.8868737602016
123,1,122,67.8868737602016
124,1,123,67.8868737602016
125,1,124,67.8868737602016
126,1,125,67.8868737602016
127,1,126,67.8868737602016
128,1,127,67.8868737602016
129,1,128,67.8868737602016
130,1,129,67.8868737602016
131,1,130,67.8868737602016
132,1,131,67.8868737602016
133,1,132,67.8868737602016
134,1,133,67.8868737602016
135,1,134,67.8868737602016
136,1,135,67.8868737602016
137,1,136,67.8868737602016
138,1,137,67.8868737602016
139,1,138,67.8868737602016
140,1,139,67.8868737602016
141,1,140,67.8868737602016
142,1,141,67.8868737602016
143,1,142,67.8868737602016
144,1,143,67.8868737602016
145,1,144,67.8868737602016
146,1,145,67.8868737602016
147,1,146,67.8868737602016
148,1,147,67.8868737602016
149,1,148,67.8868737602016
150,1,149,67.8868737602016
151,1,150,67.8868737602016
152,1,151,67.8868737602016
153,1,152,67.8868737602016
154,1,153,67.8868737602016
155,1,154,67.8868737602016
156,1,155,67.8868737602016
157,1,156,67.8868737602016
158,1,157,67.8868737602016
159,1,158,67.8868737602016
160,1,159,67.8868737602016
161,1,160,67.8868737602016
162,1,161,67.8868737602016
163,1,162,67.8868737602016
164,1,163,67.8868737602016
165,1,164,67.8868737602016
166,1,165,67.8868737602016
167,1,166,67.8868737602016
168,1,167,67.8868737602016
169,1,168,67.8868737602016
170,1,169,67.8868737602016
171,1,170,67.8868737602016
172,1,171,67.8868737602016
173,1,172,67.8868737602016
174,1,173,67.8868737602016
175,1,174,67.8868737602016
176,1,175,67.8868737602016
177,1,176,67.8868737602016
178,1,177,67.8868737602016
179,1,178,67.8868737602016
180,1,179,67.8868737602016
181,1,180,67.8868737602016
182,1,181,67.8868737602016
183,1,182,67.8868737602016
184,1,183,67.8868737602016
185,1,184,67.8868737602016
186,1,185,67.8868737602016
187,1,186,67.8868737602016
188,1,187,67.8868737602016
189,1,188,67.8868737602016
190,1,189,67.8868737602016
191,1,190,67.8868737602016
192,1,191,67.8868737602016
193,1,192,67.8868737602016
194,1,193,67.8868737602016
195,1,194,67.8868737602016
196,1,195,67.8868737602016
197,1,196,67.8868737602016
198,1,197,67.8868737602016
199,1,198,67.8868737602016
200,1,199,67.8868737602016
201,1,200,67.8868737602016
202,1,201,67.8868737602016
203,1,202,67.8868737602016
204,1,203,67.8868737602016
205,1,204,67.8868737602016
206,1,205,67.8868737602016
207,1,206,67.8868737602016
208,1,207,67.8868737602016
209,1,208,67.8868737602016
210,1,209,67.8868737602016
211,1,210,67.8868737602016
212,1,211,67.8868737602016
213,1,212,67.8868737602016
214,1,213,67.8868737602016
215,1,214,67.8868737602016
216,1,215,67.8868737602016
217,1,216,67.8868737602016
218,1,217,67.8868737602016
219,1,218,67.8868737602016
220,1,219,67.8868737602016
221,1,220,67.8868737602016
222,1,221,67.8868737602016
223,1,222,67.8868737602016
224,1,223,67.8868737602016
225,1,224,67.8868737602016
226,1,225,67.8868737602016
227,1,226,67.8868737602016
228,1,227,67.8868737602016
229,1,228,67.8868737602016
230,1,229,67.8868737602016
231,1,230,67.8868737602016
232,1,231,67.8868737602016
233,1,232,67.8868737602016
234,1,233,67.8868737602016
235,1,234,67.8868737602016
236,1,235,67.8868737602016
237,1,236,67.8868737602016
238,1,237,67.8868737602016
239,1,238,67.8868737602016
240,1,239,67.8868737602016
241,1,240,67.8868737602016
242,1,241,67.8868737602016
243,1,242,67.8868737602016
244,1,243,67.8868737602016
245,1,244,67.8868737602016
246,1,245,67.8868737602016
247,1,246,67.8868737602016
248,1,247,67.8868737602016
249,1,248,67.8868737602016
250,1,249,67.8868737602016
251,1,250,67.8868737602016
252,1,251,67.8868737602016
253,1,252,67.8868737602016
254,1,253,67.8868737602016
255,1,254,67.8868737602016
256,1,255,67.8868737602016
257,1,256,67.8868737602016
258,1,257,67.8868737602016
259,1,258,67.8868737602016
260,1,259,67.8868737602016
261,1,260,67.8868737602016
262,1,261,67.8868737602016
263,1,262,67.8868737602016
264,1,263,67.8868737602016
265,1,264,67.8868737602016
266,1,265,67.8868737602016
267,1,266,67.8868737602016
268,1,267,67.8868737602016
269,1,268,67.8868737602016
270,1,269,67.8868737602016
271,1,270,67.8868737602016
272,1,271,67.8868737602016
273,1,272,67.8868737602016
274,1,273,67.8868737602016
275,1,274,67.8868737602016
276,1,275,67.8868737602016
277,1,276,67.8868737602016
278,1,277,67.8868737602016
279,1,278,67.8868737602016
280,1,279,67.8868737602016
281,1,280,67.8868737602016
282,1,281,67.8868737602016
283,1,282,67.8868737602016
284,1,283,67.8868737602016
285,1,284,67.8868737602016
286,1,285,67.8868737602016
287,1,286,67.8868737602016
288,1,287,67.8868737602016
289,1,288,67.8868737602016
290,1,289,67.8868737602016
291,1,290,67.8868737602016
292,1,291,67.8868737602016
293,1,292,67.8868737602016
294,1,293,336.070724813333
295,1,294,336.070724813333
296,1,295,336.070724813333
297,1,296,336.070724813333
298,1,297,336.070724813333
299,1,298,336.070724813333
300,1,299,336.070724813333
301,1,300,336.070724813333
302,1,301,336.070724813333
303,1,302,336.070724813333
304,1,303,336.070724813333
305,1,304,336.070724813333
306,1,305,336.070724813333
307,1,306,336.070724813333
308,1,307,336.070724813333
309,1,308,336.070724813333
310,1,309,336.070724813333
311,1,310,336.070724813333
312,1,311,336.070724813333
313,1,312,336.070724813333
314,1,313,336.070724813333
315,1,314,336.070724813333
316,1,315,336.070724813333
317,1,316,336.070724813333
318,1,317,336.070724813333
319,1,318,336.070724813333
320,1,319,336.070724813333
321,1,320,336.070724813333
322,1,321,336.070724813333
323,1,322,336.070724813333
324,1,323,336.070724813333
325,1,324,301.727866841466
326,1,325,301.727866841466
327,1,326,301.727866841466
328,1,327,301.727866841466
329,1,328,301.727866841466
330,1,329,301.727866841466
331,1,330,301.727866841466
332,1,331,301.727866841466
333,1,332,301.727866841466
334,1,333,301.727866841466
335,1,334,301.727866841466
336,1,335,301.727866841466
337,1,336,301.727866841466
338,1,337,301.727866841466
339,1,338,301.727866841466
340,1,339,301.727866841466
341,1,340,301.727866841466
342,1,341,301.727866841466
343,1,342,301.727866841466
344,1,343,301.727866841466
345,1,344,301.727866841466
346,1,345,271.215504855072
347,1,346,271.215504855072
348,1,347,271.215504855072
349,1,348,271.215504855072
350,1,349,271.215504855072
351,1,350,271.215504855072
352,1,351,271.215504855072
353,1,352,271.215504855072
354,1,353,271.215504855072
355,1,354,271.215504855072
356,1,355,271.215504855072
357,1,356,271.215504855072
358,1,357,271.215504855072
359,1,358,271.215504855072
360,1,359,271.215504855072
361,1,360,271.215504855072
362,1,361,271.215504855072
363,1,362,271.215504855072
364,1,363,271.215504855072
365,1,364,296.494904720693
366,1,365,296.494904720693
367,1,366,296.494904720693
368,1,367,296.494904720693
369,1,368,296.494904720693
370,1,369,296.494904720693
371,1,370,296.494904720693
372,1,371,310.471286450254
373,1,372,310.471286450254
374,1,373,310.471286450254
375,1,374,310.471286450254
376,1,375,310.471286450254
377,1,376,331.547509422362
378,1,377,331.547509422362
379,1,378,331.547509422362
380,1,379,331.547509422362
381,1,380,331.547509422362
382,1,381,331.547509422362
383,1,382,331.547509422362
384,1,383,331.547509422362
385,1,384,331.547509422362
386,1,385,331.547509422362
387,1,386,331.547509422362
388,1,387,331.547509422362
389,1,388,331.547509422362
390,1,389,331.547509422362
391,1,390,331.547509422362
392,1,391,331.547509422362
393,1,392,331.547509422362
394,1,393,331.547509422362
395,1,394,331.547509422362
396,1,395,331.547509422362
397,1,396,331.547509422362
398,1,397,331.547509422362
399,1,398,331.547509422362
400,1,399,331.547509422362
401,1,400,331.547509422362
402,1,401,331.547509422362
403,1,402,331.547509422362
404,1,403,331.547509422362
405,1,404,331.547509422362
406,1,405,331.547509422362
407,1,406,331.547509422362
408,1,407,331.547509422362
409,1,408,331.547509422362
410,1,409,331.547509422362
411,1,410,331.547509422362
412,1,411,331.547509422362
413,1,412,331.547509422362
414,1,413,331.547509422362
415,1,414,331.547509422362
416,1,415,331.547509422362
417,1,416,331.547509422362
418,1,417,331.547509422362
419,1,418,331.547509422362
420,1,419,331.547509422362
421,1,420,331.547509422362
422,1,421,331.547509422362
423,1,422,331.547509422362
424,1,423,331.547509422362
425,1,424,331.547509422362
426,1,425,331.547509422362
427,1,426,331.547509422362
428,1,427,331.547509422362
429,1,428,331.547509422362
430,1,429,242.059007311464
431,1,430,242.059007311464
432,1,431,242.059007311464
433,1,432,242.059007311464
434,1,433,242.059007311464
435,1,434,242.059007311464
436,1,435,242.059007311464
437,1,436,242.059007311464
438,1,437,242.059007311464
439,1,438,242.059007311464
440,1,439,242.059007311464
441,1,440,242.059007311464
442,1,441,242.059007311464
443,1,442,242.059007311464
444,1,443,242.059007311464
445,1,444,242.059007311464
446,1,445,242.059007311464
447,1,446,242.059007311464
448,1,447,242.059007311464
449,1,448,242.059007311464
450,1,449,242.059007311464
451,1,450,242.059007311464
452,1,451,242.059007311464
453,1,452,242.059007311464
454,1,453,242.059007311464
455,1,454,242.059007311464
456,1,455,242.059007311464
457,1,456,242.059007311464
458,1,457,242.059007311464
459,1,458,242.059007311464
460,1,459,242.059007311464
461,1,460,242.059007311464
462,1,461,242.059007311464
463,1,462,242.059007311464
464,1,463,242.059007311464
465,1,464,242.059007311464
466,1,465,242.059007311464
467,1,466,242.059007311464
468,1,467,242.059007311464
469,1,468,242.059007311464
470,1,469,242.059007311464
471,1,470,242.059007311464
472,1,471,242.059007311464
473,1,472,242.059007311464
474,1,473,242.059007311464
475,1,474,242.059007311464
476,1,475,242.059007311464
477,1,476,242.059007311464
478,1,477,242.059007311464
479,1,478,242.059007311464
480,1,479,242.059007311464
481,1,480,242.059007311464
482,1,481,242.059007311464
483,1,482,242.059007311464
484,1,483,242.059007311464
485,1,484,242.059007311464
486,1,485,242.059007311464
487,1,486,242.059007311464
488,1,487,242.059007311464
489,1,488,242.059007311464
490,1,489,242.059007311464
491,1,490,242.059007311464
492,1,491,242.059007311464
493,1,492,242.059007311464
494,1,493,242.059007311464
495,1,494,242.059007311464
496,1,495,242.059007311464
497,1,496,242.059007311464
498,1,497,242.059007311464
499,1,498,242.059007311464
500,1,499,242.059007311464
501,1,500,242.059007311464
502,1,501,242.059007311464
503,1,502,242.059007311464
504,1,503,242.059007311464
505,1,504,242.059007311464
506,1,505,242.059007311464
507,1,506,242.059007311464
508,1,507,242.059007311464
509,1,508,242.059007311464
510,1,509,242.059007311464
511,1,510,242.059007311464
512,1,511,242.059007311464
513,1,512,242.059007311464
514,1,513,242.059007311464
515,1,514,242.059007311464
516,1,515,242.059007311464
517,1,516,242.059007311464
518,1,517,242.059007311464
519,1,518,242.059007311464
520,1,519,242.059007311464
521,1,520,242.059007311464
522,1,521,242.059007311464
523,1,522,242.059007311464
524,1,523,242.059007311464
525,1,524,242.059007311464
526,1,525,242.059007311464
527,1,526,242.059007311464
528,1,527,242.059007311464
529,1,528,242.059007311464
530,1,529,242.059007311464
531,1,530,242.059007311464
532,1,531,242.059007311464
533,1,532,242.059007311464
534,1,533,242.059007311464
535,1,534,242.059007311464
536,1,535,242.059007311464
537,1,536,242.059007311464
538,1,537,242.059007311464
539,1,538,242.059007311464
540,1,539,242.059007311464
541,1,540,242.059007311464
542,1,541,242.059007311464
543,1,542,242.059007311464
544,1,543,242.059007311464
545,1,544,242.059007311464
546,1,545,242.059007311464
547,1,546,242.059007311464
548,1,547,242.059007311464
549,1,548,242.059007311464
550,1,549,242.059007311464
551,1,550,242.059007311464
552,1,551,242.059007311464
553,1,552,242.059007311464
554,1,553,330.489624203446
555,1,554,330.489624203446
556,1,555,330.489624203446
557,1,556,330.489624203446
558,1,557,330.489624203446
559,1,558,330.489624203446
560,1,559,330.489624203446
561,1,560,330.489624203446
562,1,561,330.489624203446
563,1,562,330.489624203446
564,1,563,330.489624203446
565,1,564,330.489624203446
566,1,565,330.489624203446
567,1,566,330.489624203446
568,1,567,330.489624203446
569,1,568,330.489624203446
570,1,569,330.489624203446
571,1,570,330.489624203446
572,1,571,330.489624203446
573,1,572,330.489624203446
574,1,573,330.489624203446
575,1,574,330.489624203446
576,1,575,330.489624203446
577,1,576,330.489624203446
578,1,577,330.489624203446
579,1,578,330.489624203446
580,1,579,330.489624203446
581,1,580,330.489624203446
582,1,581,330.489624203446
583,1,582,330.489624203446
584,1,583,330.489624203446
585,1,584,330.489624203446
586,1,585,330.489624203446
587,1,586,330.489624203446
588,1,587,330.489624203446
589,1,588,330.489624203446
590,1,589,330.489624203446
591,1,590,330.489624203446
592,1,591,330.489624203446
593,1,592,330.489624203446
594,1,593,330.489624203446
595,1,594,330.489624203446
596,1,595,330.489624203446
597,1,596,330.489624203446
598,1,597,330.489624203446
599,1,598,330.489624203446
600,1,599,330.489624203446
601,1,600,330.489624203446
602,1,601,330.489624203446
603,1,602,330.489624203446
604,1,603,330.489624203446
605,1,604,330.489624203446
606,1,605,330.489624203446
607,1,606,330.489624203446
608,1,607,330.489624203446
609,1,608,330.489624203446
610,1,609,330.489624203446
611,1,610,330.489624203446
612,1,611,330.489624203446
613,1,612,330.489624203446
614,1,613,330.489624203446
615,1,614,330.489624203446
616,1,615,330.489624203446
617,1,616,330.489624203446
618,1,617,330.489624203446
619,1,618,330.489624203446
620,1,619,330.489624203446
621,1,620,330.489624203446
622,1,621,330.489624203446
623,1,622,330.489624203446
624,1,623,330.489624203446
625,1,624,330.489624203446
626,1,625,330.489624203446
627,1,626,330.489624203446
628,1,627,330.489624203446
629,1,628,330.489624203446
630,1,629,330.489624203446
631,1,630,330.489624203446
632,1,631,330.489624203446
633,1,632,330.489624203446
634,1,633,330.489624203446
635,1,634,330.489624203446
636,1,635,330.489624203446
637,1,636,330.489624203446
638,1,637,330.489624203446
639,1,638,330.489624203446
640,1,639,330.489624203446
641,1,640,330.489624203446
642,1,641,330.489624203446
643,1,642,330.489624203446
644,1,643,330.489624203446
645,1,644,330.489624203446
646,1,645,330.489624203446
647,1,646,330.489624203446
648,1,647,330.489624203446
649,1,648,240.539103977935
650,1,649,240.539103977935
651,1,650,240.539103977935
652,1,651,240.539103977935
653,1,652,240.539103977935
654,1,653,240.539103977935
655,1,654,240.539103977935
656,1,655,240.539103977935
657,1,656,240.539103977935
658,1,657,240.539103977935
659,1,658,240.539103977935
660,1,659,240.539103977935
661,1,660,240.539103977935
662,1,661,240.539103977935
663,1,662,240.539103977935
664,1,663,240.539103977935
665,1,664,240.539103977935
666,1,665,240.539103977935
667,1,666,240.539103977935
668,1,667,240.539103977935
669,1,668,240.539103977935
670,1,669,240.539103977935
671,1,670,240.539103977935
672,1,671,240.539103977935
673,1,672,240.539103977935
674,1,673,240.539103977935
675,1,674,240.539103977935
676,1,675,240.539103977935
677,1,676,240.539103977935
678,1,677,240.539103977935
679,1,678,240.539103977935
680,1,679,240.539103977935
681,1,680,240.539103977935
682,1,681,240.539103977935
683,1,682,240.539103977935
684,1,683,240.539103977935
685,1,684,240.539103977935
686,1,685,240.539103977935
687,1,686,240.539103977935
688,1,687,240.539103977935
689,1,688,240.539103977935
690,1,689,240.539103977935
691,1,690,240.539103977935
692,1,691,240.539103977935
693,1,692,240.539103977935
694,1,693,240.539103977935
695,1,694,240.539103977935
696,1,695,240.539103977935
697,1,696,240.539103977935
698,1,697,240.539103977935
699,1,698,240.539103977935
700,1,699,240.539103977935
701,1,700,240.539103977935
702,1,701,240.539103977935
703,1,702,240.539103977935
704,1,703,240.539103977935
705,1,704,240.539103977935
706,1,705,240.539103977935
707,1,706,240.539103977935
708,1,707,240.539103977935
709,1,708,240.539103977935
710,1,709,240.539103977935
711,1,710,240.539103977935
712,1,711,240.539103977935
713,1,712,240.539103977935
714,1,713,240.539103977935
715,1,714,240.539103977935
716,1,715,240.539103977935
717,1,716,240.539103977935
718,1,717,240.539103977935
719,1,718,240.539103977935
720,1,719,240.539103977935
721,1,720,240.539103977935
722,1,721,240.539103977935
723,1,722,240.539103977935
724,1,723,240.539103977935
725,1,724,240.539103977935
726,1,725,240.539103977935
727,1,726,240.539103977935
728,1,727,240.539103977935
729,1,728,240.539103977935
730,1,729,240.539103977935
731,1,730,240.539103977935
732,1,731,240.539103977935
733,1,732,240.539103977935
734,1,733,240.539103977935
735,1,734,240.539103977935
736,1,735,240.539103977935
737,1,736,240.539103977935
738,1,737,240.539103977935
739,1,738,240.539103977935
740,1,739,240.539103977935
741,1,740,240.539103977935
742,1,741,240.539103977935
743,1,742,240.539103977935
744,1,743,240.539103977935
745,1,744,240.539103977935
746,1,745,240.539103977935
747,1,746,240.539103977935
748,1,747,240.539103977935
749,1,748,240.539103977935
750,1,749,240.539103977935
751,1,750,240.539103977935
752,1,751,240.539103977935
753,1,752,240.539103977935
754,1,753,240.539103977935
755,1,754,240.539103977935
756,1,755,240.539103977935
757,1,756,240.539103977935
758,1,757,240.539103977935
759,1,758,240.539103977935
760,1,759,240.539103977935
761,1,760,240.539103977935
762,1,761,240.539103977935
763,1,762,240.539103977935
764,1,763,240.539103977935
765,1,764,240.539103977935
766,1,765,240.539103977935
767,1,766,240.539103977935
768,1,767,240.539103977935
769,1,768,240.539103977935
770,1,769,240.539103977935
771,1,770,240.539103977935
772,1,771,240.539103977935
773,1,772,240.539103977935
774,1,773,240.539103977935
775,1,774,240.539103977935
776,1,775,240.539103977935
777,1,776,240.539103977935
778,1,777,240.539103977935
779,1,778,240.539103977935
780,1,779,240.539103977935
781,1,780,240.539103977935
782,1,781,240.539103977935
783,1,782,240.539103977935
784,1,783,240.539103977935
785,1,784,240.539103977935
786,1,785,240.539103977935
787,1,786,330.209897015363
788,1,787,330.209897015363
789,1,788,330.209897015363
790,1,789,330.209897015363
791,1,790,330.209897015363
792,1,791,330.209897015363
793,1,792,330.209897015363
794,1,793,330.209897015363
795,1,794,330.209897015363
796,1,795,330.209897015363
797,1,796,330.209897015363
798,1,797,330.209897015363
799,1,798,330.209897015363
800,1,799,330.209897015363
801,1,800,330.209897015363
802,1,801,330.209897015363
803,1,802,330.209897015363
804,1,803,330.209897015363
805,1,804,330.209897015363
806,1,805,330.209897015363
807,1,806,330.209897015363
808,1,807,330.209897015363
809,1,808,330.209897015363
810,1,809,330.209897015363
811,1,810,330.209897015363
812,1,811,330.209897015363
813,1,812,330.209897015363
814,1,813,330.209897015363
815,1,814,330.209897015363
816,1,815,330.209897015363
817,1,816,330.209897015363
818,1,817,330.209897015363
819,1,818,330.209897015363
820,1,819,330.209897015363
821,1,820,330.209897015363
822,1,821,330.209897015363
823,1,822,330.209897015363
824,1,823,330.209897015363
825,1,824,330.209897015363
826,1,825,330.209897015363
827,1,826,330.209897015363
828,1,827,330.209897015363
829,1,828,330.209897015363
830,1,829,330.209897015363
831,1,830,330.209897015363
832,1,831,330.209897015363
833,1,832,330.209897015363
834,1,833,330.209897015363
835,1,834,330.209897015363
836,1,835,330.209897015363
837,1,836,356.742536148219
838,1,837,356.742536148219
839,1,838,356.742536148219
840,1,839,356.742536148219
841,1,840,356.742536148219
842,1,841,356.742536148219
843,1,842,356.742536148219
844,1,843,356.742536148219
845,1,844,356.742536148219
846,1,845,356.742536148219
847,1,846,356.742536148219
848,1,847,356.742536148219
849,1,848,25.7833827984883
850,1,849,25.7833827984883
851,1,850,25.7833827984883
852,1,851,25.7833827984883
853,1,852,25.7833827984883
854,1,853,25.7833827984883
855,1,854,25.7833827984883
856,1,855,25.7833827984883
857,1,856,25.7833827984883
858,1,857,25.7833827984883
859,1,858,25.7833827984883
860,1,859,25.7833827984883
861,1,860,25.7833827984883
862,1,861,25.7833827984883
863,1,862,29.531411954814
864,1,863,29.531411954814
865,1,864,29.531411954814
866,1,865,29.531411954814
867,1,866,29.531411954814
868,1,867,29.531411954814
869,1,868,29.531411954814
870,1,869,29.531411954814
871,1,870,29.531411954814
872,1,871,29.531411954814
873,1,872,29.531411954814
874,1,873,29.531411954814
875,1,874,29.531411954814
876,1,875,29.531411954814
877,1,876,29.531411954814
878,1,877,29.531411954814
879,1,878,29.531411954814
880,1,879,29.531411954814
881,1,880,29.531411954814
882,1,881,29.531411954814
883,1,882,29.531411954814
884,1,883,29.531411954814
885,1,884,29.531411954814
886,1,885,29.531411954814
887,1,886,29.531411954814
888,1,887,29.531411954814
889,1,888,29.531411954814
890,1,889,29.531411954814
891,1,890,29.531411954814
892,1,891,29.531411954814
893,1,892,29.531411954814
894,1,893,29.531411954814
895,1,894,29.531411954814
896,1,895,29.531411954814
897,1,896,29.531411954814
898,1,897,29.531411954814
899,1,898,29.531411954814
900,1,899,29.531411954814
901,1,900,29.531411954814
902,1,901,29.531411954814
