longitude,latitude,id,distance,angle
129.087006707083,35.0729578583009,1,0,67.8868737602016
129.087016868245,35.0729612441055,1,1,67.8868737602016
129.087027029409,35.0729646299092,1,2,67.8868737602016
129.087037190573,35.0729680157121,1,3,67.8868737602016
129.087047351738,35.0729714015141,1,4,67.8868737602016
129.087057512904,35.0729747873153,1,5,67.8868737602016
129.087067674071,35.0729781731156,1,6,67.8868737602016
129.087077835239,35.072981558915,1,7,67.8868737602016
129.087087996407,35.0729849447136,1,8,67.8868737602016
129.087098157577,35.0729883305114,1,9,67.8868737602016
129.087108318747,35.0729917163083,1,10,67.8868737602016
129.087118479918,35.0729951021043,1,11,67.8868737602016
129.08712864109,35.0729984878995,1,12,67.8868737602016
129.087138802263,35.0730018736938,1,13,67.8868737602016
129.087148963436,35.0730052594873,1,14,67.8868737602016
129.087159124611,35.0730086452799,1,15,67.8868737602016
129.087169285786,35.0730120310717,1,16,67.8868737602016
129.087179446962,35.0730154168626,1,17,67.8868737602016
129.087189608139,35.0730188026526,1,18,67.8868737602016
129.087199769317,35.0730221884418,1,19,67.8868737602016
129.087209930495,35.0730255742302,1,20,67.8868737602016
129.087220091675,35.0730289600177,1,21,67.8868737602016
129.087230252855,35.0730323458043,1,22,67.8868737602016
129.087240414036,35.0730357315901,1,23,67.8868737602016
129.087250575218,35.0730391173751,1,24,67.8868737602016
129.087260736401,35.0730425031591,1,25,67.8868737602016
129.087270897584,35.0730458889423,1,26,67.8868737602016
129.087281058769,35.0730492747247,1,27,67.8868737602016
129.087291219954,35.0730526605062,1,28,67.8868737602016
129.08730138114,35.0730560462869,1,29,67.8868737602016
129.087311542327,35.0730594320667,1,30,67.8868737602016
129.087321703515,35.0730628178456,1,31,67.8868737602016
129.087331864703,35.0730662036237,1,32,67.8868737602016
129.087342025893,35.073069589401,1,33,67.8868737602016
129.087352187083,35.0730729751774,1,34,67.8868737602016
129.087362348274,35.0730763609529,1,35,67.8868737602016
129.087372509466,35.0730797467276,1,36,67.8868737602016
129.087382670659,35.0730831325014,1,37,67.8868737602016
129.087392831853,35.0730865182743,1,38,67.8868737602016
129.087402993047,35.0730899040465,1,39,67.8868737602016
129.087413154243,35.0730932898177,1,40,67.8868737602016
129.087423315439,35.0730966755881,1,41,67.8868737602016
129.087433476636,35.0731000613577,1,42,67.8868737602016
129.087443637834,35.0731034471264,1,43,67.8868737602016
129.087453799032,35.0731068328942,1,44,67.8868737602016
129.087463960232,35.0731102186612,1,45,67.8868737602016
129.087474121432,35.0731136044273,1,46,67.8868737602016
129.087484282634,35.0731169901926,1,47,67.8868737602016
129.087494443836,35.073120375957,1,48,67.8868737602016
129.087504605038,35.0731237617206,1,49,67.8868737602016
129.087514766242,35.0731271474833,1,50,67.8868737602016
129.087524927447,35.0731305332452,1,51,67.8868737602016
129.087535088652,35.0731339190062,1,52,67.8868737602016
129.087545249858,35.0731373047663,1,53,67.8868737602016
129.087555411065,35.0731406905256,1,54,67.8868737602016
129.087565572273,35.0731440762841,1,55,67.8868737602016
129.087575733482,35.0731474620417,1,56,67.8868737602016
129.087585894692,35.0731508477984,1,57,67.8868737602016
129.087596055902,35.0731542335543,1,58,67.8868737602016
129.087606217113,35.0731576193093,1,59,67.8868737602016
129.087616378325,35.0731610050635,1,60,67.8868737602016
129.087626539538,35.0731643908168,1,61,67.8868737602016
129.087636700752,35.0731677765692,1,62,67.8868737602016
129.087646861967,35.0731711623209,1,63,67.8868737602016
129.087657023182,35.0731745480716,1,64,67.8868737602016
129.087667184398,35.0731779338215,1,65,67.8868737602016
129.087677345616,35.0731813195706,1,66,67.8868737602016
129.087687506834,35.0731847053188,1,67,67.8868737602016
129.087697668052,35.0731880910661,1,68,67.8868737602016
129.087707829272,35.0731914768126,1,69,67.8868737602016
129.087717990492,35.0731948625582,1,70,67.8868737602016
129.087728151714,35.073198248303,1,71,67.8868737602016
129.087738312936,35.0732016340469,1,72,67.8868737602016
129.087748474159,35.0732050197899,1,73,67.8868737602016
129.087758635383,35.0732084055321,1,74,67.8868737602016
129.087768796607,35.0732117912735,1,75,67.8868737602016
129.087778957833,35.073215177014,1,76,67.8868737602016
129.087789119059,35.0732185627537,1,77,67.8868737602016
129.087799280286,35.0732219484924,1,78,67.8868737602016
129.087809441514,35.0732253342304,1,79,67.8868737602016
129.087819602743,35.0732287199675,1,80,67.8868737602016
129.087829763973,35.0732321057037,1,81,67.8868737602016
129.087839925203,35.0732354914391,1,82,67.8868737602016
129.087850086435,35.0732388771736,1,83,67.8868737602016
129.087860247667,35.0732422629072,1,84,67.8868737602016
129.0878704089,35.0732456486401,1,85,67.8868737602016
129.087880570134,35.073249034372,1,86,67.8868737602016
129.087890731369,35.0732524201031,1,87,67.8868737602016
129.087900892604,35.0732558058333,1,88,67.8868737602016
129.087911053841,35.0732591915627,1,89,67.8868737602016
129.087921215078,35.0732625772913,1,90,67.8868737602016
129.087931376316,35.073265963019,1,91,67.8868737602016
129.087941537555,35.0732693487458,1,92,67.8868737602016
129.087951698795,35.0732727344718,1,93,67.8868737602016
129.087961860035,35.0732761201969,1,94,67.8868737602016
129.087972021277,35.0732795059212,1,95,67.8868737602016
129.087982182519,35.0732828916446,1,96,67.8868737602016
129.087992343762,35.0732862773671,1,97,67.8868737602016
129.088002505006,35.0732896630888,1,98,67.8868737602016
129.088012666251,35.0732930488097,1,99,67.8868737602016
129.088022827496,35.0732964345297,1,100,67.8868737602016
129.088032988743,35.0732998202488,1,101,67.8868737602016
129.08804314999,35.0733032059671,1,102,67.8868737602016
129.088053311238,35.0733065916845,1,103,67.8868737602016
129.088063472487,35.0733099774011,1,104,67.8868737602016
129.088073633737,35.0733133631168,1,105,67.8868737602016
129.088083794987,35.0733167488317,1,106,67.8868737602016
129.088093956239,35.0733201345457,1,107,67.8868737602016
129.088104117491,35.0733235202588,1,108,67.8868737602016
129.088114278744,35.0733269059712,1,109,67.8868737602016
129.088124439998,35.0733302916826,1,110,67.8868737602016
129.088134601253,35.0733336773932,1,111,67.8868737602016
129.088144762509,35.0733370631029,1,112,67.8868737602016
129.088154923765,35.0733404488118,1,113,67.8868737602016
129.088165085023,35.0733438345199,1,114,67.8868737602016
129.088175246281,35.073347220227,1,115,67.8868737602016
129.08818540754,35.0733506059334,1,116,67.8868737602016
129.0881955688,35.0733539916388,1,117,67.8868737602016
129.08820573006,35.0733573773434,1,118,67.8868737602016
129.088215891322,35.0733607630472,1,119,67.8868737602016
129.088226052584,35.0733641487501,1,120,67.8868737602016
129.088236213847,35.0733675344521,1,121,67.8868737602016
129.088246375112,35.0733709201533,1,122,67.8868737602016
129.088256536376,35.0733743058537,1,123,67.8868737602016
129.088266697642,35.0733776915532,1,124,67.8868737602016
129.088276858909,35.0733810772518,1,125,67.8868737602016
129.088287020176,35.0733844629496,1,126,67.8868737602016
129.088297181444,35.0733878486465,1,127,67.8868737602016
129.088307342713,35.0733912343426,1,128,67.8868737602016
129.088317503983,35.0733946200378,1,129,67.8868737602016
129.088327665254,35.0733980057321,1,130,67.8868737602016
129.088337826526,35.0734013914256,1,131,67.8868737602016
129.088347987798,35.0734047771183,1,132,67.8868737602016
129.088358149071,35.0734081628101,1,133,67.8868737602016
129.088368310345,35.073411548501,1,134,67.8868737602016
129.08837847162,35.0734149341911,1,135,67.8868737602016
129.088388632896,35.0734183198803,1,136,67.8868737602016
129.088398794173,35.0734217055687,1,137,67.8868737602016
129.08840895545,35.0734250912563,1,138,67.8868737602016
129.088419116728,35.0734284769429,1,139,67.8868737602016
129.088429278008,35.0734318626287,1,140,67.8868737602016
129.088439439287,35.0734352483137,1,141,67.8868737602016
129.088449600568,35.0734386339978,1,142,67.8868737602016
129.08845976185,35.0734420196811,1,143,67.8868737602016
129.088469923132,35.0734454053635,1,144,67.8868737602016
129.088480084416,35.073448791045,1,145,67.8868737602016
129.0884902457,35.0734521767257,1,146,67.8868737602016
129.088500406985,35.0734555624055,1,147,67.8868737602016
129.088510568271,35.0734589480845,1,148,67.8868737602016
129.088520729557,35.0734623337626,1,149,67.8868737602016
129.088530890845,35.0734657194399,1,150,67.8868737602016
129.088541052133,35.0734691051163,1,151,67.8868737602016
129.088551213422,35.0734724907919,1,152,67.8868737602016
129.088561374712,35.0734758764666,1,153,67.8868737602016
129.088571536003,35.0734792621404,1,154,67.8868737602016
129.088581697295,35.0734826478134,1,155,67.8868737602016
129.088591858587,35.0734860334856,1,156,67.8868737602016
129.088602019881,35.0734894191569,1,157,67.8868737602016
129.088612181175,35.0734928048273,1,158,67.8868737602016
129.08862234247,35.0734961904969,1,159,67.8868737602016
129.088632503766,35.0734995761656,1,160,67.8868737602016
129.088642665063,35.0735029618335,1,161,67.8868737602016
129.08865282636,35.0735063475005,1,162,67.8868737602016
129.088662987659,35.0735097331667,1,163,67.8868737602016
129.088673148958,35.073513118832,1,164,67.8868737602016
129.088683310258,35.0735165044964,1,165,67.8868737602016
129.088693471559,35.07351989016,1,166,67.8868737602016
129.08870363286,35.0735232758228,1,167,67.8868737602016
129.088713794163,35.0735266614847,1,168,67.8868737602016
129.088723955466,35.0735300471457,1,169,67.8868737602016
129.088734116771,35.0735334328059,1,170,67.8868737602016
129.088744278076,35.0735368184652,1,171,67.8868737602016
129.088754439382,35.0735402041237,1,172,67.8868737602016
129.088764600689,35.0735435897813,1,173,67.8868737602016
129.088774761996,35.0735469754381,1,174,67.8868737602016
129.088784923305,35.073550361094,1,175,67.8868737602016
129.088795084614,35.073553746749,1,176,67.8868737602016
129.088805245924,35.0735571324032,1,177,67.8868737602016
129.088815407235,35.0735605180566,1,178,67.8868737602016
129.088825568547,35.0735639037091,1,179,67.8868737602016
129.088835729859,35.0735672893607,1,180,67.8868737602016
129.088845891173,35.0735706750115,1,181,67.8868737602016
129.088856052487,35.0735740606614,1,182,67.8868737602016
129.088866213802,35.0735774463105,1,183,67.8868737602016
129.088876375118,35.0735808319587,1,184,67.8868737602016
129.088886536435,35.0735842176061,1,185,67.8868737602016
129.088896697753,35.0735876032526,1,186,67.8868737602016
129.088906859071,35.0735909888982,1,187,67.8868737602016
129.088917020391,35.073594374543,1,188,67.8868737602016
129.088927181711,35.073597760187,1,189,67.8868737602016
129.088937343032,35.0736011458301,1,190,67.8868737602016
129.088947504354,35.0736045314723,1,191,67.8868737602016
129.088957665676,35.0736079171137,1,192,67.8868737602016
129.088967827,35.0736113027542,1,193,67.8868737602016
129.088977988324,35.0736146883939,1,194,67.8868737602016
129.088988149649,35.0736180740327,1,195,67.8868737602016
129.088998310975,35.0736214596707,1,196,67.8868737602016
129.089008472302,35.0736248453078,1,197,67.8868737602016
129.08901863363,35.073628230944,1,198,67.8868737602016
129.089028794959,35.0736316165794,1,199,67.8868737602016
129.089038956288,35.073635002214,1,200,67.8868737602016
129.089049117618,35.0736383878477,1,201,67.8868737602016
129.089059278949,35.0736417734805,1,202,67.8868737602016
129.089069440281,35.0736451591125,1,203,67.8868737602016
129.089079601614,35.0736485447436,1,204,67.8868737602016
129.089089762947,35.0736519303739,1,205,67.8868737602016
129.089099924282,35.0736553160033,1,206,67.8868737602016
129.089110085617,35.0736587016319,1,207,67.8868737602016
129.089120246953,35.0736620872596,1,208,67.8868737602016
129.08913040829,35.0736654728865,1,209,67.8868737602016
129.089140569628,35.0736688585125,1,210,67.8868737602016
129.089150730967,35.0736722441376,1,211,67.8868737602016
129.089160892306,35.0736756297619,1,212,67.8868737602016
129.089171053646,35.0736790153853,1,213,67.8868737602016
129.089181214987,35.0736824010079,1,214,67.8868737602016
129.089191376329,35.0736857866297,1,215,67.8868737602016
129.089201537672,35.0736891722505,1,216,67.8868737602016
129.089211699016,35.0736925578706,1,217,67.8868737602016
129.08922186036,35.0736959434897,1,218,67.8868737602016
129.089232021705,35.073699329108,1,219,67.8868737602016
129.089242183052,35.0737027147255,1,220,67.8868737602016
129.089252344399,35.0737061003421,1,221,67.8868737602016
129.089262505746,35.0737094859578,1,222,67.8868737602016
129.089272667095,35.0737128715727,1,223,67.8868737602016
129.089282828445,35.0737162571868,1,224,67.8868737602016
129.089292989795,35.0737196428,1,225,67.8868737602016
129.089303151146,35.0737230284123,1,226,67.8868737602016
129.089313312498,35.0737264140238,1,227,67.8868737602016
129.089323473851,35.0737297996344,1,228,67.8868737602016
129.089333635205,35.0737331852441,1,229,67.8868737602016
129.089343796559,35.0737365708531,1,230,67.8868737602016
129.089353957915,35.0737399564611,1,231,67.8868737602016
129.089364119271,35.0737433420683,1,232,67.8868737602016
129.089374280628,35.0737467276747,1,233,67.8868737602016
129.089384441986,35.0737501132802,1,234,67.8868737602016
129.089394603344,35.0737534988848,1,235,67.8868737602016
129.089404764704,35.0737568844886,1,236,67.8868737602016
129.089414926064,35.0737602700915,1,237,67.8868737602016
129.089425087426,35.0737636556936,1,238,67.8868737602016
129.089435248788,35.0737670412948,1,239,67.8868737602016
129.08944541015,35.0737704268952,1,240,67.8868737602016
129.089455571514,35.0737738124947,1,241,67.8868737602016
129.089465732879,35.0737771980934,1,242,67.8868737602016
129.089475894244,35.0737805836912,1,243,67.8868737602016
129.08948605561,35.0737839692881,1,244,67.8868737602016
129.089496216978,35.0737873548842,1,245,67.8868737602016
129.089506378345,35.0737907404795,1,246,67.8868737602016
129.089516539714,35.0737941260739,1,247,67.8868737602016
129.089526701084,35.0737975116674,1,248,67.8868737602016
129.089536862454,35.0738008972601,1,249,67.8868737602016
129.089547023826,35.0738042828519,1,250,67.8868737602016
129.089557185198,35.0738076684429,1,251,67.8868737602016
129.089567346571,35.073811054033,1,252,67.8868737602016
129.089577507944,35.0738144396222,1,253,67.8868737602016
129.089587669319,35.0738178252106,1,254,67.8868737602016
129.089597830695,35.0738212107982,1,255,67.8868737602016
129.089607992071,35.0738245963849,1,256,67.8868737602016
129.089618153448,35.0738279819707,1,257,67.8868737602016
129.089628314826,35.0738313675557,1,258,67.8868737602016
129.089638476205,35.0738347531398,1,259,67.8868737602016
129.089648637584,35.0738381387231,1,260,67.8868737602016
129.089658798965,35.0738415243055,1,261,67.8868737602016
129.089668960346,35.0738449098871,1,262,67.8868737602016
129.089679121728,35.0738482954678,1,263,67.8868737602016
129.089689283111,35.0738516810477,1,264,67.8868737602016
129.089699444495,35.0738550666267,1,265,67.8868737602016
129.08970960588,35.0738584522048,1,266,67.8868737602016
129.089719767265,35.0738618377821,1,267,67.8868737602016
129.089729928652,35.0738652233586,1,268,67.8868737602016
129.089740090039,35.0738686089342,1,269,67.8868737602016
129.089750251427,35.0738719945089,1,270,67.8868737602016
129.089760412816,35.0738753800828,1,271,67.8868737602016
129.089770574206,35.0738787656558,1,272,67.8868737602016
129.089780735596,35.073882151228,1,273,67.8868737602016
129.089790896988,35.0738855367993,1,274,67.8868737602016
129.08980105838,35.0738889223698,1,275,67.8868737602016
129.089811219773,35.0738923079394,1,276,67.8868737602016
129.089821381167,35.0738956935081,1,277,67.8868737602016
129.089831542562,35.073899079076,1,278,67.8868737602016
129.089841703957,35.073902464643,1,279,67.8868737602016
129.089851865353,35.0739058502092,1,280,67.8868737602016
129.089862026751,35.0739092357746,1,281,67.8868737602016
129.089872188149,35.073912621339,1,282,67.8868737602016
129.089882349548,35.0739160069027,1,283,67.8868737602016
129.089892510948,35.0739193924654,1,284,67.8868737602016
129.089902672348,35.0739227780274,1,285,67.8868737602016
129.08991283375,35.0739261635884,1,286,67.8868737602016
129.089922995152,35.0739295491486,1,287,67.8868737602016
129.089933156555,35.073932934708,1,288,67.8868737602016
129.089943317959,35.0739363202665,1,289,67.8868737602016
129.089953479364,35.0739397058241,1,290,67.8868737602016
129.089963640769,35.0739430913809,1,291,67.8868737602016
129.089973802176,35.0739464769369,1,292,67.8868737602016
129.089982939981,35.0739502030048,1,293,336.070724813333
129.089978501858,35.0739584452604,1,294,336.070724813333
129.089974063734,35.0739666875158,1,295,336.070724813333
129.089969625608,35.073974929771,1,296,336.070724813333
129.089965187482,35.0739831720261,1,297,336.070724813333
129.089960749356,35.073991414281,1,298,336.070724813333
129.089956311228,35.0739996565357,1,299,336.070724813333
129.089951873099,35.0740078987902,1,300,336.070724813333
129.089947434969,35.0740161410446,1,301,336.070724813333
129.089942996839,35.0740243832988,1,302,336.070724813333
129.089938558708,35.0740326255528,1,303,336.070724813333
129.089934120575,35.0740408678067,1,304,336.070724813333
129.089929682442,35.0740491100604,1,305,336.070724813333
129.089925244308,35.0740573523139,1,306,336.070724813333
129.089920806173,35.0740655945672,1,307,336.070724813333
129.089916368037,35.0740738368204,1,308,336.070724813333
129.089911929901,35.0740820790734,1,309,336.070724813333
129.089907491763,35.0740903213262,1,310,336.070724813333
129.089903053625,35.0740985635789,1,311,336.070724813333
129.089898615485,35.0741068058313,1,312,336.070724813333
129.089894177345,35.0741150480836,1,313,336.070724813333
129.089889739204,35.0741232903358,1,314,336.070724813333
129.089885301062,35.0741315325877,1,315,336.070724813333
129.089880862919,35.0741397748395,1,316,336.070724813333
129.089876424775,35.0741480170911,1,317,336.070724813333
129.08987198663,35.0741562593425,1,318,336.070724813333
129.089867548485,35.0741645015938,1,319,336.070724813333
129.089863110338,35.0741727438449,1,320,336.070724813333
129.089858672191,35.0741809860958,1,321,336.070724813333
129.089854234042,35.0741892283466,1,322,336.070724813333
129.089849795893,35.0741974705972,1,323,336.070724813333
129.089840900744,35.0742025221693,1,324,301.727866841466
129.089831580265,35.0742072692571,1,325,301.727866841466
129.089822259786,35.0742120163441,1,326,301.727866841466
129.089812939306,35.0742167634304,1,327,301.727866841466
129.089803618824,35.074221510516,1,328,301.727866841466
129.089794298341,35.0742262576008,1,329,301.727866841466
129.089784977858,35.074231004685,1,330,301.727866841466
129.089775657373,35.0742357517684,1,331,301.727866841466
129.089766336887,35.0742404988511,1,332,301.727866841466
129.0897570164,35.0742452459331,1,333,301.727866841466
129.089747695912,35.0742499930144,1,334,301.727866841466
129.089738375423,35.0742547400949,1,335,301.727866841466
129.089729054933,35.0742594871748,1,336,301.727866841466
129.089719734442,35.0742642342539,1,337,301.727866841466
129.089710413949,35.0742689813323,1,338,301.727866841466
129.089701093456,35.0742737284099,1,339,301.727866841466
129.089691772961,35.0742784754869,1,340,301.727866841466
129.089682452466,35.0742832225631,1,341,301.727866841466
129.089673131969,35.0742879696387,1,342,301.727866841466
129.089663811471,35.0742927167135,1,343,301.727866841466
129.089654490973,35.0742974637876,1,344,301.727866841466
129.089644462669,35.0743002493623,1,345,271.215504855072
129.089633501117,35.0743004486716,1,346,271.215504855072
129.089622539565,35.0743006479799,1,347,271.215504855072
129.089611578012,35.0743008472872,1,348,271.215504855072
129.08960061646,35.0743010465936,1,349,271.215504855072
129.089589654907,35.0743012458989,1,350,271.215504855072
129.089578693354,35.0743014452033,1,351,271.215504855072
129.089567731802,35.0743016445066,1,352,271.215504855072
129.089556770249,35.074301843809,1,353,271.215504855072
129.089545808696,35.0743020431104,1,354,271.215504855072
129.089534847143,35.0743022424108,1,355,271.215504855072
129.08952388559,35.0743024417102,1,356,271.215504855072
129.089512924037,35.0743026410086,1,357,271.215504855072
129.089501962484,35.074302840306,1,358,271.215504855072
129.089491000931,35.0743030396025,1,359,271.215504855072
129.089480039378,35.0743032388979,1,360,271.215504855072
129.089469077825,35.0743034381924,1,361,271.215504855072
129.089458116272,35.0743036374858,1,362,271.215504855072
129.089447154718,35.0743038367783,1,363,271.215504855072
129.089437014228,35.0743067622602,1,364,296.494904720693
129.089427205914,35.0743107906776,1,365,296.494904720693
129.089417397599,35.0743148190941,1,366,296.494904720693
129.089407589283,35.0743188475099,1,367,296.494904720693
129.089397780967,35.0743228759249,1,368,296.494904720693
129.089387972649,35.0743269043391,1,369,296.494904720693
129.08937816433,35.0743309327525,1,370,296.494904720693
129.089369257618,35.0743360795535,1,371,310.471286450254
129.08936092316,35.074341936202,1,372,310.471286450254
129.089352588701,35.0743477928499,1,373,310.471286450254
129.08934425424,35.0743536494972,1,374,310.471286450254
129.089335919779,35.074359506144,1,375,310.471286450254
129.089327868921,35.0743655511842,1,376,331.547509422362
129.089322653867,35.0743734800004,1,377,331.547509422362
129.089317438811,35.0743814088162,1,378,331.547509422362
129.089312223755,35.0743893376319,1,379,331.547509422362
129.089307008697,35.0743972664473,1,380,331.547509422362
129.089301793639,35.0744051952625,1,381,331.547509422362
129.089296578579,35.0744131240775,1,382,331.547509422362
129.089291363519,35.0744210528922,1,383,331.547509422362
129.089286148457,35.0744289817067,1,384,331.547509422362
129.089280933394,35.0744369105209,1,385,331.547509422362
129.089275718331,35.0744448393349,1,386,331.547509422362
129.089270503266,35.0744527681487,1,387,331.547509422362
129.089265288201,35.0744606969623,1,388,331.547509422362
129.089260073134,35.0744686257756,1,389,331.547509422362
129.089254858067,35.0744765545887,1,390,331.547509422362
129.089249642998,35.0744844834015,1,391,331.547509422362
129.089244427928,35.0744924122142,1,392,331.547509422362
129.089239212858,35.0745003410265,1,393,331.547509422362
129.089233997786,35.0745082698387,1,394,331.547509422362
129.089228782713,35.0745161986506,1,395,331.547509422362
129.08922356764,35.0745241274623,1,396,331.547509422362
129.089218352565,35.0745320562738,1,397,331.547509422362
129.089213137489,35.074539985085,1,398,331.547509422362
129.089207922413,35.074547913896,1,399,331.547509422362
129.089202707335,35.0745558427067,1,400,331.547509422362
129.089197492256,35.0745637715173,1,401,331.547509422362
129.089192277177,35.0745717003275,1,402,331.547509422362
129.089187062096,35.0745796291376,1,403,331.547509422362
129.089181847014,35.0745875579474,1,404,331.547509422362
129.089176631932,35.074595486757,1,405,331.547509422362
129.089171416848,35.0746034155664,1,406,331.547509422362
129.089166201763,35.0746113443755,1,407,331.547509422362
129.089160986677,35.0746192731844,1,408,331.547509422362
129.089155771591,35.0746272019931,1,409,331.547509422362
129.089150556503,35.0746351308015,1,410,331.547509422362
129.089145341414,35.0746430596097,1,411,331.547509422362
129.089140126324,35.0746509884176,1,412,331.547509422362
129.089134911234,35.0746589172254,1,413,331.547509422362
129.089129696142,35.0746668460328,1,414,331.547509422362
129.089124481049,35.0746747748401,1,415,331.547509422362
129.089119265955,35.0746827036471,1,416,331.547509422362
129.08911405086,35.0746906324539,1,417,331.547509422362
129.089108835765,35.0746985612605,1,418,331.547509422362
129.089103620668,35.0747064900668,1,419,331.547509422362
129.08909840557,35.0747144188729,1,420,331.547509422362
129.089093190471,35.0747223476788,1,421,331.547509422362
129.089087975371,35.0747302764844,1,422,331.547509422362
129.08908276027,35.0747382052898,1,423,331.547509422362
129.089077545168,35.074746134095,1,424,331.547509422362
129.089072330066,35.0747540628999,1,425,331.547509422362
129.089067114962,35.0747619917046,1,426,331.547509422362
129.089061899857,35.074769920509,1,427,331.547509422362
129.089056684751,35.0747778493133,1,428,331.547509422362
129.089049719775,35.0747810296767,1,429,242.059007311464
129.089040028994,35.0747768133051,1,430,242.059007311464
129.089030338215,35.0747725969328,1,431,242.059007311464
129.089020647437,35.0747683805597,1,432,242.059007311464
129.08901095666,35.0747641641858,1,433,242.059007311464
129.089001265884,35.0747599478112,1,434,242.059007311464
129.088991575109,35.0747557314357,1,435,242.059007311464
129.088981884335,35.0747515150595,1,436,242.059007311464
129.088972193561,35.0747472986825,1,437,242.059007311464
129.088962502789,35.0747430823047,1,438,242.059007311464
129.088952812018,35.0747388659262,1,439,242.059007311464
129.088943121248,35.0747346495469,1,440,242.059007311464
129.088933430479,35.0747304331668,1,441,242.059007311464
129.088923739711,35.0747262167859,1,442,242.059007311464
129.088914048943,35.0747220004042,1,443,242.059007311464
129.088904358177,35.0747177840218,1,444,242.059007311464
129.088894667412,35.0747135676385,1,445,242.059007311464
129.088884976648,35.0747093512545,1,446,242.059007311464
129.088875285885,35.0747051348697,1,447,242.059007311464
129.088865595122,35.0747009184842,1,448,242.059007311464
129.088855904361,35.0746967020978,1,449,242.059007311464
129.088846213601,35.0746924857107,1,450,242.059007311464
129.088836522842,35.0746882693228,1,451,242.059007311464
129.088826832083,35.0746840529341,1,452,242.059007311464
129.088817141326,35.0746798365447,1,453,242.059007311464
129.08880745057,35.0746756201545,1,454,242.059007311464
129.088797759815,35.0746714037634,1,455,242.059007311464
129.088788069061,35.0746671873716,1,456,242.059007311464
129.088778378307,35.0746629709791,1,457,242.059007311464
129.088768687555,35.0746587545857,1,458,242.059007311464
129.088758996804,35.0746545381916,1,459,242.059007311464
129.088749306054,35.0746503217967,1,460,242.059007311464
129.088739615304,35.074646105401,1,461,242.059007311464
129.088729924556,35.0746418890045,1,462,242.059007311464
129.088720233809,35.0746376726073,1,463,242.059007311464
129.088710543062,35.0746334562093,1,464,242.059007311464
129.088700852317,35.0746292398105,1,465,242.059007311464
129.088691161573,35.0746250234109,1,466,242.059007311464
129.08868147083,35.0746208070106,1,467,242.059007311464
129.088671780087,35.0746165906094,1,468,242.059007311464
129.088662089346,35.0746123742075,1,469,242.059007311464
129.088652398606,35.0746081578048,1,470,242.059007311464
129.088642707866,35.0746039414013,1,471,242.059007311464
129.088633017128,35.0745997249971,1,472,242.059007311464
129.088623326391,35.0745955085921,1,473,242.059007311464
129.088613635654,35.0745912921862,1,474,242.059007311464
129.088603944919,35.0745870757797,1,475,242.059007311464
129.088594254185,35.0745828593723,1,476,242.059007311464
129.088584563452,35.0745786429641,1,477,242.059007311464
129.088574872719,35.0745744265552,1,478,242.059007311464
129.088565181988,35.0745702101455,1,479,242.059007311464
129.088555491257,35.074565993735,1,480,242.059007311464
129.088545800528,35.0745617773238,1,481,242.059007311464
129.0885361098,35.0745575609117,1,482,242.059007311464
129.088526419072,35.0745533444989,1,483,242.059007311464
129.088516728346,35.0745491280853,1,484,242.059007311464
129.088507037621,35.074544911671,1,485,242.059007311464
129.088497346896,35.0745406952558,1,486,242.059007311464
129.088487656173,35.0745364788399,1,487,242.059007311464
129.088477965451,35.0745322624232,1,488,242.059007311464
129.088468274729,35.0745280460057,1,489,242.059007311464
129.088458584009,35.0745238295874,1,490,242.059007311464
129.088448893289,35.0745196131684,1,491,242.059007311464
129.088439202571,35.0745153967485,1,492,242.059007311464
129.088429511854,35.0745111803279,1,493,242.059007311464
129.088419821137,35.0745069639065,1,494,242.059007311464
129.088410130422,35.0745027474844,1,495,242.059007311464
129.088400439707,35.0744985310614,1,496,242.059007311464
129.088390748994,35.0744943146377,1,497,242.059007311464
129.088381058282,35.0744900982132,1,498,242.059007311464
129.08837136757,35.0744858817879,1,499,242.059007311464
129.08836167686,35.0744816653619,1,500,242.059007311464
129.08835198615,35.0744774489351,1,501,242.059007311464
129.088342295442,35.0744732325074,1,502,242.059007311464
129.088332604734,35.0744690160791,1,503,242.059007311464
129.088322914028,35.0744647996499,1,504,242.059007311464
129.088313223323,35.0744605832199,1,505,242.059007311464
129.088303532618,35.0744563667892,1,506,242.059007311464
129.088293841915,35.0744521503577,1,507,242.059007311464
129.088284151212,35.0744479339254,1,508,242.059007311464
129.088274460511,35.0744437174924,1,509,242.059007311464
129.08826476981,35.0744395010585,1,510,242.059007311464
129.088255079111,35.0744352846239,1,511,242.059007311464
129.088245388412,35.0744310681885,1,512,242.059007311464
129.088235697715,35.0744268517523,1,513,242.059007311464
129.088226007018,35.0744226353153,1,514,242.059007311464
129.088216316323,35.0744184188776,1,515,242.059007311464
129.088206625628,35.0744142024391,1,516,242.059007311464
129.088196934935,35.0744099859998,1,517,242.059007311464
129.088187244242,35.0744057695597,1,518,242.059007311464
129.088177553551,35.0744015531189,1,519,242.059007311464
129.08816786286,35.0743973366773,1,520,242.059007311464
129.088158172171,35.0743931202348,1,521,242.059007311464
129.088148481482,35.0743889037917,1,522,242.059007311464
129.088138790795,35.0743846873477,1,523,242.059007311464
129.088129100108,35.0743804709029,1,524,242.059007311464
129.088119409423,35.0743762544574,1,525,242.059007311464
129.088109718738,35.0743720380111,1,526,242.059007311464
129.088100028055,35.074367821564,1,527,242.059007311464
129.088090337372,35.0743636051162,1,528,242.059007311464
129.08808064669,35.0743593886675,1,529,242.059007311464
129.08807095601,35.0743551722181,1,530,242.059007311464
129.08806126533,35.0743509557679,1,531,242.059007311464
129.088051574652,35.074346739317,1,532,242.059007311464
129.088041883974,35.0743425228652,1,533,242.059007311464
129.088032193298,35.0743383064127,1,534,242.059007311464
129.088022502622,35.0743340899594,1,535,242.059007311464
129.088012811947,35.0743298735053,1,536,242.059007311464
129.088003121274,35.0743256570504,1,537,242.059007311464
129.087993430601,35.0743214405948,1,538,242.059007311464
129.08798373993,35.0743172241383,1,539,242.059007311464
129.087974049259,35.0743130076811,1,540,242.059007311464
129.08796435859,35.0743087912232,1,541,242.059007311464
129.087954667921,35.0743045747644,1,542,242.059007311464
129.087944977253,35.0743003583049,1,543,242.059007311464
129.087935286587,35.0742961418445,1,544,242.059007311464
129.087925595921,35.0742919253834,1,545,242.059007311464
129.087915905256,35.0742877089216,1,546,242.059007311464
129.087906214593,35.0742834924589,1,547,242.059007311464
129.08789652393,35.0742792759955,1,548,242.059007311464
129.087886833269,35.0742750595313,1,549,242.059007311464
129.087877142608,35.0742708430663,1,550,242.059007311464
129.087867451948,35.0742666266005,1,551,242.059007311464
129.08785776129,35.0742624101339,1,552,242.059007311464
129.087851555263,35.0742679745387,1,553,330.489624203446
129.087846162899,35.0742758227836,1,554,330.489624203446
129.087840770534,35.0742836710282,1,555,330.489624203446
129.087835378168,35.0742915192726,1,556,330.489624203446
129.087829985801,35.0742993675168,1,557,330.489624203446
129.087824593433,35.0743072157607,1,558,330.489624203446
129.087819201063,35.0743150640044,1,559,330.489624203446
129.087813808693,35.0743229122478,1,560,330.489624203446
129.087808416322,35.0743307604909,1,561,330.489624203446
129.08780302395,35.0743386087339,1,562,330.489624203446
129.087797631577,35.0743464569766,1,563,330.489624203446
129.087792239202,35.074354305219,1,564,330.489624203446
129.087786846827,35.0743621534611,1,565,330.489624203446
129.087781454451,35.0743700017031,1,566,330.489624203446
129.087776062073,35.0743778499447,1,567,330.489624203446
129.087770669695,35.0743856981862,1,568,330.489624203446
129.087765277315,35.0743935464273,1,569,330.489624203446
129.087759884935,35.0744013946683,1,570,330.489624203446
129.087754492553,35.074409242909,1,571,330.489624203446
129.087749100171,35.0744170911494,1,572,330.489624203446
129.087743707787,35.0744249393896,1,573,330.489624203446
129.087738315403,35.0744327876295,1,574,330.489624203446
129.087732923017,35.0744406358692,1,575,330.489624203446
129.08772753063,35.0744484841086,1,576,330.489624203446
129.087722138243,35.0744563323478,1,577,330.489624203446
129.087716745854,35.0744641805868,1,578,330.489624203446
129.087711353464,35.0744720288255,1,579,330.489624203446
129.087705961073,35.0744798770639,1,580,330.489624203446
129.087700568682,35.0744877253021,1,581,330.489624203446
129.087695176289,35.0744955735401,1,582,330.489624203446
129.087689783895,35.0745034217778,1,583,330.489624203446
129.0876843915,35.0745112700152,1,584,330.489624203446
129.087678999104,35.0745191182524,1,585,330.489624203446
129.087673606707,35.0745269664894,1,586,330.489624203446
129.087668214309,35.0745348147261,1,587,330.489624203446
129.08766282191,35.0745426629626,1,588,330.489624203446
129.08765742951,35.0745505111988,1,589,330.489624203446
129.087652037109,35.0745583594347,1,590,330.489624203446
129.087646644707,35.0745662076705,1,591,330.489624203446
129.087641252303,35.0745740559059,1,592,330.489624203446
129.087635859899,35.0745819041411,1,593,330.489624203446
129.087630467494,35.0745897523761,1,594,330.489624203446
129.087625075088,35.0745976006108,1,595,330.489624203446
129.08761968268,35.0746054488453,1,596,330.489624203446
129.087614290272,35.0746132970795,1,597,330.489624203446
129.087608897863,35.0746211453135,1,598,330.489624203446
129.087603505452,35.0746289935472,1,599,330.489624203446
129.087598113041,35.0746368417807,1,600,330.489624203446
129.087592720628,35.0746446900139,1,601,330.489624203446
129.087587328215,35.0746525382469,1,602,330.489624203446
129.0875819358,35.0746603864796,1,603,330.489624203446
129.087576543385,35.0746682347121,1,604,330.489624203446
129.087571150968,35.0746760829444,1,605,330.489624203446
129.087565758551,35.0746839311764,1,606,330.489624203446
129.087560366132,35.0746917794081,1,607,330.489624203446
129.087554973712,35.0746996276396,1,608,330.489624203446
129.087549581292,35.0747074758708,1,609,330.489624203446
129.08754418887,35.0747153241018,1,610,330.489624203446
129.087538796447,35.0747231723326,1,611,330.489624203446
129.087533404023,35.0747310205631,1,612,330.489624203446
129.087528011599,35.0747388687933,1,613,330.489624203446
129.087522619173,35.0747467170233,1,614,330.489624203446
129.087517226746,35.0747545652531,1,615,330.489624203446
129.087511834318,35.0747624134826,1,616,330.489624203446
129.087506441889,35.0747702617118,1,617,330.489624203446
129.087501049459,35.0747781099408,1,618,330.489624203446
129.087495657028,35.0747859581696,1,619,330.489624203446
129.087490264596,35.0747938063981,1,620,330.489624203446
129.087484872163,35.0748016546264,1,621,330.489624203446
129.087479479729,35.0748095028544,1,622,330.489624203446
129.087474087294,35.0748173510822,1,623,330.489624203446
129.087468694857,35.0748251993097,1,624,330.489624203446
129.08746330242,35.0748330475369,1,625,330.489624203446
129.087457909982,35.074840895764,1,626,330.489624203446
129.087452517543,35.0748487439907,1,627,330.489624203446
129.087447125102,35.0748565922173,1,628,330.489624203446
129.087441732661,35.0748644404435,1,629,330.489624203446
129.087436340219,35.0748722886696,1,630,330.489624203446
129.087430947775,35.0748801368953,1,631,330.489624203446
129.087425555331,35.0748879851209,1,632,330.489624203446
129.087420162885,35.0748958333461,1,633,330.489624203446
129.087414770439,35.0749036815712,1,634,330.489624203446
129.087409377991,35.074911529796,1,635,330.489624203446
129.087403985543,35.0749193780205,1,636,330.489624203446
129.087398593093,35.0749272262448,1,637,330.489624203446
129.087393200643,35.0749350744688,1,638,330.489624203446
129.087387808191,35.0749429226926,1,639,330.489624203446
129.087382415738,35.0749507709162,1,640,330.489624203446
129.087377023284,35.0749586191395,1,641,330.489624203446
129.08737163083,35.0749664673625,1,642,330.489624203446
129.087366238374,35.0749743155853,1,643,330.489624203446
129.087360845917,35.0749821638078,1,644,330.489624203446
129.087355453459,35.0749900120301,1,645,330.489624203446
129.087350061,35.0749978602522,1,646,330.489624203446
129.087344668541,35.075005708474,1,647,330.489624203446
129.087338845003,35.0750122843899,1,648,240.539103977935
129.087329293735,35.0750078580551,1,649,240.539103977935
129.087319742468,35.0750034317196,1,650,240.539103977935
129.087310191202,35.0749990053833,1,651,240.539103977935
129.087300639937,35.0749945790462,1,652,240.539103977935
129.087291088673,35.0749901527084,1,653,240.539103977935
129.08728153741,35.0749857263699,1,654,240.539103977935
129.087271986148,35.0749813000305,1,655,240.539103977935
129.087262434887,35.0749768736904,1,656,240.539103977935
129.087252883627,35.0749724473496,1,657,240.539103977935
129.087243332368,35.074968021008,1,658,240.539103977935
129.08723378111,35.0749635946656,1,659,240.539103977935
129.087224229853,35.0749591683225,1,660,240.539103977935
129.087214678597,35.0749547419787,1,661,240.539103977935
129.087205127343,35.074950315634,1,662,240.539103977935
129.087195576089,35.0749458892886,1,663,240.539103977935
129.087186024836,35.0749414629425,1,664,240.539103977935
129.087176473585,35.0749370365956,1,665,240.539103977935
129.087166922334,35.074932610248,1,666,240.539103977935
129.087157371084,35.0749281838995,1,667,240.539103977935
129.087147819836,35.0749237575504,1,668,240.539103977935
129.087138268588,35.0749193312004,1,669,240.539103977935
129.087128717342,35.0749149048498,1,670,240.539103977935
129.087119166096,35.0749104784983,1,671,240.539103977935
129.087109614852,35.0749060521461,1,672,240.539103977935
129.087100063608,35.0749016257932,1,673,240.539103977935
129.087090512366,35.0748971994395,1,674,240.539103977935
129.087080961125,35.074892773085,1,675,240.539103977935
129.087071409884,35.0748883467298,1,676,240.539103977935
129.087061858645,35.0748839203738,1,677,240.539103977935
129.087052307407,35.074879494017,1,678,240.539103977935
129.08704275617,35.0748750676596,1,679,240.539103977935
129.087033204933,35.0748706413013,1,680,240.539103977935
129.087023653698,35.0748662149423,1,681,240.539103977935
129.087014102464,35.0748617885825,1,682,240.539103977935
129.087004551231,35.074857362222,1,683,240.539103977935
129.086994999999,35.0748529358607,1,684,240.539103977935
129.086985448768,35.0748485094987,1,685,240.539103977935
129.086975897538,35.0748440831359,1,686,240.539103977935
129.086966346309,35.0748396567723,1,687,240.539103977935
129.086956795081,35.074835230408,1,688,240.539103977935
129.086947243854,35.074830804043,1,689,240.539103977935
129.086937692628,35.0748263776771,1,690,240.539103977935
129.086928141403,35.0748219513106,1,691,240.539103977935
129.086918590179,35.0748175249432,1,692,240.539103977935
129.086909038956,35.0748130985751,1,693,240.539103977935
129.086899487735,35.0748086722063,1,694,240.539103977935
129.086889936514,35.0748042458367,1,695,240.539103977935
129.086880385294,35.0747998194663,1,696,240.539103977935
129.086870834075,35.0747953930952,1,697,240.539103977935
129.086861282858,35.0747909667233,1,698,240.539103977935
129.086851731641,35.0747865403507,1,699,240.539103977935
129.086842180426,35.0747821139773,1,700,240.539103977935
129.086832629211,35.0747776876032,1,701,240.539103977935
129.086823077998,35.0747732612283,1,702,240.539103977935
129.086813526785,35.0747688348526,1,703,240.539103977935
129.086803975574,35.0747644084762,1,704,240.539103977935
129.086794424363,35.074759982099,1,705,240.539103977935
129.086784873154,35.0747555557211,1,706,240.539103977935
129.086775321945,35.0747511293424,1,707,240.539103977935
129.086765770738,35.0747467029629,1,708,240.539103977935
129.086756219532,35.0747422765827,1,709,240.539103977935
129.086746668326,35.0747378502018,1,710,240.539103977935
129.086737117122,35.07473342382,1,711,240.539103977935
129.086727565919,35.0747289974376,1,712,240.539103977935
129.086718014717,35.0747245710543,1,713,240.539103977935
129.086708463515,35.0747201446704,1,714,240.539103977935
129.086698912315,35.0747157182856,1,715,240.539103977935
129.086689361116,35.0747112919001,1,716,240.539103977935
129.086679809918,35.0747068655139,1,717,240.539103977935
129.086670258721,35.0747024391268,1,718,240.539103977935
129.086660707525,35.0746980127391,1,719,240.539103977935
129.08665115633,35.0746935863505,1,720,240.539103977935
129.086641605136,35.0746891599613,1,721,240.539103977935
129.086632053943,35.0746847335712,1,722,240.539103977935
129.086622502751,35.0746803071804,1,723,240.539103977935
129.08661295156,35.0746758807889,1,724,240.539103977935
129.086603400371,35.0746714543965,1,725,240.539103977935
129.086593849182,35.0746670280035,1,726,240.539103977935
129.086584297994,35.0746626016096,1,727,240.539103977935
129.086574746807,35.0746581752151,1,728,240.539103977935
129.086565195622,35.0746537488197,1,729,240.539103977935
129.086555644437,35.0746493224236,1,730,240.539103977935
129.086546093253,35.0746448960268,1,731,240.539103977935
129.086536542071,35.0746404696292,1,732,240.539103977935
129.086526990889,35.0746360432308,1,733,240.539103977935
129.086517439708,35.0746316168317,1,734,240.539103977935
129.086507888529,35.0746271904318,1,735,240.539103977935
129.08649833735,35.0746227640311,1,736,240.539103977935
129.086488786173,35.0746183376298,1,737,240.539103977935
129.086479234997,35.0746139112276,1,738,240.539103977935
129.086469683821,35.0746094848247,1,739,240.539103977935
129.086460132647,35.074605058421,1,740,240.539103977935
129.086450581473,35.0746006320166,1,741,240.539103977935
129.086441030301,35.0745962056114,1,742,240.539103977935
129.08643147913,35.0745917792055,1,743,240.539103977935
129.08642192796,35.0745873527988,1,744,240.539103977935
129.08641237679,35.0745829263913,1,745,240.539103977935
129.086402825622,35.0745784999831,1,746,240.539103977935
129.086393274455,35.0745740735742,1,747,240.539103977935
129.086383723289,35.0745696471644,1,748,240.539103977935
129.086374172124,35.074565220754,1,749,240.539103977935
129.08636462096,35.0745607943427,1,750,240.539103977935
129.086355069797,35.0745563679307,1,751,240.539103977935
129.086345518635,35.074551941518,1,752,240.539103977935
129.086335967474,35.0745475151045,1,753,240.539103977935
129.086326416314,35.0745430886902,1,754,240.539103977935
129.086316865155,35.0745386622752,1,755,240.539103977935
129.086307313997,35.0745342358594,1,756,240.539103977935
129.08629776284,35.0745298094429,1,757,240.539103977935
129.086288211684,35.0745253830256,1,758,240.539103977935
129.086278660529,35.0745209566075,1,759,240.539103977935
129.086269109376,35.0745165301887,1,760,240.539103977935
129.086259558223,35.0745121037692,1,761,240.539103977935
129.086250007071,35.0745076773489,1,762,240.539103977935
129.08624045592,35.0745032509278,1,763,240.539103977935
129.086230904771,35.0744988245059,1,764,240.539103977935
129.086221353622,35.0744943980834,1,765,240.539103977935
129.086211802475,35.07448997166,1,766,240.539103977935
129.086202251328,35.0744855452359,1,767,240.539103977935
129.086192700183,35.0744811188111,1,768,240.539103977935
129.086183149038,35.0744766923854,1,769,240.539103977935
129.086173597895,35.0744722659591,1,770,240.539103977935
129.086164046752,35.0744678395319,1,771,240.539103977935
129.086154495611,35.074463413104,1,772,240.539103977935
129.08614494447,35.0744589866754,1,773,240.539103977935
129.086135393331,35.074454560246,1,774,240.539103977935
129.086125842193,35.0744501338158,1,775,240.539103977935
129.086116291055,35.0744457073849,1,776,240.539103977935
129.086106739919,35.0744412809533,1,777,240.539103977935
129.086097188784,35.0744368545208,1,778,240.539103977935
129.08608763765,35.0744324280876,1,779,240.539103977935
129.086078086517,35.0744280016537,1,780,240.539103977935
129.086068535384,35.074423575219,1,781,240.539103977935
129.086058984253,35.0744191487835,1,782,240.539103977935
129.086049433123,35.0744147223473,1,783,240.539103977935
129.086039881994,35.0744102959103,1,784,240.539103977935
129.086030330866,35.0744058694726,1,785,240.539103977935
129.086024891293,35.07441369446,1,786,330.209897015363
129.086019452201,35.0744215208866,1,787,330.209897015363
129.086014013108,35.074429347313,1,788,330.209897015363
129.086008574015,35.0744371737391,1,789,330.209897015363
129.08600313492,35.074445000165,1,790,330.209897015363
129.085997695824,35.0744528265907,1,791,330.209897015363
129.085992256728,35.074460653016,1,792,330.209897015363
129.08598681763,35.0744684794412,1,793,330.209897015363
129.085981378531,35.074476305866,1,794,330.209897015363
129.085975939431,35.0744841322906,1,795,330.209897015363
129.08597050033,35.074491958715,1,796,330.209897015363
129.085965061228,35.0744997851391,1,797,330.209897015363
129.085959622125,35.074507611563,1,798,330.209897015363
129.085954183021,35.0745154379866,1,799,330.209897015363
129.085948743916,35.07452326441,1,800,330.209897015363
129.08594330481,35.0745310908331,1,801,330.209897015363
129.085937865703,35.0745389172559,1,802,330.209897015363
129.085932426595,35.0745467436785,1,803,330.209897015363
129.085926987486,35.0745545701009,1,804,330.209897015363
129.085921548375,35.074562396523,1,805,330.209897015363
129.085916109264,35.0745702229448,1,806,330.209897015363
129.085910670152,35.0745780493664,1,807,330.209897015363
129.085905231038,35.0745858757877,1,808,330.209897015363
129.085899791924,35.0745937022088,1,809,330.209897015363
129.085894352808,35.0746015286297,1,810,330.209897015363
129.085888913692,35.0746093550502,1,811,330.209897015363
129.085883474574,35.0746171814706,1,812,330.209897015363
129.085878035456,35.0746250078906,1,813,330.209897015363
129.085872596336,35.0746328343105,1,814,330.209897015363
129.085867157216,35.07464066073,1,815,330.209897015363
129.085861718094,35.0746484871494,1,816,330.209897015363
129.085856278971,35.0746563135684,1,817,330.209897015363
129.085850839848,35.0746641399872,1,818,330.209897015363
129.085845400723,35.0746719664058,1,819,330.209897015363
129.085839961597,35.0746797928241,1,820,330.209897015363
129.08583452247,35.0746876192421,1,821,330.209897015363
129.085829083342,35.07469544566,1,822,330.209897015363
129.085823644213,35.0747032720775,1,823,330.209897015363
129.085818205083,35.0747110984948,1,824,330.209897015363
129.085812765952,35.0747189249118,1,825,330.209897015363
129.08580732682,35.0747267513286,1,826,330.209897015363
129.085801887687,35.0747345777452,1,827,330.209897015363
129.085796448553,35.0747424041615,1,828,330.209897015363
129.085791009418,35.0747502305775,1,829,330.209897015363
129.085785570282,35.0747580569933,1,830,330.209897015363
129.085780131145,35.0747658834088,1,831,330.209897015363
129.085774692006,35.0747737098241,1,832,330.209897015363
129.085769252867,35.0747815362391,1,833,330.209897015363
129.085763813727,35.0747893626539,1,834,330.209897015363
129.085758374585,35.0747971890684,1,835,330.209897015363
129.085755206515,35.074805567622,1,836,356.742536148219
129.085754592908,35.074814567212,1,837,356.742536148219
129.0857539793,35.0748235668021,1,838,356.742536148219
129.085753365692,35.0748325663921,1,839,356.742536148219
129.085752752084,35.0748415659821,1,840,356.742536148219
129.085752138475,35.0748505655721,1,841,356.742536148219
129.085751524867,35.0748595651621,1,842,356.742536148219
129.085750911259,35.0748685647521,1,843,356.742536148219
129.08575029765,35.0748775643421,1,844,356.742536148219
129.085749684041,35.074886563932,1,845,356.742536148219
129.085749070432,35.0748955635219,1,846,356.742536148219
129.085748456823,35.0749045631119,1,847,356.742536148219
129.085749517138,35.0749132874192,1,848,25.7833827984883
129.085754294775,35.0749214003997,1,849,25.7833827984883
129.085759072414,35.07492951338,1,850,25.7833827984883
129.085763850053,35.0749376263601,1,851,25.7833827984883
129.085768627694,35.0749457393401,1,852,25.7833827984883
129.085773405335,35.0749538523198,1,853,25.7833827984883
129.085778182977,35.0749619652993,1,854,25.7833827984883
129.085782960621,35.0749700782786,1,855,25.7833827984883
129.085787738265,35.0749781912577,1,856,25.7833827984883
129.08579251591,35.0749863042367,1,857,25.7833827984883
129.085797293556,35.0749944172154,1,858,25.7833827984883
129.085802071203,35.0750025301939,1,859,25.7833827984883
129.085806848851,35.0750106431722,1,860,25.7833827984883
129.0858116265,35.0750187561503,1,861,25.7833827984883
129.085816731037,35.0750267280009,1,862,29.531411954814
129.085822143572,35.0750345668785,1,863,29.531411954814
129.085827556109,35.075042405756,1,864,29.531411954814
129.085832968646,35.0750502446331,1,865,29.531411954814
129.085838381185,35.07505808351,1,866,29.531411954814
129.085843793724,35.0750659223867,1,867,29.531411954814
129.085849206265,35.0750737612631,1,868,29.531411954814
129.085854618806,35.0750816001392,1,869,29.531411954814
129.085860031349,35.0750894390151,1,870,29.531411954814
129.085865443893,35.0750972778907,1,871,29.531411954814
129.085870856437,35.0751051167661,1,872,29.531411954814
129.085876268983,35.0751129556412,1,873,29.531411954814
129.08588168153,35.0751207945161,1,874,29.531411954814
129.085887094078,35.0751286333907,1,875,29.531411954814
129.085892506627,35.0751364722651,1,876,29.531411954814
129.085897919177,35.0751443111392,1,877,29.531411954814
129.085903331728,35.0751521500131,1,878,29.531411954814
129.08590874428,35.0751599888867,1,879,29.531411954814
129.085914156833,35.07516782776,1,880,29.531411954814
129.085919569387,35.0751756666332,1,881,29.531411954814
129.085924981942,35.075183505506,1,882,29.531411954814
129.085930394498,35.0751913443786,1,883,29.531411954814
129.085935807055,35.0751991832509,1,884,29.531411954814
129.085941219613,35.075207022123,1,885,29.531411954814
129.085946632172,35.0752148609949,1,886,29.531411954814
129.085952044733,35.0752226998665,1,887,29.531411954814
129.085957457294,35.0752305387378,1,888,29.531411954814
129.085962869856,35.0752383776089,1,889,29.531411954814
129.08596828242,35.0752462164797,1,890,29.531411954814
129.085973694984,35.0752540553503,1,891,29.531411954814
129.08597910755,35.0752618942206,1,892,29.531411954814
129.085984520116,35.0752697330906,1,893,29.531411954814
129.085989932684,35.0752775719605,1,894,29.531411954814
129.085995345252,35.07528541083,1,895,29.531411954814
129.086000757822,35.0752932496993,1,896,29.531411954814
129.086006170393,35.0753010885684,1,897,29.531411954814
129.086011582964,35.0753089274372,1,898,29.531411954814
129.086016995537,35.0753167663057,1,899,29.531411954814
129.086022408111,35.075324605174,1,900,29.531411954814
129.086027820685,35.075332444042,1,901,29.531411954814
