longitude,latitude,id,distance,angle
129.087006707083,35.072957858301,1,0.000000,67.886873760
129.087016872311,35.072961245460,1,1.000000,67.886873760
129.087027037541,35.072964632619,1,2.000000,67.886873760
129.087037202771,35.072968019777,1,3.000000,67.886873760
129.087047368003,35.072971406934,1,4.000000,67.886873760
129.087057533235,35.072974794090,1,5.000000,67.886873760
129.087067698468,35.072978181245,1,6.000000,67.886873760
129.087077863702,35.072981568399,1,7.000000,67.886873760
129.087088028936,35.072984955553,1,8.000000,67.886873760
129.087098194172,35.072988342705,1,9.000000,67.886873760
129.087108359408,35.072991729857,1,10.000000,67.886873760
129.087118524645,35.072995117008,1,11.000000,67.886873760
129.087128689883,35.072998504158,1,12.000000,67.886873760
129.087138855122,35.073001891307,1,13.000000,67.886873760
129.087149020362,35.073005278455,1,14.000000,67.886873760
129.087159185602,35.073008665603,1,15.000000,67.886873760
129.087169350843,35.073012052749,1,16.000000,67.886873760
129.087179516086,35.073015439895,1,17.000000,67.886873760
129.087189681329,35.073018827040,1,18.000000,67.886873760
129.087199846572,35.073022214184,1,19.000000,67.886873760
129.087210011817,35.073025601327,1,20.000000,67.886873760
129.087220177063,35.073028988470,1,21.000000,67.886873760
129.087230342309,35.073032375611,1,22.000000,67.886873760
129.087240507556,35.073035762752,1,23.000000,67.886873760
129.087250672804,35.073039149892,1,24.000000,67.886873760
129.087260838053,35.073042537031,1,25.000000,67.886873760
129.087271003303,35.073045924169,1,26.000000,67.886873760
129.087281168553,35.073049311306,1,27.000000,67.886873760
129.087291333805,35.073052698442,1,28.000000,67.886873760
129.087301499057,35.073056085578,1,29.000000,67.886873760
129.087311664310,35.073059472712,1,30.000000,67.886873760
129.087321829564,35.073062859846,1,31.000000,67.886873760
129.087331994819,35.073066246979,1,32.000000,67.886873760
129.087342160074,35.073069634111,1,33.000000,67.886873760
129.087352325331,35.073073021242,1,34.000000,67.886873760
129.087362490588,35.073076408373,1,35.000000,67.886873760
129.087372655846,35.073079795502,1,36.000000,67.886873760
129.087382821105,35.073083182631,1,37.000000,67.886873760
129.087392986365,35.073086569759,1,38.000000,67.886873760
129.087403151625,35.073089956886,1,39.000000,67.886873760
129.087413316887,35.073093344012,1,40.000000,67.886873760
129.087423482149,35.073096731137,1,41.000000,67.886873760
129.087433647412,35.073100118261,1,42.000000,67.886873760
129.087443812676,35.073103505385,1,43.000000,67.886873760
129.087453977941,35.073106892508,1,44.000000,67.886873760
129.087464143207,35.073110279629,1,45.000000,67.886873760
129.087474308473,35.073113666750,1,46.000000,67.886873760
129.087484473741,35.073117053871,1,47.000000,67.886873760
129.087494639009,35.073120440990,1,48.000000,67.886873760
129.087504804278,35.073123828108,1,49.000000,67.886873760
129.087514969548,35.073127215226,1,50.000000,67.886873760
129.087525134818,35.073130602342,1,51.000000,67.886873760
129.087535300090,35.073133989458,1,52.000000,67.886873760
129.087545465362,35.073137376573,1,53.000000,67.886873760
129.087555630635,35.073140763687,1,54.000000,67.886873760
129.087565795909,35.073144150801,1,55.000000,67.886873760
129.087575961184,35.073147537913,1,56.000000,67.886873760
129.087586126460,35.073150925025,1,57.000000,67.886873760
129.087596291736,35.073154312135,1,58.000000,67.886873760
129.087606457014,35.073157699245,1,59.000000,67.886873760
129.087616622292,35.073161086354,1,60.000000,67.886873760
129.087626787571,35.073164473462,1,61.000000,67.886873760
129.087636952851,35.073167860570,1,62.000000,67.886873760
129.087647118132,35.073171247676,1,63.000000,67.886873760
129.087657283413,35.073174634782,1,64.000000,67.886873760
129.087667448696,35.073178021886,1,65.000000,67.886873760
129.087677613979,35.073181408990,1,66.000000,67.886873760
129.087687779263,35.073184796093,1,67.000000,67.886873760
129.087697944548,35.073188183195,1,68.000000,67.886873760
129.087708109834,35.073191570297,1,69.000000,67.886873760
129.087718275120,35.073194957397,1,70.000000,67.886873760
129.087728440408,35.073198344497,1,71.000000,67.886873760
129.087738605696,35.073201731595,1,72.000000,67.886873760
129.087748770985,35.073205118693,1,73.000000,67.886873760
129.087758936275,35.073208505790,1,74.000000,67.886873760
129.087769101566,35.073211892887,1,75.000000,67.886873760
129.087779266858,35.073215279982,1,76.000000,67.886873760
129.087789432150,35.073218667076,1,77.000000,67.886873760
129.087799597444,35.073222054170,1,78.000000,67.886873760
129.087809762738,35.073225441263,1,79.000000,67.886873760
129.087819928033,35.073228828355,1,80.000000,67.886873760
129.087830093329,35.073232215446,1,81.000000,67.886873760
129.087840258625,35.073235602536,1,82.000000,67.886873760
129.087850423923,35.073238989625,1,83.000000,67.886873760
129.087860589221,35.073242376714,1,84.000000,67.886873760
129.087870754520,35.073245763801,1,85.000000,67.886873760
129.087880919820,35.073249150888,1,86.000000,67.886873760
129.087891085121,35.073252537974,1,87.000000,67.886873760
129.087901250423,35.073255925059,1,88.000000,67.886873760
129.087911415725,35.073259312143,1,89.000000,67.886873760
129.087921581029,35.073262699226,1,90.000000,67.886873760
129.087931746333,35.073266086309,1,91.000000,67.886873760
129.087941911638,35.073269473391,1,92.000000,67.886873760
129.087952076944,35.073272860471,1,93.000000,67.886873760
129.087962242251,35.073276247551,1,94.000000,67.886873760
129.087972407558,35.073279634630,1,95.000000,67.886873760
129.087982572867,35.073283021709,1,96.000000,67.886873760
129.087992738176,35.073286408786,1,97.000000,67.886873760
129.088002903486,35.073289795862,1,98.000000,67.886873760
129.088013068797,35.073293182938,1,99.000000,67.886873760
129.088023234109,35.073296570013,1,100.000000,67.886873760
129.088033399421,35.073299957087,1,101.000000,67.886873760
129.088043564735,35.073303344160,1,102.000000,67.886873760
129.088053730049,35.073306731232,1,103.000000,67.886873760
129.088063895364,35.073310118303,1,104.000000,67.886873760
129.088074060680,35.073313505374,1,105.000000,67.886873760
129.088084225997,35.073316892444,1,106.000000,67.886873760
129.088094391315,35.073320279512,1,107.000000,67.886873760
129.088104556633,35.073323666580,1,108.000000,67.886873760
129.088114721952,35.073327053647,1,109.000000,67.886873760
129.088124887272,35.073330440714,1,110.000000,67.886873760
129.088135052593,35.073333827779,1,111.000000,67.886873760
129.088145217915,35.073337214844,1,112.000000,67.886873760
129.088155383238,35.073340601907,1,113.000000,67.886873760
129.088165548561,35.073343988970,1,114.000000,67.886873760
129.088175713886,35.073347376032,1,115.000000,67.886873760
129.088185879211,35.073350763093,1,116.000000,67.886873760
129.088196044537,35.073354150153,1,117.000000,67.886873760
129.088206209864,35.073357537213,1,118.000000,67.886873760
129.088216375192,35.073360924271,1,119.000000,67.886873760
129.088226540520,35.073364311329,1,120.000000,67.886873760
129.088236705849,35.073367698386,1,121.000000,67.886873760
129.088246871180,35.073371085442,1,122.000000,67.886873760
129.088257036511,35.073374472497,1,123.000000,67.886873760
129.088267201843,35.073377859551,1,124.000000,67.886873760
129.088277367175,35.073381246605,1,125.000000,67.886873760
129.088287532509,35.073384633657,1,126.000000,67.886873760
129.088297697843,35.073388020709,1,127.000000,67.886873760
129.088307863179,35.073391407760,1,128.000000,67.886873760
129.088318028515,35.073394794810,1,129.000000,67.886873760
129.088328193852,35.073398181859,1,130.000000,67.886873760
129.088338359189,35.073401568907,1,131.000000,67.886873760
129.088348524528,35.073404955955,1,132.000000,67.886873760
129.088358689867,35.073408343001,1,133.000000,67.886873760
129.088368855208,35.073411730047,1,134.000000,67.886873760
129.088379020549,35.073415117092,1,135.000000,67.886873760
129.088389185891,35.073418504136,1,136.000000,67.886873760
129.088399351233,35.073421891179,1,137.000000,67.886873760
129.088409516577,35.073425278221,1,138.000000,67.886873760
129.088419681922,35.073428665263,1,139.000000,67.886873760
129.088429847267,35.073432052303,1,140.000000,67.886873760
129.088440012613,35.073435439343,1,141.000000,67.886873760
129.088450177960,35.073438826382,1,142.000000,67.886873760
129.088460343308,35.073442213420,1,143.000000,67.886873760
129.088470508656,35.073445600457,1,144.000000,67.886873760
129.088480674006,35.073448987493,1,145.000000,67.886873760
129.088490839356,35.073452374529,1,146.000000,67.886873760
129.088501004707,35.073455761563,1,147.000000,67.886873760
129.088511170059,35.073459148597,1,148.000000,67.886873760
129.088521335412,35.073462535630,1,149.000000,67.886873760
129.088531500766,35.073465922662,1,150.000000,67.886873760
129.088541666121,35.073469309693,1,151.000000,67.886873760
129.088551831476,35.073472696724,1,152.000000,67.886873760
129.088561996832,35.073476083753,1,153.000000,67.886873760
129.088572162189,35.073479470782,1,154.000000,67.886873760
129.088582327547,35.073482857809,1,155.000000,67.886873760
129.088592492906,35.073486244836,1,156.000000,67.886873760
129.088602658265,35.073489631862,1,157.000000,67.886873760
129.088612823626,35.073493018888,1,158.000000,67.886873760
129.088622988987,35.073496405912,1,159.000000,67.886873760
129.088633154349,35.073499792935,1,160.000000,67.886873760
129.088643319712,35.073503179958,1,161.000000,67.886873760
129.088653485076,35.073506566980,1,162.000000,67.886873760
129.088663650440,35.073509954001,1,163.000000,67.886873760
129.088673815806,35.073513341021,1,164.000000,67.886873760
129.088683981172,35.073516728040,1,165.000000,67.886873760
129.088694146539,35.073520115058,1,166.000000,67.886873760
129.088704311907,35.073523502076,1,167.000000,67.886873760
129.088714477276,35.073526889092,1,168.000000,67.886873760
129.088724642645,35.073530276108,1,169.000000,67.886873760
129.088734808016,35.073533663123,1,170.000000,67.886873760
129.088744973387,35.073537050137,1,171.000000,67.886873760
129.088755138759,35.073540437150,1,172.000000,67.886873760
129.088765304132,35.073543824163,1,173.000000,67.886873760
129.088775469506,35.073547211174,1,174.000000,67.886873760
129.088785634881,35.073550598185,1,175.000000,67.886873760
129.088795800256,35.073553985195,1,176.000000,67.886873760
129.088805965633,35.073557372204,1,177.000000,67.886873760
129.088816131010,35.073560759212,1,178.000000,67.886873760
129.088826296388,35.073564146219,1,179.000000,67.886873760
129.088836461767,35.073567533225,1,180.000000,67.886873760
129.088846627146,35.073570920231,1,181.000000,67.886873760
129.088856792527,35.073574307236,1,182.000000,67.886873760
129.088866957908,35.073577694239,1,183.000000,67.886873760
129.088877123290,35.073581081242,1,184.000000,67.886873760
129.088887288673,35.073584468245,1,185.000000,67.886873760
129.088897454057,35.073587855246,1,186.000000,67.886873760
129.088907619442,35.073591242246,1,187.000000,67.886873760
129.088917784828,35.073594629246,1,188.000000,67.886873760
129.088927950214,35.073598016244,1,189.000000,67.886873760
129.088938115601,35.073601403242,1,190.000000,67.886873760
129.088948280989,35.073604790239,1,191.000000,67.886873760
129.088958446378,35.073608177235,1,192.000000,67.886873760
129.088968611768,35.073611564231,1,193.000000,67.886873760
129.088978777159,35.073614951225,1,194.000000,67.886873760
129.088988942550,35.073618338219,1,195.000000,67.886873760
129.088999107942,35.073621725211,1,196.000000,67.886873760
129.089009273335,35.073625112203,1,197.000000,67.886873760
129.089019438729,35.073628499194,1,198.000000,67.886873760
129.089029604124,35.073631886184,1,199.000000,67.886873760
129.089039769520,35.073635273173,1,200.000000,67.886873760
129.089049934916,35.073638660162,1,201.000000,67.886873760
129.089060100313,35.073642047149,1,202.000000,67.886873760
129.089070265712,35.073645434136,1,203.000000,67.886873760
129.089080431110,35.073648821122,1,204.000000,67.886873760
129.089090596510,35.073652208107,1,205.000000,67.886873760
129.089100761911,35.073655595091,1,206.000000,67.886873760
129.089110927312,35.073658982074,1,207.000000,67.886873760
129.089121092715,35.073662369057,1,208.000000,67.886873760
129.089131258118,35.073665756038,1,209.000000,67.886873760
129.089141423522,35.073669143019,1,210.000000,67.886873760
129.089151588927,35.073672529999,1,211.000000,67.886873760
129.089161754332,35.073675916978,1,212.000000,67.886873760
129.089171919739,35.073679303956,1,213.000000,67.886873760
129.089182085146,35.073682690934,1,214.000000,67.886873760
129.089192250554,35.073686077910,1,215.000000,67.886873760
129.089202415963,35.073689464886,1,216.000000,67.886873760
129.089212581373,35.073692851860,1,217.000000,67.886873760
129.089222746784,35.073696238834,1,218.000000,67.886873760
129.089232912196,35.073699625807,1,219.000000,67.886873760
129.089243077608,35.073703012779,1,220.000000,67.886873760
129.089253243021,35.073706399751,1,221.000000,67.886873760
129.089263408435,35.073709786721,1,222.000000,67.886873760
129.089273573850,35.073713173691,1,223.000000,67.886873760
129.089283739266,35.073716560660,1,224.000000,67.886873760
129.089293904682,35.073719947627,1,225.000000,67.886873760
129.089304070100,35.073723334594,1,226.000000,67.886873760
129.089314235518,35.073726721561,1,227.000000,67.886873760
129.089324400937,35.073730108526,1,228.000000,67.886873760
129.089334566357,35.073733495490,1,229.000000,67.886873760
129.089344731778,35.073736882454,1,230.000000,67.886873760
129.089354897200,35.073740269417,1,231.000000,67.886873760
129.089365062622,35.073743656379,1,232.000000,67.886873760
129.089375228045,35.073747043340,1,233.000000,67.886873760
129.089385393469,35.073750430300,1,234.000000,67.886873760
129.089395558894,35.073753817259,1,235.000000,67.886873760
129.089405724320,35.073757204218,1,236.000000,67.886873760
129.089415889747,35.073760591176,1,237.000000,67.886873760
129.089426055174,35.073763978132,1,238.000000,67.886873760
129.089436220603,35.073767365088,1,239.000000,67.886873760
129.089446386032,35.073770752043,1,240.000000,67.886873760
129.089456551462,35.073774138998,1,241.000000,67.886873760
129.089466716893,35.073777525951,1,242.000000,67.886873760
129.089476882324,35.073780912903,1,243.000000,67.886873760
129.089487047757,35.073784299855,1,244.000000,67.886873760
129.089497213190,35.073787686806,1,245.000000,67.886873760
129.089507378624,35.073791073756,1,246.000000,67.886873760
129.089517544059,35.073794460705,1,247.000000,67.886873760
129.089527709495,35.073797847653,1,248.000000,67.886873758
129.089537874932,35.073801234600,1,249.000000,67.886873756
129.089548040369,35.073804621547,1,250.000000,67.886873748
129.089558205808,35.073808008493,1,251.000000,67.886873727
129.089568371247,35.073811395437,1,252.000000,67.886873676
129.089578536687,35.073814782381,1,253.000000,67.886873552
129.089588702128,35.073818169325,1,254.000000,67.886873255
129.089598867570,35.073821556267,1,255.000000,67.886872564
129.089609033012,35.073824943208,1,256.000000,67.886870993
129.089619198455,35.073828330149,1,257.000000,67.886867513
129.089629363899,35.073831717090,1,258.000000,67.886859981
129.089639529343,35.073835104031,1,259.000000,67.886844067
129.089649694787,35.073838490973,1,260.000000,67.886811228
129.089659860229,35.073841877919,1,261.000000,67.886745038
129.089670025668,35.073845264874,1,262.000000,67.886614691
129.089680191097,35.073848651847,1,263.000000,67.886363869
129.089690356510,35.073852038856,1,264.000000,67.885892157
129.089700521890,35.073855425933,1,265.000000,67.885024982
129.089710687208,35.073858813136,1,266.000000,67.883466402
129.089720852414,35.073862200565,1,267.000000,67.880727202
129.089731017425,35.073865588392,1,268.000000,67.876018795
129.089741182098,35.073868976906,1,269.000000,67.868101534
129.089751346202,35.073872366573,1,270.000000,67.855074736
129.089761509369,35.073875758139,1,271.000000,67.834095120
129.089771671025,35.073879152764,1,272.000000,67.801010683
129.089781830297,35.073882552211,1,273.000000,67.749897809
129.089791985876,35.073885959106,1,274.000000,67.672489416
129.089802135849,35.073889377277,1,275.000000,67.557479129
129.089812277455,35.073892812190,1,276.000000,67.389678046
129.089822406783,35.073896271506,1,277.000000,67.148983873
129.089832518345,35.073899765772,1,278.000000,66.809095774
129.089842604516,35.073903309289,1,279.000000,66.335874260
129.089852654744,35.073906921168,1,280.000000,65.685212311
129.089862654434,35.073910626640,1,281.000000,64.800271287
129.089872583319,35.073914458636,1,282.000000,63.607983799
129.089882413066,35.073918459647,1,283.000000,62.014916733
129.089892103714,35.073922683771,1,284.000000,59.903076573
129.089901598439,35.073927198601,1,285.000000,57.127298177
129.089910816071,35.073932086143,1,286.000000,53.517866549
129.089919641144,35.073937441052,1,287.000000,48.275323432
129.089927834136,35.073943436476,1,288.000000,41.621547018
129.089935126936,35.073950171957,1,289.000000,34.136333507
129.089941290291,35.073957631071,1,290.000000,24.002303701
129.089945761052,35.073965865347,1,291.000000,14.900422555
129.089948591072,35.073974577361,1,292.000000,6.018417944
129.089949750947,35.073983544127,1,293.000000,358.434614054
129.089949461202,35.073992558304,1,294.000000,353.019609741
129.089948138017,35.074001509775,1,295.000000,348.746304497
129.089946007164,35.074010355304,1,296.000000,345.263770280
129.089943226661,35.074019078088,1,297.000000,342.781794840
129.089939989286,35.074027693699,1,298.000000,340.987261177
129.089936425314,35.074036221740,1,299.000000,339.618602652
129.089932614585,35.074044677364,1,300.000000,338.573948047
129.089928616970,35.074053074467,1,301.000000,337.770703832
129.089924476557,35.074061424672,1,302.000000,337.141244352
129.089920224808,35.074069736978,1,303.000000,336.629148932
129.089915882859,35.074078017712,1,304.000000,336.186189500
129.089911463168,35.074086270603,1,305.000000,335.770045396
129.089906970680,35.074094496885,1,306.000000,335.342655794
129.089902403677,35.074102695389,1,307.000000,334.869124908
129.089897754409,35.074110862584,1,308.000000,334.317125175
129.089893009646,35.074118992575,1,309.000000,333.656776420
129.089888151224,35.074127077072,1,310.000000,332.861002550
129.089883156691,35.074135105316,1,311.000000,331.906373172
129.089878000152,35.074143064036,1,312.000000,330.774416461
129.089872653370,35.074150937458,1,313.000000,329.453330962
129.089867087205,35.074158707444,1,314.000000,327.939920485
129.089861273361,35.074166353864,1,315.000000,326.241434980
129.089855186389,35.074173855259,1,316.000000,324.376856621
129.089848805748,35.074181189861,1,317.000000,322.377093339
129.089842117664,35.074188336950,1,318.000000,320.283616789
129.089835116464,35.074195278417,1,319.000000,318.145360476
129.089827805100,35.074202000298,1,320.000000,316.014136984
129.089820194725,35.074208494003,1,321.000000,313.939289695
129.089812303358,35.074214756932,1,322.000000,311.924647467
129.089804149052,35.074220787921,1,323.000000,310.057955578
129.089795760106,35.074226597343,1,324.000000,308.368945725
129.089787166521,35.074232200967,1,325.000000,306.824048175
129.089778392291,35.074237612084,1,326.000000,305.410943426
129.089769458410,35.074242843669,1,327.000000,304.107199081
129.089760382050,35.074247906790,1,328.000000,302.882875202
129.089751176168,35.074252809322,1,329.000000,301.703278817
129.089741849471,35.074257555012,1,330.000000,300.531730580
129.089732406696,35.074262142940,1,331.000000,299.332297054
129.089722849170,35.074266567365,1,332.000000,298.072477783
129.089713175627,35.074270817968,1,333.000000,296.725819188
129.089703383242,35.074274880497,1,334.000000,295.274365303
129.089693468828,35.074278737807,1,335.000000,293.710762754
129.089683430074,35.074282371276,1,336.000000,292.039742235
129.089673266707,35.074285762540,1,337.000000,290.278646204
129.089662981366,35.074288895424,1,338.000000,288.456716384
129.089652580066,35.074291757893,1,339.000000,286.613029136
129.089642072127,35.074294343770,1,340.000000,284.793251687
129.089631469601,35.074296654017,1,341.000000,283.045698435
129.089620786307,35.074298697376,1,342.000000,281.417367305
129.089610036698,35.074300490339,1,343.000000,279.950635270
129.089599234786,35.074302056511,1,344.000000,278.681085026
129.089588393316,35.074303425545,1,345.000000,277.636611905
129.089577523292,35.074304631884,1,346.000000,276.837650756
129.089566633862,35.074305713497,1,347.000000,276.298164417
129.089555732528,35.074306710770,1,348.000000,276.026977220
129.089544825573,35.074307665613,1,349.000000,276.029089268
129.089533918662,35.074308620786,1,350.000000,276.306716263
129.089523017507,35.074309619394,1,351.000000,276.859919358
129.089512128589,35.074310704481,1,352.000000,277.686793813
129.089501259852,35.074311918640,1,353.000000,278.783266670
129.089490421366,35.074313303558,1,354.000000,280.142613971
129.089479625894,35.074314899465,1,355.000000,281.754848982
129.089468889312,35.074316744437,1,356.000000,283.606151974
129.089458230835,35.074318873594,1,357.000000,285.692623898
129.089447673716,35.074321320355,1,358.000000,288.059747899
129.089437248530,35.074324123492,1,359.000000,290.522946378
129.089426979517,35.074327292381,1,360.000000,293.124793906
129.089416896071,35.074330841237,1,361.000000,295.832153670
129.089407027783,35.074334777689,1,362.000000,298.610483266
129.089397403191,35.074339102753,1,363.000000,301.424553163
129.089388048492,35.074343811060,1,364.000000,304.239013068
129.089378986290,35.074348891306,1,365.000000,307.018891469
129.089370234455,35.074354326892,1,366.000000,309.730161327
129.089361805174,35.074360096733,1,367.000000,312.340484867
129.089353704277,35.074366176186,1,368.000000,314.820170896
129.089345930911,35.074372538082,1,369.000000,317.143273357
129.089338477614,35.074379153786,1,370.000000,319.288674399
129.089331330795,35.074385994233,1,371.000000,321.240963030
129.089324471587,35.074393030868,1,372.000000,322.990950729
129.089317876964,35.074400236425,1,373.000000,324.535740923
129.089311521023,35.074407585517,1,374.000000,325.878358403
129.089305376283,35.074415055023,1,375.000000,327.027017380
129.089299414918,35.074422624294,1,376.000000,327.994146524
129.089293609808,35.074430275207,1,377.000000,328.795295681
129.089287935391,35.074437992100,1,378.000000,329.448032100
129.089282368276,35.074445761636,1,379.000000,329.970907185
129.089276887639,35.074453572615,1,380.000000,330.382547932
129.089271475403,35.074461415761,1,381.000000,330.700905203
129.089266116259,35.074469283510,1,382.000000,330.942674328
129.089260797545,35.074477169778,1,383.000000,331.122890745
129.089255509029,35.074485069761,1,384.000000,331.254692698
129.089250242632,35.074492979723,1,385.000000,331.349233839
129.089244992118,35.074500896819,1,386.000000,331.415721073
129.089239752781,35.074508818918,1,387.000000,331.461548014
129.089234521152,35.074516744459,1,388.000000,331.492492553
129.089229294730,35.074524672321,1,389.000000,331.512948319
129.089224071750,35.074532601717,1,390.000000,331.526163730
129.089218850993,35.074540532103,1,391.000000,331.534467776
129.089213631634,35.074548463111,1,392.000000,331.539467498
129.089208413116,35.074556394492,1,393.000000,331.542207329
129.089203195058,35.074564326079,1,394.000000,331.543284233
129.089197977181,35.074572257746,1,395.000000,331.542914673
129.089192759240,35.074580189385,1,396.000000,331.540949883
129.089187540967,35.074588120877,1,397.000000,331.536835018
129.089182322001,35.074596052060,1,398.000000,331.529506232
129.089177101799,35.074603982695,1,399.000000,331.517218139
129.089171879528,35.074611912408,1,400.000000,331.497293304
129.089166653902,35.074619840628,1,401.000000,331.465785798
129.089161422972,35.074627766484,1,402.000000,331.417052458
129.089156183843,35.074635688679,1,403.000000,331.343227630
129.089150932300,35.074643605318,1,404.000000,331.233597984
129.089145662341,35.074651513681,1,405.000000,331.073870869
129.089140365583,35.074659409936,1,406.000000,330.845319536
129.089135030553,35.074667288758,1,407.000000,330.523769246
129.089129641821,35.074675142841,1,408.000000,330.078360295
129.089124178982,35.074682962248,1,409.000000,329.469992826
129.089118615458,35.074690733530,1,410.000000,328.611335982
129.089112910897,35.074698435398,1,411.000000,327.459586618
129.089107019175,35.074706041443,1,412.000000,325.932400333
129.089100882968,35.074713515700,1,413.000000,323.910345282
129.089094429787,35.074720807308,1,414.000000,321.258180480
129.089087573103,35.074727845624,1,415.000000,317.819678174
129.089080215272,35.074734533185,1,416.000000,313.431770645
129.089072256628,35.074740738355,1,417.000000,306.902146407
129.089063491277,35.074746159248,1,418.000000,299.661597305
129.089053964747,35.074750628705,1,419.000000,291.544660796
129.089043766032,35.074753947593,1,420.000000,281.524361288
129.089033020442,35.074755757004,1,421.000000,273.611990860
129.089022074170,35.074756333126,1,422.000000,266.145224901
129.089011129649,35.074755734944,1,423.000000,259.953975589
129.089000327436,35.074754169896,1,424.000000,255.603382618
129.088989700766,35.074751935691,1,425.000000,252.198417014
129.088979254266,35.074749186564,1,426.000000,249.575373217
129.088968971752,35.074746047287,1,427.000000,247.578027339
129.088958828577,35.074742615294,1,428.000000,246.050939865
129.088948800259,35.074738962298,1,429.000000,244.912431333
129.088938862211,35.074735146213,1,430.000000,244.102807343
129.088928990747,35.074731215064,1,431.000000,243.503150265
129.088919169871,35.074727199197,1,432.000000,243.064511002
129.088909386680,35.074723121638,1,433.000000,242.748131962
129.088899631027,35.074718999729,1,434.000000,242.523457776
129.088889895112,35.074714846402,1,435.000000,242.366579960
129.088880173066,35.074710671175,1,436.000000,242.258999817
129.088870460575,35.074706480947,1,437.000000,242.186614844
129.088860754532,35.074702280635,1,438.000000,242.138864919
129.088851052751,35.074698073673,1,439.000000,242.108002058
129.088841353729,35.074693862415,1,440.000000,242.088466436
129.088831656455,35.074689648438,1,441.000000,242.076361036
129.088821960265,35.074685432776,1,442.000000,242.069019971
129.088812264734,35.074681216092,1,443.000000,242.064664265
129.088802569593,35.074676998801,1,444.000000,242.062136216
129.088792874680,35.074672781157,1,445.000000,242.060701194
129.088783179897,35.074668563314,1,446.000000,242.059904662
129.088773485185,35.074664345358,1,447.000000,242.059472403
129.088763790514,35.074660127342,1,448.000000,242.059243097
129.088754095863,35.074655909293,1,449.000000,242.059124210
129.088744401225,35.074651691227,1,450.000000,242.059063977
129.088734706593,35.074647473151,1,451.000000,242.059034161
129.088725011964,35.074643255071,1,452.000000,242.059019745
129.088715317338,35.074639036988,1,453.000000,242.059012937
129.088705622714,35.074634818903,1,454.000000,242.059009798
129.088695928090,35.074630600817,1,455.000000,242.059008385
129.088686233468,35.074626382730,1,456.000000,242.059007764
129.088676538847,35.074622164642,1,457.000000,242.059007497
129.088666844227,35.074617946553,1,458.000000,242.059007386
129.088657149608,35.074613728464,1,459.000000,242.059007341
129.088647454990,35.074609510373,1,460.000000,242.059007323
129.088637760373,35.074605292282,1,461.000000,242.059007316
129.088628065757,35.074601074190,1,462.000000,242.059007313
129.088618371142,35.074596856098,1,463.000000,242.059007312
129.088608676528,35.074592638004,1,464.000000,242.059007312
129.088598981915,35.074588419910,1,465.000000,242.059007312
129.088589287303,35.074584201815,1,466.000000,242.059007311
129.088579592692,35.074579983719,1,467.000000,242.059007311
129.088569898081,35.074575765623,1,468.000000,242.059007311
129.088560203472,35.074571547525,1,469.000000,242.059007311
129.088550508864,35.074567329427,1,470.000000,242.059007311
129.088540814257,35.074563111328,1,471.000000,242.059007311
129.088531119651,35.074558893229,1,472.000000,242.059007311
129.088521425046,35.074554675128,1,473.000000,242.059007311
129.088511730442,35.074550457027,1,474.000000,242.059007311
129.088502035839,35.074546238925,1,475.000000,242.059007311
129.088492341237,35.074542020822,1,476.000000,242.059007311
129.088482646636,35.074537802719,1,477.000000,242.059007311
129.088472952035,35.074533584614,1,478.000000,242.059007311
129.088463257436,35.074529366509,1,479.000000,242.059007311
129.088453562838,35.074525148403,1,480.000000,242.059007311
129.088443868241,35.074520930296,1,481.000000,242.059007311
129.088434173645,35.074516712189,1,482.000000,242.059007311
129.088424479050,35.074512494081,1,483.000000,242.059007311
129.088414784456,35.074508275972,1,484.000000,242.059007311
129.088405089863,35.074504057862,1,485.000000,242.059007311
129.088395395270,35.074499839751,1,486.000000,242.059007311
129.088385700679,35.074495621640,1,487.000000,242.059007311
129.088376006089,35.074491403528,1,488.000000,242.059007311
129.088366311500,35.074487185415,1,489.000000,242.059007311
129.088356616912,35.074482967301,1,490.000000,242.059007311
129.088346922325,35.074478749187,1,491.000000,242.059007311
129.088337227738,35.074474531071,1,492.000000,242.059007311
129.088327533153,35.074470312955,1,493.000000,242.059007311
129.088317838569,35.074466094839,1,494.000000,242.059007312
129.088308143986,35.074461876721,1,495.000000,242.059007312
129.088298449404,35.074457658603,1,496.000000,242.059007312
129.088288754823,35.074453440483,1,497.000000,242.059007314
129.088279060242,35.074449222364,1,498.000000,242.059007318
129.088269365663,35.074445004243,1,499.000000,242.059007328
129.088259671085,35.074440786121,1,500.000000,242.059007353
129.088249976508,35.074436567999,1,501.000000,242.059007418
129.088240281932,35.074432349876,1,502.000000,242.059007573
129.088230587356,35.074428131752,1,503.000000,242.059007941
129.088220892782,35.074423913628,1,504.000000,242.059008790
129.088211198209,35.074419695502,1,505.000000,242.059010703
129.088201503636,35.074415477377,1,506.000000,242.059014911
129.088191809064,35.074411259251,1,507.000000,242.059023949
129.088182114493,35.074407041125,1,508.000000,242.059042902
129.088172419920,35.074402823002,1,509.000000,242.059081731
129.088162725345,35.074398604883,1,510.000000,242.059159444
129.088153030764,35.074394386774,1,511.000000,242.059311427
129.088143336171,35.074390168685,1,512.000000,242.059601921
129.088133641553,35.074385950637,1,513.000000,242.060144656
129.088123946886,35.074381732662,1,514.000000,242.061135989
129.088114252133,35.074377514825,1,515.000000,242.062906534
129.088104557221,35.074373297234,1,516.000000,242.065999140
129.088094862034,35.074369080072,1,517.000000,242.071283027
129.088085166375,35.074364863644,1,518.000000,242.080115549
129.088075469926,35.074360648444,1,519.000000,242.094564115
129.088065772185,35.074356435254,1,520.000000,242.117700914
129.088056072377,35.074352225282,1,521.000000,242.153982147
129.088046369329,35.074348020361,1,522.000000,242.209721939
129.088036661310,35.074343823200,1,523.000000,242.293670177
129.088026945823,35.074339637737,1,524.000000,242.417705217
129.088017219338,35.074335469574,1,525.000000,242.597659408
129.088007476978,35.074331326544,1,526.000000,242.854309928
129.087997712142,35.074327219432,1,527.000000,243.214590131
129.087987916086,35.074323162879,1,528.000000,243.713103935
129.087978077470,35.074319176547,1,529.000000,244.394047609
129.087968181923,35.074315286621,1,530.000000,245.313637775
129.087958211711,35.074311527758,1,531.000000,246.543069763
129.087948145693,35.074307945624,1,532.000000,248.171809637
129.087937959896,35.074304600146,1,533.000000,250.310520116
129.087927629328,35.074301569496,1,534.000000,253.091923356
129.087917132043,35.074298954533,1,535.000000,256.788531817
129.087906451521,35.074296901403,1,536.000000,262.163168736
129.087895584029,35.074295679745,1,537.000000,268.166975561
129.087884620716,35.074295399253,1,538.000000,275.251842878
129.087873699032,35.074296232556,1,539.000000,284.900976814
129.087863101757,35.074298559033,1,540.000000,293.033624531
129.087853011391,35.074302094563,1,541.000000,301.189360297
129.087843633178,35.074306771143,1,542.000000,308.411568197
129.087835044523,35.074312379883,1,543.000000,313.600404141
129.087827108075,35.074318604201,1,544.000000,317.744946442
129.087819739574,35.074325283791,1,545.000000,320.981455329
129.087812841544,35.074332294728,1,546.000000,323.632613015
129.087806345362,35.074339560467,1,547.000000,325.427934655
129.087800129254,35.074346989953,1,548.000000,326.786817204
129.087794129208,35.074354538538,1,549.000000,327.811672722
129.087788294353,35.074362174141,1,550.000000,328.577039463
129.087782584083,35.074369873138,1,551.000000,329.142269003
129.087776966475,35.074377618070,1,552.000000,329.554432868
129.087771416782,35.074385396023,1,553.000000,329.850735878
129.087765916089,35.074393197466,1,554.000000,330.060432623
129.087760450162,35.074401015407,1,555.000000,330.206337787
129.087755008469,35.074408844765,1,556.000000,330.306035639
129.087749583355,35.074416681895,1,557.000000,330.372874847
129.087744169365,35.074424524223,1,558.000000,330.416806513
129.087738762689,35.074432369961,1,559.000000,330.445098422
129.087733360726,35.074440217892,1,560.000000,330.462941829
129.087727961734,35.074448067206,1,561.000000,330.473958758
129.087722564578,35.074455917373,1,562.000000,330.480615777
129.087717168530,35.074463768055,1,563.000000,330.484551536
129.087711773137,35.074471619042,1,564.000000,330.486827760
129.087706378122,35.074479470204,1,565.000000,330.488115295
129.087700983321,35.074487321466,1,566.000000,330.488827467
129.087695588638,35.074495172783,1,567.000000,330.489212609
129.087690194017,35.074503024130,1,568.000000,330.489416217
129.087684799430,35.074510875492,1,569.000000,330.489521421
129.087679404859,35.074518726861,1,570.000000,330.489574541
129.087674010296,35.074526578235,1,571.000000,330.489600747
129.087668615736,35.074534429611,1,572.000000,330.489613376
129.087663221178,35.074542280987,1,573.000000,330.489619320
129.087657826619,35.074550132363,1,574.000000,330.489622052
129.087652432060,35.074557983739,1,575.000000,330.489623278
129.087647037500,35.074565835116,1,576.000000,330.489623815
129.087641642939,35.074573686492,1,577.000000,330.489624044
129.087636248377,35.074581537867,1,578.000000,330.489624140
129.087630853814,35.074589389243,1,579.000000,330.489624179
129.087625459250,35.074597240618,1,580.000000,330.489624194
129.087620064685,35.074605091993,1,581.000000,330.489624200
129.087614670119,35.074612943368,1,582.000000,330.489624202
129.087609275552,35.074620794743,1,583.000000,330.489624203
129.087603880983,35.074628646117,1,584.000000,330.489624203
129.087598486414,35.074636497491,1,585.000000,330.489624203
129.087593091844,35.074644348865,1,586.000000,330.489624203
129.087587697273,35.074652200238,1,587.000000,330.489624202
129.087582302700,35.074660051612,1,588.000000,330.489624201
129.087576908127,35.074667902985,1,589.000000,330.489624196
129.087571513553,35.074675754358,1,590.000000,330.489624183
129.087566118977,35.074683605730,1,591.000000,330.489624151
129.087560724401,35.074691457102,1,592.000000,330.489624071
129.087555329823,35.074699308474,1,593.000000,330.489623879
129.087549935245,35.074707159846,1,594.000000,330.489623427
129.087544540665,35.074715011218,1,595.000000,330.489622390
129.087539146084,35.074722862589,1,596.000000,330.489620070
129.087533751502,35.074730713960,1,597.000000,330.489614998
129.087528356918,35.074738565330,1,598.000000,330.489604174
129.087522962331,35.074746416699,1,599.000000,330.489581613
129.087517567739,35.074754268066,1,600.000000,330.489535674
129.087512173139,35.074762119429,1,601.000000,330.489444284
129.087506778522,35.074769970785,1,602.000000,330.489266613
129.087501383875,35.074777822127,1,603.000000,330.488929019
129.087495989170,35.074785673442,1,604.000000,330.488301958
129.087490594360,35.074793524709,1,605.000000,330.487163191
129.087485199359,35.074801375887,1,606.000000,330.485140909
129.087479804019,35.074809226909,1,607.000000,330.481628494
129.087474408094,35.074817077658,1,608.000000,330.475660770
129.087469011173,35.074824927945,1,609.000000,330.465740069
129.087463612597,35.074832777464,1,610.000000,330.449599647
129.087458211331,35.074840625731,1,611.000000,330.423892220
129.087452805780,35.074848472006,1,612.000000,330.383792689
129.087447393551,35.074856315168,1,613.000000,330.322505868
129.087441971118,35.074864153566,1,614.000000,330.230670805
129.087436533409,35.074871984808,1,615.000000,330.095650783
129.087431073266,35.074879805494,1,616.000000,329.900689494
129.087425580783,35.074887610861,1,617.000000,329.623896762
129.087420042496,35.074895394323,1,618.000000,329.237001217
129.087414440403,35.074903146863,1,619.000000,328.703776307
129.087408750789,35.074910856207,1,620.000000,327.978020951
129.087402942849,35.074918505685,1,621.000000,327.000979957
129.087396977088,35.074926072635,1,622.000000,325.698166452
129.087390803591,35.074933526119,1,623.000000,323.975782589
129.087384360375,35.074940823691,1,624.000000,321.717476918
129.087377572375,35.074947906870,1,625.000000,318.507181216
129.087370312521,35.074954666427,1,626.000000,314.222970755
129.087362458710,35.074960961242,1,627.000000,309.051822804
129.087353946727,35.074966648496,1,628.000000,302.717484232
129.087344723445,35.074971528978,1,629.000000,293.543020393
129.087334671606,35.074975138075,1,630.000000,285.096449230
129.087324083945,35.074977494213,1,631.000000,275.908526128
129.087313174497,35.074978430316,1,632.000000,267.626160598
129.087302214805,35.074978064713,1,633.000000,261.381224664
129.087291368524,35.074976721189,1,634.000000,256.158845472
129.087280716022,35.074974571632,1,635.000000,251.903500835
129.087270286903,35.074971778190,1,636.000000,249.035822100
129.087260040843,35.074968559305,1,637.000000,246.833952101
129.087249952782,35.074965019172,1,638.000000,245.158620588
129.087239994932,35.074961238088,1,639.000000,243.894487735
129.087230140974,35.074957277322,1,640.000000,242.948833275
129.087220367873,35.074953183396,1,641.000000,242.248208654
129.087210656398,35.074948991532,1,642.000000,241.734818845
129.087200991002,35.074944728300,1,643.000000,241.363334560
129.087191359432,35.074940413638,1,644.000000,241.098312135
129.087181752243,35.074936062397,1,645.000000,240.912175302
129.087172162301,35.074931685519,1,646.000000,240.783641851
129.087162584327,35.074927290966,1,647.000000,240.696476967
129.087153014498,35.074922884439,1,648.000000,240.638480905
129.087143450100,35.074918469949,1,649.000000,240.600649343
129.087133889251,35.074914050268,1,650.000000,240.576470043
129.087124330672,35.074909627269,1,651.000000,240.561335910
129.087114773516,35.074905202194,1,652.000000,240.552062688
129.087105217233,35.074900775847,1,653.000000,240.546501967
129.087095661473,35.074896348737,1,654.000000,240.543239464
129.087086106020,35.074891921179,1,655.000000,240.541367066
129.087076550745,35.074887493363,1,656.000000,240.540316093
129.087066995570,35.074883065402,1,657.000000,240.539739253
129.087057440450,35.074878637362,1,658.000000,240.539429712
129.087047885359,35.074874209278,1,659.000000,240.539267342
129.087038330286,35.074869781171,1,660.000000,240.539184100
129.087028775221,35.074865353053,1,661.000000,240.539142397
129.087019220161,35.074860924927,1,662.000000,240.539121986
129.087009665104,35.074856496798,1,663.000000,240.539112227
129.087000110049,35.074852068667,1,664.000000,240.539107669
129.086990554995,35.074847640535,1,665.000000,240.539105592
129.086980999943,35.074843212402,1,666.000000,240.539104667
129.086971444892,35.074838784267,1,667.000000,240.539104265
129.086961889841,35.074834356132,1,668.000000,240.539104095
129.086952334792,35.074829927996,1,669.000000,240.539104024
129.086942779744,35.074825499859,1,670.000000,240.539103996
129.086933224697,35.074821071722,1,671.000000,240.539103985
129.086923669651,35.074816643584,1,672.000000,240.539103980
129.086914114606,35.074812215445,1,673.000000,240.539103979
129.086904559562,35.074807787305,1,674.000000,240.539103978
129.086895004519,35.074803359165,1,675.000000,240.539103978
129.086885449477,35.074798931024,1,676.000000,240.539103978
129.086875894436,35.074794502882,1,677.000000,240.539103978
129.086866339397,35.074790074739,1,678.000000,240.539103978
129.086856784358,35.074785646595,1,679.000000,240.539103978
129.086847229320,35.074781218451,1,680.000000,240.539103978
129.086837674283,35.074776790306,1,681.000000,240.539103978
129.086828119247,35.074772362160,1,682.000000,240.539103978
129.086818564213,35.074767934014,1,683.000000,240.539103978
129.086809009179,35.074763505867,1,684.000000,240.539103978
129.086799454147,35.074759077718,1,685.000000,240.539103978
129.086789899115,35.074754649570,1,686.000000,240.539103978
129.086780344084,35.074750221420,1,687.000000,240.539103978
129.086770789055,35.074745793270,1,688.000000,240.539103978
129.086761234026,35.074741365119,1,689.000000,240.539103978
129.086751678999,35.074736936967,1,690.000000,240.539103978
129.086742123972,35.074732508814,1,691.000000,240.539103978
129.086732568947,35.074728080661,1,692.000000,240.539103978
129.086723013923,35.074723652507,1,693.000000,240.539103978
129.086713458899,35.074719224352,1,694.000000,240.539103978
129.086703903877,35.074714796196,1,695.000000,240.539103978
129.086694348856,35.074710368040,1,696.000000,240.539103978
129.086684793835,35.074705939883,1,697.000000,240.539103978
129.086675238816,35.074701511725,1,698.000000,240.539103978
129.086665683798,35.074697083566,1,699.000000,240.539103978
129.086656128781,35.074692655407,1,700.000000,240.539103978
129.086646573765,35.074688227247,1,701.000000,240.539103978
129.086637018750,35.074683799086,1,702.000000,240.539103978
129.086627463736,35.074679370924,1,703.000000,240.539103978
129.086617908723,35.074674942762,1,704.000000,240.539103978
129.086608353711,35.074670514599,1,705.000000,240.539103978
129.086598798700,35.074666086435,1,706.000000,240.539103978
129.086589243690,35.074661658270,1,707.000000,240.539103978
129.086579688681,35.074657230105,1,708.000000,240.539103978
129.086570133673,35.074652801938,1,709.000000,240.539103978
129.086560578666,35.074648373771,1,710.000000,240.539103978
129.086551023660,35.074643945604,1,711.000000,240.539103978
129.086541468656,35.074639517435,1,712.000000,240.539103978
129.086531913652,35.074635089266,1,713.000000,240.539103978
129.086522358649,35.074630661096,1,714.000000,240.539103978
129.086512803647,35.074626232925,1,715.000000,240.539103978
129.086503248647,35.074621804754,1,716.000000,240.539103978
129.086493693647,35.074617376581,1,717.000000,240.539103978
129.086484138649,35.074612948408,1,718.000000,240.539103978
129.086474583651,35.074608520235,1,719.000000,240.539103978
129.086465028654,35.074604092060,1,720.000000,240.539103978
129.086455473659,35.074599663885,1,721.000000,240.539103979
129.086445918664,35.074595235709,1,722.000000,240.539103982
129.086436363671,35.074590807532,1,723.000000,240.539103988
129.086426808679,35.074586379354,1,724.000000,240.539104005
129.086417253687,35.074581951176,1,725.000000,240.539104048
129.086407698697,35.074577522997,1,726.000000,240.539104153
129.086398143708,35.074573094817,1,727.000000,240.539104405
129.086388588719,35.074568666636,1,728.000000,240.539104992
129.086379033732,35.074564238455,1,729.000000,240.539106330
129.086369478745,35.074559810273,1,730.000000,240.539109305
129.086359923760,35.074555382091,1,731.000000,240.539115766
129.086350368775,35.074550953909,1,732.000000,240.539129464
129.086340813789,35.074546525728,1,733.000000,240.539157829
129.086331258802,35.074542097550,1,734.000000,240.539215204
129.086321703810,35.074537669380,1,735.000000,240.539328594
129.086312148809,35.074533241224,1,736.000000,240.539547576
129.086302593789,35.074528813097,1,737.000000,240.539960909
129.086293038730,35.074524385027,1,738.000000,240.540723558
129.086283483601,35.074519957060,1,739.000000,240.542099351
129.086273928343,35.074515529281,1,740.000000,240.544526286
129.086264372859,35.074511101834,1,741.000000,240.548713402
129.086254816982,35.074506674960,1,742.000000,240.555779918
129.086245260442,35.074502249054,1,743.000000,240.567448588
129.086235702806,35.074497824748,1,744.000000,240.586305541
129.086226143401,35.074493403027,1,745.000000,240.616137983
129.086216581198,35.074488985398,1,746.000000,240.662359053
129.086207014664,35.074484574112,1,747.000000,240.732526696
129.086197441567,35.074480172459,1,748.000000,240.836962229
129.086187858728,35.074475785158,1,749.000000,240.989477008
129.086178261718,35.074471418842,1,750.000000,241.208225114
129.086168644501,35.074467082679,1,751.000000,241.516718603
129.086158999026,35.074462789147,1,752.000000,241.945069239
129.086149314777,35.074458555017,1,753.000000,242.531551839
129.086139578317,35.074454402599,1,754.000000,243.324606472
129.086129772881,35.074450361366,1,755.000000,244.385384252
129.086119878121,35.074446470060,1,756.000000,245.856325831
129.086109865117,35.074442788847,1,757.000000,247.876057239
129.086099700519,35.074439400035,1,758.000000,250.458794434
129.086089360496,35.074436391217,1,759.000000,253.819433069
129.086078823709,35.074433885878,1,760.000000,258.123965608
129.086068087907,35.074432037778,1,761.000000,263.838243011
129.086057181624,35.074431077635,1,762.000000,271.663931099
129.086046217889,35.074431347250,1,763.000000,279.573433710
129.086035403586,35.074432854607,1,764.000000,289.130916904
129.086025043826,35.074435817184,1,765.000000,297.819374202
129.086015347326,35.074440032320,1,766.000000,304.933334934
129.086006360450,35.074445202221,1,767.000000,311.639414090
129.085998169422,35.074451199507,1,768.000000,316.233083199
129.085990588958,35.074457716833,1,769.000000,319.721215059
129.085983504869,35.074464601244,1,770.000000,322.414591955
129.085976822116,35.074471751718,1,771.000000,324.470460827
129.085970455688,35.074479094676,1,772.000000,326.025161864
129.085964333938,35.074486576932,1,773.000000,327.190763029
129.085958398596,35.074494160015,1,774.000000,328.056829093
129.085952603353,35.074501815986,1,775.000000,328.693931674
129.085946912019,35.074509524458,1,776.000000,329.163000173
129.085941297637,35.074517270975,1,777.000000,329.491250191
129.085935737330,35.074525043808,1,778.000000,329.724708401
129.085930215593,35.074532835202,1,779.000000,329.888046739
129.085924720895,35.074540639505,1,780.000000,330.000295301
129.085919244805,35.074548452642,1,781.000000,330.076007638
129.085913781277,35.074556271721,1,782.000000,330.126125414
129.085908326070,35.074564094725,1,783.000000,330.158724657
129.085902876277,35.074571920280,1,784.000000,330.179662667
129.085897429962,35.074579747471,1,785.000000,330.193135157
129.085891985885,35.074587575715,1,786.000000,330.202151088
129.085886543305,35.074595404662,1,787.000000,330.208934869
129.085881101852,35.074603234139,1,788.000000,330.215269083
129.085875661450,35.074611064111,1,789.000000,330.222793652
129.085870222299,35.074618894669,1,790.000000,330.233278149
129.085864784889,35.074626726045,1,791.000000,330.248882252
129.085859350073,35.074634558638,1,792.000000,330.272415143
129.085853919170,35.074642393065,1,793.000000,330.307598229
129.085848494118,35.074650230232,1,794.000000,330.359327350
129.085843077675,35.074658071422,1,795.000000,330.433921571
129.085837673653,35.074665918403,1,796.000000,330.539336621
129.085832287200,35.074673773544,1,797.000000,330.685313419
129.085826925108,35.074681639941,1,798.000000,330.883427201
129.085821596133,35.074689521533,1,799.000000,331.147001507
129.085816311316,35.074697423194,1,800.000000,331.490854599
129.085811084276,35.074705350787,1,801.000000,331.930853839
129.085805931441,35.074713311145,1,802.000000,332.483266538
129.085800872202,35.074721311975,1,803.000000,333.163914332
129.085795928930,35.074729361648,1,804.000000,333.987163281
129.085791126853,35.074737468878,1,805.000000,334.964814639
129.085786493737,35.074745642287,1,806.000000,336.105000379
129.085782059373,35.074753889869,1,807.000000,337.411227097
129.085777854858,35.074762218410,1,808.000000,338.881738748
129.085773911710,35.074770632911,1,809.000000,340.509364258
129.085770260874,35.074779136091,1,810.000000,342.281962679
129.085766931730,35.074787728042,1,811.000000,344.183471587
129.085763951208,35.074796406075,1,812.000000,346.195421703
129.085761343121,35.074805164783,1,813.000000,348.298643941
129.085759127795,35.074813996278,1,814.000000,350.474814832
129.085757321988,35.074822890559,1,815.000000,352.707499550
129.085755939038,35.074831835924,1,816.000000,354.982462703
129.085754989107,35.074840819367,1,817.000000,357.287195665
129.085754479386,35.074849826949,1,818.000000,359.609805757
129.085754414122,35.074858844113,1,819.000000,1.937577068
129.085754794409,35.074867856015,1,820.000000,4.255607094
129.085755617761,35.074876847898,1,821.000000,6.545924636
129.085756877560,35.074885805548,1,822.000000,8.787395110
129.085758562553,35.074894715838,1,823.000000,10.956533397
129.085760656573,35.074903567313,1,824.000000,13.029113073
129.085763138616,35.074912350740,1,825.000000,14.982250454
129.085765983356,35.074921059519,1,826.000000,16.796521528
129.085769162054,35.074929689892,1,827.000000,18.457679711
129.085772643741,35.074938240885,1,828.000000,19.957671588
129.085776396512,35.074946714023,1,829.000000,21.317209128
129.085780392768,35.074955111576,1,830.000000,22.487896846
129.085784596888,35.074963440255,1,831.000000,23.509896852
129.085788981041,35.074971705963,1,832.000000,24.396711883
129.085793520285,35.074979914897,1,833.000000,25.162427586
129.085798192567,35.074988073229,1,834.000000,25.821750215
129.085802978736,35.074996186821,1,835.000000,26.389005674
129.085807862381,35.075004261061,1,836.000000,26.877400246
129.085812829569,35.075012300785,1,837.000000,27.298556777
129.085817868508,35.075020310275,1,838.000000,27.662309757
129.085822969200,35.075028293305,1,839.000000,27.976719633
129.085828123102,35.075036253204,1,840.000000,28.248251146
129.085833322834,35.075044192934,1,841.000000,28.482053487
129.085838561934,35.075052115154,1,842.000000,28.682281527
129.085843834680,35.075060022274,1,843.000000,28.852406458
129.085849135962,35.075067916488,1,844.000000,28.995478331
129.085854461207,35.075075799795,1,845.000000,29.114319366
129.085859806331,35.075083674004,1,846.000000,29.211642499
129.085865167718,35.075091540738,1,847.000000,29.290102144
129.085870542205,35.075099401428,1,848.000000,29.352292330
129.085875927069,35.075107257318,1,849.000000,29.400710999
129.085881320007,35.075115109464,1,850.000000,29.437708922
129.085886719113,35.075122958744,1,851.000000,29.465438549
129.085892122840,35.075130805876,1,852.000000,29.485813536
129.085897529962,35.075138651427,1,853.000000,29.500484701
129.085902939528,35.075146495839,1,854.000000,29.510833880
129.085908350819,35.075154339448,1,855.000000,29.517983875
129.085913763302,35.075162182501,1,856.000000,29.522820770
129.085919176591,35.075170025179,1,857.000000,29.526024119
129.085924590415,35.075177867607,1,858.000000,29.528100673
129.085930004585,35.075185709874,1,859.000000,29.529418063
129.085935418976,35.075193552038,1,860.000000,29.530235875
129.085940833504,35.075201394138,1,861.000000,29.530732578
129.085946248115,35.075209236199,1,862.000000,29.531027688
129.085951662777,35.075217078238,1,863.000000,29.531199182
129.085957077468,35.075224920262,1,864.000000,29.531296644
129.085962492177,35.075232762279,1,865.000000,29.531350804
129.085967906896,35.075240604292,1,866.000000,29.531380228
129.085973321620,35.075248446301,1,867.000000,29.531395854
129.085978736349,35.075256288310,1,868.000000,29.531403964
129.085984151079,35.075264130317,1,869.000000,29.531408077
129.085989565812,35.075271972324,1,870.000000,29.531410116
129.085994980545,35.075279814331,1,871.000000,29.531411102
129.086000395280,35.075287656337,1,872.000000,29.531411568
129.086005810016,35.075295498343,1,873.000000,29.531411782
129.086011224753,35.075303340349,1,874.000000,29.531411875
129.086016639492,35.075311182354,1,875.000000,29.531411908
129.086021518924,35.075318249091,1,875.901139,29.531411908
