elapsed_sec,longitude,latitude,utm_easting_m,utm_northing_m,speed_mps,heading_rad,heading_source,waypoint_index,route_error_m,lookahead_m,target_index,target_easting_m,target_northing_m,alpha_rad,raw_steering_rad,filtered_steering_rad,command_speed_mps,state
0.236827,129.087587000000,35.074608833333,507985.198,3881320.459,0.068,0.385947,route_tangent,583,2.426,5.000,588,507984.765,3881326.138,1.260981,-0.150000,-0.029677,2.7778,TRACKING
0.286766,129.087587000000,35.074608833333,507985.198,3881320.459,0.068,2.085850,route_tangent,583,2.426,5.000,588,507984.765,3881326.138,-0.438921,0.107760,0.000287,2.7778,TRACKING
0.336811,129.087587000000,35.074608833333,507985.198,3881320.459,0.068,2.085850,route_tangent,583,2.426,5.000,588,507984.765,3881326.138,-0.438921,0.107760,0.030314,2.7778,TRACKING
0.386994,129.087587000000,35.074608833333,507985.198,3881320.459,0.068,2.085850,route_tangent,583,2.426,5.000,588,507984.765,3881326.138,-0.438921,0.107760,0.060424,2.7778,TRACKING
0.436866,129.087587000000,35.074608833333,507985.198,3881320.459,0.068,2.085850,route_tangent,583,2.426,5.000,588,507984.765,3881326.138,-0.438921,0.107760,0.079358,2.7778,TRACKING
0.486842,129.087587166667,35.074608666667,507985.214,3881320.440,0.066,2.085850,route_tangent,583,2.423,5.000,588,507984.765,3881326.138,-0.436514,0.106846,0.090353,2.7778,TRACKING
0.536848,129.087587166667,35.074608666667,507985.214,3881320.440,0.066,2.085850,route_tangent,583,2.423,5.000,588,507984.765,3881326.138,-0.436514,0.106846,0.096950,2.7778,TRACKING
0.586802,129.087587166667,35.074608666667,507985.214,3881320.440,0.066,2.085850,route_tangent,583,2.423,5.000,588,507984.765,3881326.138,-0.436514,0.106846,0.100909,2.7778,TRACKING
0.636841,129.087587166667,35.074608666667,507985.214,3881320.440,0.066,2.085850,route_tangent,583,2.423,5.000,588,507984.765,3881326.138,-0.436514,0.106846,0.103284,2.7778,TRACKING
0.686773,129.087587166667,35.074608666667,507985.214,3881320.440,0.066,2.085850,route_tangent,583,2.423,5.000,588,507984.765,3881326.138,-0.436514,0.106846,0.104709,2.7778,TRACKING
0.736936,129.087587166667,35.074608666667,507985.214,3881320.440,0.063,2.085850,route_tangent,583,2.423,5.000,588,507984.765,3881326.138,-0.436514,0.106846,0.105564,2.7778,TRACKING
0.786792,129.087587166667,35.074608666667,507985.214,3881320.440,0.063,2.085850,route_tangent,583,2.423,5.000,588,507984.765,3881326.138,-0.436514,0.106846,0.106077,2.7778,TRACKING
0.836846,129.087587166667,35.074608666667,507985.214,3881320.440,0.063,2.085850,route_tangent,583,2.423,5.000,588,507984.765,3881326.138,-0.436514,0.106846,0.106384,2.7778,TRACKING
0.886787,129.087587166667,35.074608666667,507985.214,3881320.440,0.063,2.085850,route_tangent,583,2.423,5.000,588,507984.765,3881326.138,-0.436514,0.106846,0.106569,2.7778,TRACKING
0.936805,129.087587166667,35.074608666667,507985.214,3881320.440,0.063,2.085850,route_tangent,583,2.423,5.000,588,507984.765,3881326.138,-0.436514,0.106846,0.106680,2.7778,TRACKING
0.986800,129.087587166667,35.074608666667,507985.214,3881320.440,0.060,2.085850,route_tangent,583,2.423,5.000,588,507984.765,3881326.138,-0.436514,0.106846,0.106746,2.7778,TRACKING
1.036859,129.087587166667,35.074608666667,507985.214,3881320.440,0.060,2.085850,route_tangent,583,2.423,5.000,588,507984.765,3881326.138,-0.436514,0.106846,0.106786,2.7778,TRACKING
1.086775,129.087587166667,35.074608666667,507985.214,3881320.440,0.060,2.085850,route_tangent,583,2.423,5.000,588,507984.765,3881326.138,-0.436514,0.106846,0.106810,2.7778,TRACKING
1.136885,129.087587166667,35.074608666667,507985.214,3881320.440,0.060,2.085850,route_tangent,583,2.423,5.000,588,507984.765,3881326.138,-0.436514,0.106846,0.106825,2.7778,TRACKING
1.186767,129.087587166667,35.074608666667,507985.214,3881320.440,0.060,2.085850,route_tangent,583,2.423,5.000,588,507984.765,3881326.138,-0.436514,0.106846,0.106833,2.7778,TRACKING
1.236770,129.087587166667,35.074608666667,507985.214,3881320.440,0.056,2.085850,route_tangent,583,2.423,5.000,588,507984.765,3881326.138,-0.436514,0.106846,0.106838,2.7778,TRACKING
1.286801,129.087587166667,35.074608666667,507985.214,3881320.440,0.056,2.085850,route_tangent,583,2.423,5.000,588,507984.765,3881326.138,-0.436514,0.106846,0.106841,2.7778,TRACKING
1.336765,129.087587166667,35.074608666667,507985.214,3881320.440,0.056,2.085850,route_tangent,583,2.423,5.000,588,507984.765,3881326.138,-0.436514,0.106846,0.106843,2.7778,TRACKING
1.386856,129.087587166667,35.074608666667,507985.214,3881320.440,0.056,2.085850,route_tangent,583,2.423,5.000,588,507984.765,3881326.138,-0.436514,0.106846,0.106844,2.7778,TRACKING
1.436776,129.087587166667,35.074608666667,507985.214,3881320.440,0.056,2.085850,route_tangent,583,2.423,5.000,588,507984.765,3881326.138,-0.436514,0.106846,0.106845,2.7778,TRACKING
1.486784,129.087587166667,35.074608666667,507985.214,3881320.440,0.051,2.085850,route_tangent,583,2.423,5.000,588,507984.765,3881326.138,-0.436514,0.106846,0.106846,2.7778,TRACKING
1.536798,129.087587166667,35.074608666667,507985.214,3881320.440,0.051,2.085850,route_tangent,583,2.423,5.000,588,507984.765,3881326.138,-0.436514,0.106846,0.106846,2.7778,TRACKING
1.586948,129.087587166667,35.074608666667,507985.214,3881320.440,0.051,2.085850,route_tangent,583,2.423,5.000,588,507984.765,3881326.138,-0.436514,0.106846,0.106846,2.7778,TRACKING
1.636930,129.087587166667,35.074608666667,507985.214,3881320.440,0.051,2.085850,route_tangent,583,2.423,5.000,588,507984.765,3881326.138,-0.436514,0.106846,0.106846,2.7778,TRACKING
1.686779,129.087587166667,35.074608666667,507985.214,3881320.440,0.051,2.085850,route_tangent,583,2.423,5.000,588,507984.765,3881326.138,-0.436514,0.106846,0.106846,2.7778,TRACKING
1.736884,129.087587166667,35.074608666667,507985.214,3881320.440,0.051,2.085850,route_tangent,583,2.423,5.000,588,507984.765,3881326.138,-0.436514,0.106846,0.106846,2.7778,TRACKING
1.786816,129.087587166667,35.074608666667,507985.214,3881320.440,0.051,2.085850,route_tangent,583,2.423,5.000,588,507984.765,3881326.138,-0.436514,0.106846,0.106846,2.7778,TRACKING
1.836879,129.087587166667,35.074608666667,507985.214,3881320.440,0.051,2.085850,route_tangent,583,2.423,5.000,588,507984.765,3881326.138,-0.436514,0.106846,0.106846,2.7778,TRACKING
1.886731,129.087587166667,35.074608666667,507985.214,3881320.440,0.051,2.085850,route_tangent,583,2.423,5.000,588,507984.765,3881326.138,-0.436514,0.106846,0.106846,2.7778,TRACKING
1.936819,129.087587166667,35.074608666667,507985.214,3881320.440,0.051,2.085850,route_tangent,583,2.423,5.000,588,507984.765,3881326.138,-0.436514,0.106846,0.106846,2.7778,TRACKING
1.986768,129.087587166667,35.074608666667,507985.214,3881320.440,0.044,2.085850,route_tangent,583,2.423,5.000,588,507984.765,3881326.138,-0.436514,0.106846,0.106846,2.7778,TRACKING
2.036835,129.087587166667,35.074608666667,507985.214,3881320.440,0.044,2.085850,route_tangent,583,2.423,5.000,588,507984.765,3881326.138,-0.436514,0.106846,0.106846,2.7778,TRACKING
2.086769,129.087587166667,35.074608666667,507985.214,3881320.440,0.044,2.085850,route_tangent,583,2.423,5.000,588,507984.765,3881326.138,-0.436514,0.106846,0.106846,2.7778,TRACKING
2.136840,129.087587166667,35.074608666667,507985.214,3881320.440,0.044,2.085850,route_tangent,583,2.423,5.000,588,507984.765,3881326.138,-0.436514,0.106846,0.106846,2.7778,TRACKING
2.186906,129.087587166667,35.074608666667,507985.214,3881320.440,0.044,2.085850,route_tangent,583,2.423,5.000,588,507984.765,3881326.138,-0.436514,0.106846,0.106846,2.7778,TRACKING
2.236866,129.087587166667,35.074608666667,507985.214,3881320.440,0.041,2.085850,route_tangent,583,2.423,5.000,588,507984.765,3881326.138,-0.436514,0.106846,0.106846,2.7778,TRACKING
2.286843,129.087587166667,35.074608666667,507985.214,3881320.440,0.041,2.085850,route_tangent,583,2.423,5.000,588,507984.765,3881326.138,-0.436514,0.106846,0.106846,2.7778,TRACKING
2.337131,129.087587166667,35.074608666667,507985.214,3881320.440,0.041,2.085850,route_tangent,583,2.423,5.000,588,507984.765,3881326.138,-0.436514,0.106846,0.106846,2.7778,TRACKING
2.387052,129.087587166667,35.074608666667,507985.214,3881320.440,0.041,2.085850,route_tangent,583,2.423,5.000,588,507984.765,3881326.138,-0.436514,0.106846,0.106846,2.7778,TRACKING
2.436858,129.087587166667,35.074608666667,507985.214,3881320.440,0.041,2.085850,route_tangent,583,2.423,5.000,588,507984.765,3881326.138,-0.436514,0.106846,0.106846,2.7778,TRACKING
2.486901,129.087587166667,35.074608666667,507985.214,3881320.440,0.038,2.085850,route_tangent,583,2.423,5.000,588,507984.765,3881326.138,-0.436514,0.106846,0.106846,2.7778,TRACKING
2.536990,129.087587166667,35.074608666667,507985.214,3881320.440,0.038,2.085850,route_tangent,583,2.423,5.000,588,507984.765,3881326.138,-0.436514,0.106846,0.106846,2.7778,TRACKING
2.586959,129.087587166667,35.074608666667,507985.214,3881320.440,0.038,2.085850,route_tangent,583,2.423,5.000,588,507984.765,3881326.138,-0.436514,0.106846,0.106846,2.7778,TRACKING
2.636889,129.087587166667,35.074608666667,507985.214,3881320.440,0.038,2.085850,route_tangent,583,2.423,5.000,588,507984.765,3881326.138,-0.436514,0.106846,0.106846,2.7778,TRACKING
2.686942,129.087587166667,35.074608666667,507985.214,3881320.440,0.038,2.085850,route_tangent,583,2.423,5.000,588,507984.765,3881326.138,-0.436514,0.106846,0.106846,2.7778,TRACKING
2.736917,129.087587166667,35.074608666667,507985.214,3881320.440,0.034,2.085850,route_tangent,583,2.423,5.000,588,507984.765,3881326.138,-0.436514,0.106846,0.106846,2.7778,TRACKING
2.786957,129.087587166667,35.074608666667,507985.214,3881320.440,0.034,2.085850,route_tangent,583,2.423,5.000,588,507984.765,3881326.138,-0.436514,0.106846,0.106846,2.7778,TRACKING
2.836946,129.087587166667,35.074608666667,507985.214,3881320.440,0.034,2.085850,route_tangent,583,2.423,5.000,588,507984.765,3881326.138,-0.436514,0.106846,0.106846,2.7778,TRACKING
2.886810,129.087587166667,35.074608666667,507985.214,3881320.440,0.034,2.085850,route_tangent,583,2.423,5.000,588,507984.765,3881326.138,-0.436514,0.106846,0.106846,2.7778,TRACKING
2.936845,129.087587166667,35.074608666667,507985.214,3881320.440,0.034,2.085850,route_tangent,583,2.423,5.000,588,507984.765,3881326.138,-0.436514,0.106846,0.106846,2.7778,TRACKING
2.986824,129.087587166667,35.074608833333,507985.213,3881320.459,0.031,2.085850,route_tangent,583,2.413,5.000,588,507984.765,3881326.138,-0.436262,0.107132,0.106960,2.7778,TRACKING
3.036910,129.087587166667,35.074608833333,507985.213,3881320.459,0.031,2.085850,route_tangent,583,2.413,5.000,588,507984.765,3881326.138,-0.436262,0.107132,0.107029,2.7778,TRACKING
3.086829,129.087587166667,35.074608833333,507985.213,3881320.459,0.031,2.085850,route_tangent,583,2.413,5.000,588,507984.765,3881326.138,-0.436262,0.107132,0.107070,2.7778,TRACKING
3.136957,129.087587166667,35.074608833333,507985.213,3881320.459,0.031,2.085850,route_tangent,583,2.413,5.000,588,507984.765,3881326.138,-0.436262,0.107132,0.107095,2.7778,TRACKING
3.186877,129.087587166667,35.074608833333,507985.213,3881320.459,0.031,2.085850,route_tangent,583,2.413,5.000,588,507984.765,3881326.138,-0.436262,0.107132,0.107109,2.7778,TRACKING
3.236927,129.087587166667,35.074608833333,507985.213,3881320.459,0.027,2.085850,route_tangent,583,2.413,5.000,588,507984.765,3881326.138,-0.436262,0.107132,0.107118,2.7778,TRACKING
3.286784,129.087587166667,35.074608833333,507985.213,3881320.459,0.027,2.085850,route_tangent,583,2.413,5.000,588,507984.765,3881326.138,-0.436262,0.107132,0.107124,2.7778,TRACKING
3.337037,129.087587166667,35.074608833333,507985.213,3881320.459,0.027,2.085850,route_tangent,583,2.413,5.000,588,507984.765,3881326.138,-0.436262,0.107132,0.107127,2.7778,TRACKING
3.386827,129.087587166667,35.074608833333,507985.213,3881320.459,0.027,2.085850,route_tangent,583,2.413,5.000,588,507984.765,3881326.138,-0.436262,0.107132,0.107129,2.7778,TRACKING
3.436805,129.087587166667,35.074608833333,507985.213,3881320.459,0.027,2.085850,route_tangent,583,2.413,5.000,588,507984.765,3881326.138,-0.436262,0.107132,0.107130,2.7778,TRACKING
3.486793,129.087587166667,35.074608833333,507985.213,3881320.459,0.025,2.085850,route_tangent,583,2.413,5.000,588,507984.765,3881326.138,-0.436262,0.107132,0.107131,2.7778,TRACKING
3.537014,129.087587166667,35.074608833333,507985.213,3881320.459,0.025,2.085850,route_tangent,583,2.413,5.000,588,507984.765,3881326.138,-0.436262,0.107132,0.107131,2.7778,TRACKING
3.586832,129.087587166667,35.074608833333,507985.213,3881320.459,0.025,2.085850,route_tangent,583,2.413,5.000,588,507984.765,3881326.138,-0.436262,0.107132,0.107131,2.7778,TRACKING
3.636926,129.087587166667,35.074608833333,507985.213,3881320.459,0.025,2.085850,route_tangent,583,2.413,5.000,588,507984.765,3881326.138,-0.436262,0.107132,0.107131,2.7778,TRACKING
3.686906,129.087587166667,35.074608833333,507985.213,3881320.459,0.025,2.085850,route_tangent,583,2.413,5.000,588,507984.765,3881326.138,-0.436262,0.107132,0.107132,2.7778,TRACKING
3.736862,129.087587166667,35.074608833333,507985.213,3881320.459,0.022,2.085850,route_tangent,583,2.413,5.000,588,507984.765,3881326.138,-0.436262,0.107132,0.107132,2.7778,TRACKING
3.786884,129.087587166667,35.074608833333,507985.213,3881320.459,0.022,2.085850,route_tangent,583,2.413,5.000,588,507984.765,3881326.138,-0.436262,0.107132,0.107132,2.7778,TRACKING
3.836800,129.087587166667,35.074608833333,507985.213,3881320.459,0.022,2.085850,route_tangent,583,2.413,5.000,588,507984.765,3881326.138,-0.436262,0.107132,0.107132,2.7778,TRACKING
3.886772,129.087587166667,35.074608833333,507985.213,3881320.459,0.022,2.085850,route_tangent,583,2.413,5.000,588,507984.765,3881326.138,-0.436262,0.107132,0.107132,2.7778,TRACKING
3.936821,129.087587166667,35.074608833333,507985.213,3881320.459,0.022,2.085850,route_tangent,583,2.413,5.000,588,507984.765,3881326.138,-0.436262,0.107132,0.107132,2.7778,TRACKING
3.987327,129.087587166667,35.074608833333,507985.213,3881320.459,0.020,2.085850,route_tangent,583,2.413,5.000,588,507984.765,3881326.138,-0.436262,0.107132,0.107132,2.7778,TRACKING
4.036984,129.087587166667,35.074608833333,507985.213,3881320.459,0.020,2.085850,route_tangent,583,2.413,5.000,588,507984.765,3881326.138,-0.436262,0.107132,0.107132,2.7778,TRACKING
4.086778,129.087587166667,35.074608833333,507985.213,3881320.459,0.020,2.085850,route_tangent,583,2.413,5.000,588,507984.765,3881326.138,-0.436262,0.107132,0.107132,2.7778,TRACKING
4.136819,129.087587166667,35.074608833333,507985.213,3881320.459,0.020,2.085850,route_tangent,583,2.413,5.000,588,507984.765,3881326.138,-0.436262,0.107132,0.107132,2.7778,TRACKING
4.186822,129.087587166667,35.074608833333,507985.213,3881320.459,0.020,2.085850,route_tangent,583,2.413,5.000,588,507984.765,3881326.138,-0.436262,0.107132,0.107132,2.7778,TRACKING
4.236778,129.087587166667,35.074609000000,507985.213,3881320.477,0.017,2.085850,route_tangent,583,2.403,5.000,588,507984.765,3881326.138,-0.436009,0.107419,0.107246,2.7778,TRACKING
4.286783,129.087587166667,35.074609000000,507985.213,3881320.477,0.017,2.085850,route_tangent,583,2.403,5.000,588,507984.765,3881326.138,-0.436009,0.107419,0.107315,2.7778,TRACKING
4.336840,129.087587166667,35.074609000000,507985.213,3881320.477,0.017,2.085850,route_tangent,583,2.403,5.000,588,507984.765,3881326.138,-0.436009,0.107419,0.107357,2.7778,TRACKING
4.386802,129.087587166667,35.074609000000,507985.213,3881320.477,0.017,2.085850,route_tangent,583,2.403,5.000,588,507984.765,3881326.138,-0.436009,0.107419,0.107381,2.7778,TRACKING
4.436835,129.087587166667,35.074609000000,507985.213,3881320.477,0.017,2.085850,route_tangent,583,2.403,5.000,588,507984.765,3881326.138,-0.436009,0.107419,0.107396,2.7778,TRACKING
4.486803,129.087587166667,35.074609000000,507985.213,3881320.477,0.017,2.085850,route_tangent,583,2.403,5.000,588,507984.765,3881326.138,-0.436009,0.107419,0.107405,2.7778,TRACKING
4.536812,129.087587166667,35.074609000000,507985.213,3881320.477,0.017,2.085850,route_tangent,583,2.403,5.000,588,507984.765,3881326.138,-0.436009,0.107419,0.107411,2.7778,TRACKING
4.586843,129.087587166667,35.074609000000,507985.213,3881320.477,0.017,2.085850,route_tangent,583,2.403,5.000,588,507984.765,3881326.138,-0.436009,0.107419,0.107414,2.7778,TRACKING
4.636846,129.087587166667,35.074609000000,507985.213,3881320.477,0.017,2.085850,route_tangent,583,2.403,5.000,588,507984.765,3881326.138,-0.436009,0.107419,0.107416,2.7778,TRACKING
4.686801,129.087587166667,35.074609000000,507985.213,3881320.477,0.017,2.085850,route_tangent,583,2.403,5.000,588,507984.765,3881326.138,-0.436009,0.107419,0.107417,2.7778,TRACKING
4.736825,129.087587166667,35.074609000000,507985.213,3881320.477,0.013,2.085850,route_tangent,583,2.403,5.000,588,507984.765,3881326.138,-0.436009,0.107419,0.107418,2.7778,TRACKING
4.786824,129.087587166667,35.074609000000,507985.213,3881320.477,0.013,2.085850,route_tangent,583,2.403,5.000,588,507984.765,3881326.138,-0.436009,0.107419,0.107418,2.7778,TRACKING
4.836812,129.087587166667,35.074609000000,507985.213,3881320.477,0.013,2.085850,route_tangent,583,2.403,5.000,588,507984.765,3881326.138,-0.436009,0.107419,0.107418,2.7778,TRACKING
4.886791,129.087587166667,35.074609000000,507985.213,3881320.477,0.013,2.085850,route_tangent,583,2.403,5.000,588,507984.765,3881326.138,-0.436009,0.107419,0.107418,2.7778,TRACKING
4.936808,129.087587166667,35.074609000000,507985.213,3881320.477,0.013,2.085850,route_tangent,583,2.403,5.000,588,507984.765,3881326.138,-0.436009,0.107419,0.107419,2.7778,TRACKING
4.986890,129.087587000000,35.074609000000,507985.198,3881320.477,0.011,2.085850,route_tangent,583,2.416,5.000,588,507984.765,3881326.138,-0.438677,0.108051,0.107671,2.7778,TRACKING
5.036831,129.087587000000,35.074609000000,507985.198,3881320.477,0.011,2.085850,route_tangent,583,2.416,5.000,588,507984.765,3881326.138,-0.438677,0.108051,0.107823,2.7778,TRACKING
5.087041,129.087587000000,35.074609000000,507985.198,3881320.477,0.011,2.085850,route_tangent,583,2.416,5.000,588,507984.765,3881326.138,-0.438677,0.108051,0.107914,2.7778,TRACKING
5.136888,129.087587000000,35.074609000000,507985.198,3881320.477,0.011,2.085850,route_tangent,583,2.416,5.000,588,507984.765,3881326.138,-0.438677,0.108051,0.107969,2.7778,TRACKING
5.186931,129.087587000000,35.074609000000,507985.198,3881320.477,0.011,2.085850,route_tangent,583,2.416,5.000,588,507984.765,3881326.138,-0.438677,0.108051,0.108002,2.7778,TRACKING
5.236834,129.087587000000,35.074609000000,507985.198,3881320.477,0.009,2.085850,route_tangent,583,2.416,5.000,588,507984.765,3881326.138,-0.438677,0.108051,0.108021,2.7778,TRACKING
5.286836,129.087587000000,35.074609000000,507985.198,3881320.477,0.009,2.085850,route_tangent,583,2.416,5.000,588,507984.765,3881326.138,-0.438677,0.108051,0.108033,2.7778,TRACKING
5.336830,129.087587000000,35.074609000000,507985.198,3881320.477,0.009,2.085850,route_tangent,583,2.416,5.000,588,507984.765,3881326.138,-0.438677,0.108051,0.108040,2.7778,TRACKING
5.386807,129.087587000000,35.074609000000,507985.198,3881320.477,0.009,2.085850,route_tangent,583,2.416,5.000,588,507984.765,3881326.138,-0.438677,0.108051,0.108044,2.7778,TRACKING
5.436904,129.087587000000,35.074609000000,507985.198,3881320.477,0.009,2.085850,route_tangent,583,2.416,5.000,588,507984.765,3881326.138,-0.438677,0.108051,0.108047,2.7778,TRACKING
5.487342,129.087587000000,35.074609000000,507985.198,3881320.477,0.009,2.085850,route_tangent,583,2.416,5.000,588,507984.765,3881326.138,-0.438677,0.108051,0.108048,2.7778,TRACKING
5.536864,129.087587000000,35.074609000000,507985.198,3881320.477,0.009,2.085850,route_tangent,583,2.416,5.000,588,507984.765,3881326.138,-0.438677,0.108051,0.108049,2.7778,TRACKING
5.586800,129.087587000000,35.074609000000,507985.198,3881320.477,0.009,2.085850,route_tangent,583,2.416,5.000,588,507984.765,3881326.138,-0.438677,0.108051,0.108050,2.7778,TRACKING
5.636863,129.087587000000,35.074609000000,507985.198,3881320.477,0.009,2.085850,route_tangent,583,2.416,5.000,588,507984.765,3881326.138,-0.438677,0.108051,0.108050,2.7778,TRACKING
5.686799,129.087587000000,35.074609000000,507985.198,3881320.477,0.009,2.085850,route_tangent,583,2.416,5.000,588,507984.765,3881326.138,-0.438677,0.108051,0.108050,2.7778,TRACKING
5.736801,129.087587000000,35.074609000000,507985.198,3881320.477,0.009,2.085850,route_tangent,583,2.416,5.000,588,507984.765,3881326.138,-0.438677,0.108051,0.108051,2.7778,TRACKING
5.786803,129.087587000000,35.074609000000,507985.198,3881320.477,0.009,2.085850,route_tangent,583,2.416,5.000,588,507984.765,3881326.138,-0.438677,0.108051,0.108051,2.7778,TRACKING
5.836831,129.087587000000,35.074609000000,507985.198,3881320.477,0.009,2.085850,route_tangent,583,2.416,5.000,588,507984.765,3881326.138,-0.438677,0.108051,0.108051,2.7778,TRACKING
5.886934,129.087587000000,35.074609000000,507985.198,3881320.477,0.009,2.085850,route_tangent,583,2.416,5.000,588,507984.765,3881326.138,-0.438677,0.108051,0.108051,2.7778,TRACKING
5.936830,129.087587000000,35.074609000000,507985.198,3881320.477,0.009,2.085850,route_tangent,583,2.416,5.000,588,507984.765,3881326.138,-0.438677,0.108051,0.108051,2.7778,TRACKING
5.987007,129.087587000000,35.074609000000,507985.198,3881320.477,0.005,2.085850,route_tangent,583,2.416,5.000,588,507984.765,3881326.138,-0.438677,0.108051,0.108051,2.7778,TRACKING
6.036956,129.087587000000,35.074609000000,507985.198,3881320.477,0.005,2.085850,route_tangent,583,2.416,5.000,588,507984.765,3881326.138,-0.438677,0.108051,0.108051,2.7778,TRACKING
6.087136,129.087587000000,35.074609000000,507985.198,3881320.477,0.005,2.085850,route_tangent,583,2.416,5.000,588,507984.765,3881326.138,-0.438677,0.108051,0.108051,2.7778,TRACKING
6.136906,129.087587000000,35.074609000000,507985.198,3881320.477,0.005,2.085850,route_tangent,583,2.416,5.000,588,507984.765,3881326.138,-0.438677,0.108051,0.108051,2.7778,TRACKING
6.186789,129.087587000000,35.074609000000,507985.198,3881320.477,0.005,2.085850,route_tangent,583,2.416,5.000,588,507984.765,3881326.138,-0.438677,0.108051,0.108051,2.7778,TRACKING
6.236855,129.087586833333,35.074609166667,507985.183,3881320.496,0.003,2.085850,route_tangent,583,2.418,5.000,588,507984.765,3881326.138,-0.441108,0.108978,0.108422,2.7778,TRACKING
6.286792,129.087586833333,35.074609166667,507985.183,3881320.496,0.003,2.085850,route_tangent,583,2.418,5.000,588,507984.765,3881326.138,-0.441108,0.108978,0.108644,2.7778,TRACKING
6.336838,129.087586833333,35.074609166667,507985.183,3881320.496,0.003,2.085850,route_tangent,583,2.418,5.000,588,507984.765,3881326.138,-0.441108,0.108978,0.108778,2.7778,TRACKING
6.386822,129.087586833333,35.074609166667,507985.183,3881320.496,0.003,2.085850,route_tangent,583,2.418,5.000,588,507984.765,3881326.138,-0.441108,0.108978,0.108858,2.7778,TRACKING
6.436835,129.087586833333,35.074609166667,507985.183,3881320.496,0.003,2.085850,route_tangent,583,2.418,5.000,588,507984.765,3881326.138,-0.441108,0.108978,0.108906,2.7778,TRACKING
6.486871,129.087586833333,35.074609166667,507985.183,3881320.496,0.002,2.085850,route_tangent,583,2.418,5.000,588,507984.765,3881326.138,-0.441108,0.108978,0.108935,2.7778,TRACKING
6.536823,129.087586833333,35.074609166667,507985.183,3881320.496,0.002,2.085850,route_tangent,583,2.418,5.000,588,507984.765,3881326.138,-0.441108,0.108978,0.108952,2.7778,TRACKING
6.586810,129.087586833333,35.074609166667,507985.183,3881320.496,0.002,2.085850,route_tangent,583,2.418,5.000,588,507984.765,3881326.138,-0.441108,0.108978,0.108963,2.7778,TRACKING
6.636826,129.087586833333,35.074609166667,507985.183,3881320.496,0.002,2.085850,route_tangent,583,2.418,5.000,588,507984.765,3881326.138,-0.441108,0.108978,0.108969,2.7778,TRACKING
6.686862,129.087586833333,35.074609166667,507985.183,3881320.496,0.002,2.085850,route_tangent,583,2.418,5.000,588,507984.765,3881326.138,-0.441108,0.108978,0.108973,2.7778,TRACKING
6.736845,129.087586666667,35.074609333333,507985.168,3881320.514,0.007,2.085850,route_tangent,583,2.422,5.000,588,507984.765,3881326.138,-0.443556,0.109915,0.109350,2.7778,TRACKING
6.786802,129.087586666667,35.074609333333,507985.168,3881320.514,0.007,2.085850,route_tangent,583,2.422,5.000,588,507984.765,3881326.138,-0.443556,0.109915,0.109576,2.7778,TRACKING
6.836826,129.087586666667,35.074609333333,507985.168,3881320.514,0.007,2.085850,route_tangent,583,2.422,5.000,588,507984.765,3881326.138,-0.443556,0.109915,0.109712,2.7778,TRACKING
6.886824,129.087586666667,35.074609333333,507985.168,3881320.514,0.007,2.085850,route_tangent,583,2.422,5.000,588,507984.765,3881326.138,-0.443556,0.109915,0.109793,2.7778,TRACKING
6.936815,129.087586666667,35.074609333333,507985.168,3881320.514,0.007,2.085850,route_tangent,583,2.422,5.000,588,507984.765,3881326.138,-0.443556,0.109915,0.109842,2.7778,TRACKING
6.986807,129.087586500000,35.074609500000,507985.153,3881320.533,0.014,2.085850,route_tangent,583,2.425,5.000,588,507984.765,3881326.138,-0.446022,0.110861,0.110249,2.7778,TRACKING
7.036845,129.087586500000,35.074609500000,507985.153,3881320.533,0.014,2.085850,route_tangent,583,2.425,5.000,588,507984.765,3881326.138,-0.446022,0.110861,0.110494,2.7778,TRACKING
7.086803,129.087586500000,35.074609500000,507985.153,3881320.533,0.014,2.085850,route_tangent,583,2.425,5.000,588,507984.765,3881326.138,-0.446022,0.110861,0.110640,2.7778,TRACKING
7.136871,129.087586500000,35.074609500000,507985.153,3881320.533,0.014,2.085850,route_tangent,583,2.425,5.000,588,507984.765,3881326.138,-0.446022,0.110861,0.110728,2.7778,TRACKING
7.186825,129.087586500000,35.074609500000,507985.153,3881320.533,0.014,2.085850,route_tangent,583,2.425,5.000,588,507984.765,3881326.138,-0.446022,0.110861,0.110781,2.7778,TRACKING
7.236833,129.087586500000,35.074609833333,507985.153,3881320.570,0.022,2.085850,route_tangent,583,2.406,5.000,588,507984.765,3881326.138,-0.445571,0.111482,0.111062,2.7778,TRACKING
7.286894,129.087586500000,35.074609833333,507985.153,3881320.570,0.022,2.085850,route_tangent,583,2.406,5.000,588,507984.765,3881326.138,-0.445571,0.111482,0.111230,2.7778,TRACKING
7.336990,129.087586500000,35.074609833333,507985.153,3881320.570,0.022,2.085850,route_tangent,583,2.406,5.000,588,507984.765,3881326.138,-0.445571,0.111482,0.111331,2.7778,TRACKING
7.386997,129.087586500000,35.074609833333,507985.153,3881320.570,0.022,2.085850,route_tangent,583,2.406,5.000,588,507984.765,3881326.138,-0.445571,0.111482,0.111392,2.7778,TRACKING
7.436825,129.087586500000,35.074609833333,507985.153,3881320.570,0.022,2.085850,route_tangent,583,2.406,5.000,588,507984.765,3881326.138,-0.445571,0.111482,0.111428,2.7778,TRACKING
7.486975,129.087586333333,35.074610166667,507985.137,3881320.607,0.034,2.085850,route_tangent,583,2.401,5.000,588,507984.765,3881326.138,-0.447848,0.112769,0.111964,2.7778,TRACKING
7.536882,129.087586333333,35.074610166667,507985.137,3881320.607,0.034,2.085850,route_tangent,583,2.401,5.000,588,507984.765,3881326.138,-0.447848,0.112769,0.112286,2.7778,TRACKING
7.586796,129.087586333333,35.074610166667,507985.137,3881320.607,0.034,2.085850,route_tangent,583,2.401,5.000,588,507984.765,3881326.138,-0.447848,0.112769,0.112479,2.7778,TRACKING
7.636812,129.087586333333,35.074610166667,507985.137,3881320.607,0.034,2.085850,route_tangent,583,2.401,5.000,588,507984.765,3881326.138,-0.447848,0.112769,0.112595,2.7778,TRACKING
7.686818,129.087586333333,35.074610166667,507985.137,3881320.607,0.034,2.085850,route_tangent,583,2.401,5.000,588,507984.765,3881326.138,-0.447848,0.112769,0.112664,2.7778,TRACKING
7.736833,129.087586166667,35.074610500000,507985.122,3881320.644,0.045,2.085850,route_tangent,583,2.396,5.000,588,507984.765,3881326.138,-0.450156,0.114078,0.113230,2.7778,TRACKING
7.786804,129.087586166667,35.074610500000,507985.122,3881320.644,0.045,2.085850,route_tangent,583,2.396,5.000,588,507984.765,3881326.138,-0.450156,0.114078,0.113569,2.7778,TRACKING
7.836838,129.087586166667,35.074610500000,507985.122,3881320.644,0.045,2.085850,route_tangent,583,2.396,5.000,588,507984.765,3881326.138,-0.450156,0.114078,0.113773,2.7778,TRACKING
7.886766,129.087586166667,35.074610500000,507985.122,3881320.644,0.045,2.085850,route_tangent,583,2.396,5.000,588,507984.765,3881326.138,-0.450156,0.114078,0.113895,2.7778,TRACKING
7.936819,129.087586166667,35.074610500000,507985.122,3881320.644,0.045,2.085850,route_tangent,583,2.396,5.000,588,507984.765,3881326.138,-0.450156,0.114078,0.113968,2.7778,TRACKING
7.986826,129.087586000000,35.074611000000,507985.107,3881320.699,0.060,2.085850,route_tangent,583,2.384,5.000,588,507984.765,3881326.138,-0.452288,0.115750,0.114681,2.7778,TRACKING
8.036833,129.087586000000,35.074611000000,507985.107,3881320.699,0.060,2.085850,route_tangent,583,2.384,5.000,588,507984.765,3881326.138,-0.452288,0.115750,0.115108,2.7778,TRACKING
8.086794,129.087586000000,35.074611000000,507985.107,3881320.699,0.060,2.085850,route_tangent,583,2.384,5.000,588,507984.765,3881326.138,-0.452288,0.115750,0.115365,2.7778,TRACKING
8.136832,129.087586000000,35.074611000000,507985.107,3881320.699,0.060,2.085850,route_tangent,583,2.384,5.000,588,507984.765,3881326.138,-0.452288,0.115750,0.115519,2.7778,TRACKING
8.186847,129.087586000000,35.074611000000,507985.107,3881320.699,0.060,2.085850,route_tangent,583,2.384,5.000,588,507984.765,3881326.138,-0.452288,0.115750,0.115611,2.7778,TRACKING
8.236832,129.087585666667,35.074611666667,507985.076,3881320.773,0.082,2.085850,route_tangent,583,2.379,5.000,588,507984.765,3881326.138,-0.457081,0.118509,0.116770,2.7778,TRACKING
8.286790,129.087585666667,35.074611666667,507985.076,3881320.773,0.082,2.085850,route_tangent,583,2.379,5.000,588,507984.765,3881326.138,-0.457081,0.118509,0.117466,2.7778,TRACKING
8.337404,129.087585666667,35.074611666667,507985.076,3881320.773,0.082,2.085850,route_tangent,583,2.379,5.000,588,507984.765,3881326.138,-0.457081,0.118509,0.117883,2.7778,TRACKING
8.386797,129.087585666667,35.074611666667,507985.076,3881320.773,0.082,2.085850,route_tangent,583,2.379,5.000,588,507984.765,3881326.138,-0.457081,0.118509,0.118133,2.7778,TRACKING
8.437050,129.087585666667,35.074611666667,507985.076,3881320.773,0.082,2.085850,route_tangent,583,2.379,5.000,588,507984.765,3881326.138,-0.457081,0.118509,0.118284,2.7778,TRACKING
8.486795,129.087585333333,35.074612333333,507985.046,3881320.847,0.104,2.085850,route_tangent,583,2.376,5.000,588,507984.765,3881326.138,-0.462010,0.121372,0.119519,2.7778,TRACKING
8.536999,129.087585333333,35.074612333333,507985.046,3881320.847,0.104,2.085850,route_tangent,583,2.376,5.000,588,507984.765,3881326.138,-0.462010,0.121372,0.120260,2.7778,TRACKING
8.586836,129.087585333333,35.074612333333,507985.046,3881320.847,0.104,2.085850,route_tangent,583,2.376,5.000,588,507984.765,3881326.138,-0.462010,0.121372,0.120705,2.7778,TRACKING
8.637050,129.087585333333,35.074612333333,507985.046,3881320.847,0.104,2.085850,route_tangent,583,2.376,5.000,588,507984.765,3881326.138,-0.462010,0.121372,0.120972,2.7778,TRACKING
8.686881,129.087585333333,35.074612333333,507985.046,3881320.847,0.104,2.085850,route_tangent,583,2.376,5.000,588,507984.765,3881326.138,-0.462010,0.121372,0.121132,2.7778,TRACKING
8.736828,129.087585166667,35.074612833333,507985.031,3881320.902,0.129,2.085850,route_tangent,583,2.369,5.000,588,507984.765,3881326.138,-0.464353,0.123230,0.121971,2.7778,TRACKING
8.787139,129.087585166667,35.074612833333,507985.031,3881320.902,0.129,2.085850,route_tangent,583,2.369,5.000,588,507984.765,3881326.138,-0.464353,0.123230,0.122475,2.7778,TRACKING
8.836873,129.087585166667,35.074612833333,507985.031,3881320.902,0.129,2.085850,route_tangent,583,2.369,5.000,588,507984.765,3881326.138,-0.464353,0.123230,0.122777,2.7778,TRACKING
8.886882,129.087585166667,35.074612833333,507985.031,3881320.902,0.129,2.085850,route_tangent,583,2.369,5.000,588,507984.765,3881326.138,-0.464353,0.123230,0.122958,2.7778,TRACKING
8.936996,129.087585166667,35.074612833333,507985.031,3881320.902,0.129,2.085850,route_tangent,583,2.369,5.000,588,507984.765,3881326.138,-0.464353,0.123230,0.123067,2.7778,TRACKING
8.987094,129.087585000000,35.074613500000,507985.016,3881320.976,0.137,2.085850,route_tangent,583,2.356,5.000,588,507984.765,3881326.138,-0.466577,0.125539,0.124056,2.7778,TRACKING
9.036836,129.087585000000,35.074613500000,507985.016,3881320.976,0.137,2.085850,route_tangent,583,2.356,5.000,588,507984.765,3881326.138,-0.466577,0.125539,0.124649,2.7778,TRACKING
9.087034,129.087585000000,35.074613500000,507985.016,3881320.976,0.137,2.085850,route_tangent,583,2.356,5.000,588,507984.765,3881326.138,-0.466577,0.125539,0.125005,2.7778,TRACKING
9.136804,129.087585000000,35.074613500000,507985.016,3881320.976,0.137,2.085850,route_tangent,583,2.356,5.000,588,507984.765,3881326.138,-0.466577,0.125539,0.125219,2.7778,TRACKING
9.186842,129.087585000000,35.074613500000,507985.016,3881320.976,0.137,2.085850,route_tangent,583,2.356,5.000,588,507984.765,3881326.138,-0.466577,0.125539,0.125347,2.7778,TRACKING
9.236785,129.087584833333,35.074614000000,507985.000,3881321.032,0.156,2.085850,route_tangent,583,2.352,5.000,588,507984.765,3881326.138,-0.469030,0.127513,0.126213,2.7778,TRACKING
9.286812,129.087584833333,35.074614000000,507985.000,3881321.032,0.156,2.085850,route_tangent,583,2.352,5.000,588,507984.765,3881326.138,-0.469030,0.127513,0.126733,2.7778,TRACKING
9.337359,129.087584833333,35.074614000000,507985.000,3881321.032,0.156,2.085850,route_tangent,583,2.352,5.000,588,507984.765,3881326.138,-0.469030,0.127513,0.127045,2.7778,TRACKING
9.386830,129.087584833333,35.074614000000,507985.000,3881321.032,0.156,2.085850,route_tangent,583,2.352,5.000,588,507984.765,3881326.138,-0.469030,0.127513,0.127232,2.7778,TRACKING
9.436817,129.087584833333,35.074614000000,507985.000,3881321.032,0.156,2.085850,route_tangent,583,2.352,5.000,588,507984.765,3881326.138,-0.469030,0.127513,0.127344,2.7778,TRACKING
9.486794,129.087584666667,35.074614666667,507984.985,3881321.105,0.169,2.085850,route_tangent,584,2.339,5.000,588,507984.765,3881326.138,-0.471380,0.129972,0.128395,2.7778,TRACKING
9.536890,129.087584666667,35.074614666667,507984.985,3881321.105,0.169,2.085850,route_tangent,584,2.339,5.000,588,507984.765,3881326.138,-0.471380,0.129972,0.129026,2.7778,TRACKING
9.586982,129.087584666667,35.074614666667,507984.985,3881321.105,0.169,2.085850,route_tangent,584,2.339,5.000,588,507984.765,3881326.138,-0.471380,0.129972,0.129404,2.7778,TRACKING
9.637234,129.087584666667,35.074614666667,507984.985,3881321.105,0.169,2.085850,route_tangent,584,2.339,5.000,588,507984.765,3881326.138,-0.471380,0.129972,0.129631,2.7778,TRACKING
9.686941,129.087584666667,35.074614666667,507984.985,3881321.105,0.169,2.085850,route_tangent,584,2.339,5.000,588,507984.765,3881326.138,-0.471380,0.129972,0.129767,2.7778,TRACKING
9.736797,129.087584500000,35.074615500000,507984.970,3881321.198,0.183,2.085850,route_tangent,584,2.291,5.000,589,507984.272,3881327.009,-0.395632,0.095196,0.115939,2.7778,TRACKING
9.786951,129.087584500000,35.074615500000,507984.970,3881321.198,0.183,2.085850,route_tangent,584,2.291,5.000,589,507984.272,3881327.009,-0.395632,0.095196,0.107642,2.7778,TRACKING
9.836839,129.087584500000,35.074615500000,507984.970,3881321.198,0.183,2.085850,route_tangent,584,2.291,5.000,589,507984.272,3881327.009,-0.395632,0.095196,0.102663,2.7778,TRACKING
9.887355,129.087584500000,35.074615500000,507984.970,3881321.198,0.183,2.085850,route_tangent,584,2.291,5.000,589,507984.272,3881327.009,-0.395632,0.095196,0.099676,2.7778,TRACKING
9.936997,129.087584500000,35.074615500000,507984.970,3881321.198,0.183,2.085850,route_tangent,584,2.291,5.000,589,507984.272,3881327.009,-0.395632,0.095196,0.097884,2.7778,TRACKING
9.986835,129.087584333333,35.074616333333,507984.954,3881321.290,0.198,2.085850,route_tangent,584,2.245,5.000,589,507984.272,3881327.009,-0.396354,0.096899,0.097490,2.7778,TRACKING
10.037286,129.087584333333,35.074616333333,507984.954,3881321.290,0.198,2.085850,route_tangent,584,2.245,5.000,589,507984.272,3881327.009,-0.396354,0.096899,0.097254,2.7778,TRACKING
10.086888,129.087584333333,35.074616333333,507984.954,3881321.290,0.198,2.085850,route_tangent,584,2.245,5.000,589,507984.272,3881327.009,-0.396354,0.096899,0.097112,2.7778,TRACKING
10.136796,129.087584333333,35.074616333333,507984.954,3881321.290,0.198,2.085850,route_tangent,584,2.245,5.000,589,507984.272,3881327.009,-0.396354,0.096899,0.097027,2.7778,TRACKING
10.186809,129.087584333333,35.074616333333,507984.954,3881321.290,0.198,2.085850,route_tangent,584,2.245,5.000,589,507984.272,3881327.009,-0.396354,0.096899,0.096976,2.7778,TRACKING
10.236818,129.087584166667,35.074617333333,507984.939,3881321.401,0.198,2.085850,route_tangent,584,2.192,5.000,589,507984.272,3881327.009,-0.396718,0.098892,0.097742,2.7778,TRACKING
10.286820,129.087584166667,35.074617333333,507984.939,3881321.401,0.198,2.085850,route_tangent,584,2.192,5.000,589,507984.272,3881327.009,-0.396718,0.098892,0.098202,2.7778,TRACKING
10.336834,129.087584166667,35.074617333333,507984.939,3881321.401,0.198,2.085850,route_tangent,584,2.192,5.000,589,507984.272,3881327.009,-0.396718,0.098892,0.098478,2.7778,TRACKING
10.386812,129.087584166667,35.074617333333,507984.939,3881321.401,0.198,2.085850,route_tangent,584,2.192,5.000,589,507984.272,3881327.009,-0.396718,0.098892,0.098644,2.7778,TRACKING
10.436822,129.087584166667,35.074617333333,507984.939,3881321.401,0.198,2.085850,route_tangent,584,2.192,5.000,589,507984.272,3881327.009,-0.396718,0.098892,0.098743,2.7778,TRACKING
10.486798,129.087584000000,35.074618333333,507984.924,3881321.512,0.237,2.085850,route_tangent,584,2.143,5.000,589,507984.272,3881327.009,-0.397096,0.100969,0.099634,2.7778,TRACKING
10.536839,129.087584000000,35.074618333333,507984.924,3881321.512,0.237,2.085850,route_tangent,584,2.143,5.000,589,507984.272,3881327.009,-0.397096,0.100969,0.100168,2.7778,TRACKING
10.586799,129.087584000000,35.074618333333,507984.924,3881321.512,0.237,2.085850,route_tangent,584,2.143,5.000,589,507984.272,3881327.009,-0.397096,0.100969,0.100488,2.7778,TRACKING
10.637005,129.087584000000,35.074618333333,507984.924,3881321.512,0.237,2.085850,route_tangent,584,2.143,5.000,589,507984.272,3881327.009,-0.397096,0.100969,0.100681,2.7778,TRACKING
10.686824,129.087584000000,35.074618333333,507984.924,3881321.512,0.237,2.085850,route_tangent,584,2.143,5.000,589,507984.272,3881327.009,-0.397096,0.100969,0.100796,2.7778,TRACKING
10.736865,129.087583833333,35.074619666667,507984.909,3881321.660,0.261,2.085850,route_tangent,584,2.081,5.000,589,507984.272,3881327.009,-0.396691,0.103636,0.101932,2.7778,TRACKING
10.786799,129.087583833333,35.074619666667,507984.909,3881321.660,0.261,2.085850,route_tangent,584,2.081,5.000,589,507984.272,3881327.009,-0.396691,0.103636,0.102614,2.7778,TRACKING
10.836837,129.087583833333,35.074619666667,507984.909,3881321.660,0.261,2.085850,route_tangent,584,2.081,5.000,589,507984.272,3881327.009,-0.396691,0.103636,0.103023,2.7778,TRACKING
10.886783,129.087583833333,35.074619666667,507984.909,3881321.660,0.261,2.085850,route_tangent,584,2.081,5.000,589,507984.272,3881327.009,-0.396691,0.103636,0.103268,2.7778,TRACKING
10.936942,129.087583833333,35.074619666667,507984.909,3881321.660,0.261,2.085850,route_tangent,584,2.081,5.000,589,507984.272,3881327.009,-0.396691,0.103636,0.103415,2.7778,TRACKING
10.986804,129.087583500000,35.074620500000,507984.878,3881321.752,0.261,2.085850,route_tangent,584,2.066,5.000,589,507984.272,3881327.009,-0.400348,0.106402,0.104610,2.7778,TRACKING
11.037014,129.087583500000,35.074620500000,507984.878,3881321.752,0.261,2.085850,route_tangent,584,2.066,5.000,589,507984.272,3881327.009,-0.400348,0.106402,0.105327,2.7778,TRACKING
11.086947,129.087583500000,35.074620500000,507984.878,3881321.752,0.261,2.085850,route_tangent,584,2.066,5.000,589,507984.272,3881327.009,-0.400348,0.106402,0.105757,2.7778,TRACKING
11.137106,129.087583500000,35.074620500000,507984.878,3881321.752,0.261,2.085850,route_tangent,584,2.066,5.000,589,507984.272,3881327.009,-0.400348,0.106402,0.106015,2.7778,TRACKING
11.187015,129.087583500000,35.074620500000,507984.878,3881321.752,0.261,2.085850,route_tangent,584,2.066,5.000,589,507984.272,3881327.009,-0.400348,0.106402,0.106170,2.7778,TRACKING
11.236971,129.087583333333,35.074621500000,507984.863,3881321.863,0.261,2.085850,route_tangent,584,2.034,5.000,589,507984.272,3881327.009,-0.400831,0.108806,0.107224,2.7778,TRACKING
11.286859,129.087583333333,35.074621500000,507984.863,3881321.863,0.261,2.085850,route_tangent,584,2.034,5.000,589,507984.272,3881327.009,-0.400831,0.108806,0.107857,2.7778,TRACKING
11.336861,129.087583333333,35.074621500000,507984.863,3881321.863,0.261,2.085850,route_tangent,584,2.034,5.000,589,507984.272,3881327.009,-0.400831,0.108806,0.108237,2.7778,TRACKING
11.386840,129.087583333333,35.074621500000,507984.863,3881321.863,0.261,2.085850,route_tangent,584,2.034,5.000,589,507984.272,3881327.009,-0.400831,0.108806,0.108465,2.7778,TRACKING
11.437020,129.087583333333,35.074621500000,507984.863,3881321.863,0.261,2.085850,route_tangent,584,2.034,5.000,589,507984.272,3881327.009,-0.400831,0.108806,0.108601,2.7778,TRACKING
11.486870,129.087583166667,35.074622500000,507984.847,3881321.974,0.261,2.085850,route_tangent,584,2.008,5.000,589,507984.272,3881327.009,-0.401335,0.111321,0.109689,2.7778,TRACKING
11.536879,129.087583166667,35.074622500000,507984.847,3881321.974,0.261,2.085850,route_tangent,584,2.008,5.000,589,507984.272,3881327.009,-0.401335,0.111321,0.110342,2.7778,TRACKING
11.586793,129.087583166667,35.074622500000,507984.847,3881321.974,0.261,2.085850,route_tangent,584,2.008,5.000,589,507984.272,3881327.009,-0.401335,0.111321,0.110733,2.7778,TRACKING
11.636791,129.087583166667,35.074622500000,507984.847,3881321.974,0.261,2.085850,route_tangent,584,2.008,5.000,589,507984.272,3881327.009,-0.401335,0.111321,0.110968,2.7778,TRACKING
11.686834,129.087583166667,35.074622500000,507984.847,3881321.974,0.261,2.085850,route_tangent,584,2.008,5.000,589,507984.272,3881327.009,-0.401335,0.111321,0.111109,2.7778,TRACKING
11.737012,129.087583000000,35.074623500000,507984.832,3881322.085,0.320,1.719324,gps_course,584,1.987,5.000,590,507983.780,3881327.879,0.031133,0.000000,0.081002,2.7778,TRACKING
11.786838,129.087583000000,35.074623500000,507984.832,3881322.085,0.320,1.719324,gps_course,584,1.987,5.000,590,507983.780,3881327.879,0.031133,0.000000,0.051107,2.7778,TRACKING
11.836841,129.087583000000,35.074623500000,507984.832,3881322.085,0.320,1.719324,gps_course,584,1.987,5.000,590,507983.780,3881327.879,0.031133,0.000000,0.030664,2.7778,TRACKING
11.886828,129.087583000000,35.074623500000,507984.832,3881322.085,0.320,1.719324,gps_course,584,1.987,5.000,590,507983.780,3881327.879,0.031133,0.000000,0.018399,2.7778,TRACKING
11.937088,129.087583000000,35.074623500000,507984.832,3881322.085,0.320,1.719324,gps_course,584,1.987,5.000,590,507983.780,3881327.879,0.031133,0.000000,0.011039,2.7778,TRACKING
11.986795,129.087583000000,35.074624666667,507984.832,3881322.214,0.333,1.708503,gps_course,585,1.927,5.000,590,507983.780,3881327.879,0.045948,-0.011559,0.002000,2.7778,TRACKING
12.036976,129.087583000000,35.074624666667,507984.832,3881322.214,0.333,1.708503,gps_course,585,1.927,5.000,590,507983.780,3881327.879,0.045948,-0.011559,-0.003424,2.7778,TRACKING
12.086830,129.087583000000,35.074624666667,507984.832,3881322.214,0.333,1.708503,gps_course,585,1.927,5.000,590,507983.780,3881327.879,0.045948,-0.011559,-0.006678,2.7778,TRACKING
12.137033,129.087583000000,35.074624666667,507984.832,3881322.214,0.333,1.708503,gps_course,585,1.927,5.000,590,507983.780,3881327.879,0.045948,-0.011559,-0.008630,2.7778,TRACKING
12.186816,129.087583000000,35.074624666667,507984.832,3881322.214,0.333,1.708503,gps_course,585,1.927,5.000,590,507983.780,3881327.879,0.045948,-0.011559,-0.009802,2.7778,TRACKING
12.236835,129.087583000000,35.074625833333,507984.832,3881322.344,0.347,1.693668,gps_course,585,1.842,5.000,590,507983.780,3881327.879,0.064957,-0.016703,-0.012563,2.7778,TRACKING
12.286828,129.087583000000,35.074625833333,507984.832,3881322.344,0.347,1.693668,gps_course,585,1.842,5.000,590,507983.780,3881327.879,0.064957,-0.016703,-0.014219,2.7778,TRACKING
12.336863,129.087583000000,35.074625833333,507984.832,3881322.344,0.347,1.693668,gps_course,585,1.842,5.000,590,507983.780,3881327.879,0.064957,-0.016703,-0.015213,2.7778,TRACKING
12.386908,129.087583000000,35.074625833333,507984.832,3881322.344,0.347,1.693668,gps_course,585,1.842,5.000,590,507983.780,3881327.879,0.064957,-0.016703,-0.015809,2.7778,TRACKING
12.436837,129.087583000000,35.074625833333,507984.832,3881322.344,0.347,1.693668,gps_course,585,1.842,5.000,590,507983.780,3881327.879,0.064957,-0.016703,-0.016167,2.7778,TRACKING
12.486857,129.087582833333,35.074626833333,507984.817,3881322.455,0.362,1.674294,gps_course,585,1.785,5.000,590,507983.780,3881327.879,0.085359,-0.022381,-0.018653,2.7778,TRACKING
12.536859,129.087582833333,35.074626833333,507984.817,3881322.455,0.362,1.674294,gps_course,585,1.785,5.000,590,507983.780,3881327.879,0.085359,-0.022381,-0.020144,2.7778,TRACKING
12.586790,129.087582833333,35.074626833333,507984.817,3881322.455,0.362,1.674294,gps_course,585,1.785,5.000,590,507983.780,3881327.879,0.085359,-0.022381,-0.021039,2.7778,TRACKING
12.636964,129.087582833333,35.074626833333,507984.817,3881322.455,0.362,1.674294,gps_course,585,1.785,5.000,590,507983.780,3881327.879,0.085359,-0.022381,-0.021576,2.7778,TRACKING
12.687421,129.087582833333,35.074626833333,507984.817,3881322.455,0.362,1.674294,gps_course,585,1.785,5.000,590,507983.780,3881327.879,0.085359,-0.022381,-0.021898,2.7778,TRACKING
12.737382,129.087582666667,35.074627833333,507984.801,3881322.565,0.368,1.672898,gps_course,585,1.733,5.000,590,507983.780,3881327.879,0.087826,-0.023502,-0.022539,2.7778,TRACKING
12.786820,129.087582666667,35.074627833333,507984.801,3881322.565,0.368,1.672898,gps_course,585,1.733,5.000,590,507983.780,3881327.879,0.087826,-0.023502,-0.022924,2.7778,TRACKING
12.836830,129.087582666667,35.074627833333,507984.801,3881322.565,0.368,1.672898,gps_course,585,1.733,5.000,590,507983.780,3881327.879,0.087826,-0.023502,-0.023155,2.7778,TRACKING
12.886870,129.087582666667,35.074627833333,507984.801,3881322.565,0.368,1.672898,gps_course,585,1.733,5.000,590,507983.780,3881327.879,0.087826,-0.023502,-0.023294,2.7778,TRACKING
12.936833,129.087582666667,35.074627833333,507984.801,3881322.565,0.368,1.672898,gps_course,585,1.733,5.000,590,507983.780,3881327.879,0.087826,-0.023502,-0.023377,2.7778,TRACKING
12.986841,129.087582666667,35.074628833333,507984.801,3881322.676,0.375,1.668186,gps_course,585,1.674,5.000,590,507983.780,3881327.879,0.096470,-0.026336,-0.024561,2.7778,TRACKING
13.036822,129.087582666667,35.074628833333,507984.801,3881322.676,0.375,1.668186,gps_course,585,1.674,5.000,590,507983.780,3881327.879,0.096470,-0.026336,-0.025271,2.7778,TRACKING
13.086868,129.087582666667,35.074628833333,507984.801,3881322.676,0.375,1.668186,gps_course,585,1.674,5.000,590,507983.780,3881327.879,0.096470,-0.026336,-0.025697,2.7778,TRACKING
13.136830,129.087582666667,35.074628833333,507984.801,3881322.676,0.375,1.668186,gps_course,585,1.674,5.000,590,507983.780,3881327.879,0.096470,-0.026336,-0.025953,2.7778,TRACKING
13.186811,129.087582666667,35.074628833333,507984.801,3881322.676,0.375,1.668186,gps_course,585,1.674,5.000,590,507983.780,3881327.879,0.096470,-0.026336,-0.026106,2.7778,TRACKING
13.236887,129.087582666667,35.074630000000,507984.801,3881322.806,0.383,1.659459,gps_course,585,1.612,5.000,590,507983.780,3881327.879,0.109991,-0.030747,-0.027963,2.7778,TRACKING
13.287369,129.087582666667,35.074630000000,507984.801,3881322.806,0.383,1.659459,gps_course,585,1.612,5.000,590,507983.780,3881327.879,0.109991,-0.030747,-0.029077,2.7778,TRACKING
13.336863,129.087582666667,35.074630000000,507984.801,3881322.806,0.383,1.659459,gps_course,585,1.612,5.000,590,507983.780,3881327.879,0.109991,-0.030747,-0.029745,2.7778,TRACKING
13.386826,129.087582666667,35.074630000000,507984.801,3881322.806,0.383,1.659459,gps_course,585,1.612,5.000,590,507983.780,3881327.879,0.109991,-0.030747,-0.030146,2.7778,TRACKING
13.437421,129.087582666667,35.074630000000,507984.801,3881322.806,0.383,1.659459,gps_course,585,1.612,5.000,590,507983.780,3881327.879,0.109991,-0.030747,-0.030387,2.7778,TRACKING
13.486903,129.087582833333,35.074631333333,507984.816,3881322.954,0.383,1.659459,gps_course,585,1.538,5.000,590,507983.780,3881327.879,0.118724,-0.034110,-0.031876,2.7778,TRACKING
13.536814,129.087582833333,35.074631333333,507984.816,3881322.954,0.383,1.659459,gps_course,585,1.538,5.000,590,507983.780,3881327.879,0.118724,-0.034110,-0.032769,2.7778,TRACKING
13.586816,129.087582833333,35.074631333333,507984.816,3881322.954,0.383,1.659459,gps_course,585,1.538,5.000,590,507983.780,3881327.879,0.118724,-0.034110,-0.033306,2.7778,TRACKING
13.636821,129.087582833333,35.074631333333,507984.816,3881322.954,0.383,1.659459,gps_course,585,1.538,5.000,590,507983.780,3881327.879,0.118724,-0.034110,-0.033627,2.7778,TRACKING
13.686798,129.087582833333,35.074631333333,507984.816,3881322.954,0.383,1.659459,gps_course,585,1.538,5.000,590,507983.780,3881327.879,0.118724,-0.034110,-0.033820,2.7778,TRACKING
13.736824,129.087582833333,35.074632500000,507984.816,3881323.083,0.404,1.633977,gps_course,585,1.494,5.000,591,507983.287,3881328.749,0.200357,-0.049132,-0.039945,2.7778,TRACKING
13.786832,129.087582833333,35.074632500000,507984.816,3881323.083,0.404,1.633977,gps_course,585,1.494,5.000,591,507983.287,3881328.749,0.200357,-0.049132,-0.043620,2.7778,TRACKING
13.836818,129.087582833333,35.074632500000,507984.816,3881323.083,0.404,1.633977,gps_course,585,1.494,5.000,591,507983.287,3881328.749,0.200357,-0.049132,-0.045825,2.7778,TRACKING
13.886803,129.087582833333,35.074632500000,507984.816,3881323.083,0.404,1.633977,gps_course,585,1.494,5.000,591,507983.287,3881328.749,0.200357,-0.049132,-0.047148,2.7778,TRACKING
13.936832,129.087582833333,35.074632500000,507984.816,3881323.083,0.404,1.633977,gps_course,585,1.494,5.000,591,507983.287,3881328.749,0.200357,-0.049132,-0.047941,2.7778,TRACKING
13.986846,129.087582500000,35.074632333333,507984.786,3881323.064,0.415,1.621062,gps_course,585,1.529,5.000,591,507983.287,3881328.749,0.207464,-0.050760,-0.049069,2.7778,TRACKING
14.036837,129.087582500000,35.074632333333,507984.786,3881323.064,0.415,1.621062,gps_course,585,1.529,5.000,591,507983.287,3881328.749,0.207464,-0.050760,-0.049746,2.7778,TRACKING
14.086817,129.087582500000,35.074632333333,507984.786,3881323.064,0.415,1.621062,gps_course,585,1.529,5.000,591,507983.287,3881328.749,0.207464,-0.050760,-0.050151,2.7778,TRACKING
14.136837,129.087582500000,35.074632333333,507984.786,3881323.064,0.415,1.621062,gps_course,585,1.529,5.000,591,507983.287,3881328.749,0.207464,-0.050760,-0.050395,2.7778,TRACKING
14.186994,129.087582500000,35.074632333333,507984.786,3881323.064,0.415,1.621062,gps_course,585,1.529,5.000,591,507983.287,3881328.749,0.207464,-0.050760,-0.050541,2.7778,TRACKING
14.236825,129.087582500000,35.074633166667,507984.786,3881323.157,0.386,1.647416,gps_course,585,1.504,5.000,591,507983.287,3881328.749,0.185164,-0.046078,-0.048756,2.7778,TRACKING
14.286803,129.087582500000,35.074633166667,507984.786,3881323.157,0.386,1.647416,gps_course,585,1.504,5.000,591,507983.287,3881328.749,0.185164,-0.046078,-0.047685,2.7778,TRACKING
14.336822,129.087582500000,35.074633166667,507984.786,3881323.157,0.386,1.647416,gps_course,585,1.504,5.000,591,507983.287,3881328.749,0.185164,-0.046078,-0.047042,2.7778,TRACKING
14.386832,129.087582500000,35.074633166667,507984.786,3881323.157,0.386,1.647416,gps_course,585,1.504,5.000,591,507983.287,3881328.749,0.185164,-0.046078,-0.046656,2.7778,TRACKING
14.436820,129.087582500000,35.074633166667,507984.786,3881323.157,0.386,1.647416,gps_course,585,1.504,5.000,591,507983.287,3881328.749,0.185164,-0.046078,-0.046425,2.7778,TRACKING
14.486865,129.087582333333,35.074634166667,507984.770,3881323.268,0.384,1.651954,gps_course,585,1.495,5.000,591,507983.287,3881328.749,0.183079,-0.046455,-0.046437,2.7778,TRACKING
14.536839,129.087582333333,35.074634166667,507984.770,3881323.268,0.384,1.651954,gps_course,585,1.495,5.000,591,507983.287,3881328.749,0.183079,-0.046455,-0.046444,2.7778,TRACKING
14.586829,129.087582333333,35.074634166667,507984.770,3881323.268,0.384,1.651954,gps_course,585,1.495,5.000,591,507983.287,3881328.749,0.183079,-0.046455,-0.046449,2.7778,TRACKING
14.636892,129.087582333333,35.074634166667,507984.770,3881323.268,0.384,1.651954,gps_course,585,1.495,5.000,591,507983.287,3881328.749,0.183079,-0.046455,-0.046451,2.7778,TRACKING
14.686818,129.087582333333,35.074634166667,507984.770,3881323.268,0.384,1.651954,gps_course,585,1.495,5.000,591,507983.287,3881328.749,0.183079,-0.046455,-0.046453,2.7778,TRACKING
14.737020,129.087582333333,35.074634166667,507984.770,3881323.268,0.387,1.647765,gps_course,585,1.495,5.000,591,507983.287,3881328.749,0.187268,-0.047504,-0.046873,2.7778,TRACKING
14.786839,129.087582333333,35.074634166667,507984.770,3881323.268,0.387,1.647765,gps_course,585,1.495,5.000,591,507983.287,3881328.749,0.187268,-0.047504,-0.047126,2.7778,TRACKING
14.836828,129.087582333333,35.074634166667,507984.770,3881323.268,0.387,1.647765,gps_course,585,1.495,5.000,591,507983.287,3881328.749,0.187268,-0.047504,-0.047277,2.7778,TRACKING
14.887203,129.087582333333,35.074634166667,507984.770,3881323.268,0.387,1.647765,gps_course,585,1.495,5.000,591,507983.287,3881328.749,0.187268,-0.047504,-0.047368,2.7778,TRACKING
14.937006,129.087582333333,35.074634166667,507984.770,3881323.268,0.387,1.647765,gps_course,585,1.495,5.000,591,507983.287,3881328.749,0.187268,-0.047504,-0.047422,2.7778,TRACKING
14.986836,129.087582333333,35.074634166667,507984.770,3881323.268,0.389,1.649860,gps_course,585,1.495,5.000,591,507983.287,3881328.749,0.185173,-0.046980,-0.047245,2.7778,TRACKING
15.036860,129.087582333333,35.074634166667,507984.770,3881323.268,0.389,1.649860,gps_course,585,1.495,5.000,591,507983.287,3881328.749,0.185173,-0.046980,-0.047139,2.7778,TRACKING
15.086828,129.087582333333,35.074634166667,507984.770,3881323.268,0.389,1.649860,gps_course,585,1.495,5.000,591,507983.287,3881328.749,0.185173,-0.046980,-0.047075,2.7778,TRACKING
15.136845,129.087582333333,35.074634166667,507984.770,3881323.268,0.389,1.649860,gps_course,585,1.495,5.000,591,507983.287,3881328.749,0.185173,-0.046980,-0.047037,2.7778,TRACKING
15.186807,129.087582333333,35.074634166667,507984.770,3881323.268,0.389,1.649860,gps_course,585,1.495,5.000,591,507983.287,3881328.749,0.185173,-0.046980,-0.047014,2.7778,TRACKING
15.237038,129.087582333333,35.074634166667,507984.770,3881323.268,0.391,1.651954,gps_course,585,1.495,5.000,591,507983.287,3881328.749,0.183079,-0.046455,-0.046791,2.7778,TRACKING
15.286809,129.087582333333,35.074634166667,507984.770,3881323.268,0.391,1.651954,gps_course,585,1.495,5.000,591,507983.287,3881328.749,0.183079,-0.046455,-0.046656,2.7778,TRACKING
15.336921,129.087582333333,35.074634166667,507984.770,3881323.268,0.391,1.651954,gps_course,585,1.495,5.000,591,507983.287,3881328.749,0.183079,-0.046455,-0.046576,2.7778,TRACKING
15.386794,129.087582333333,35.074634166667,507984.770,3881323.268,0.391,1.651954,gps_course,585,1.495,5.000,591,507983.287,3881328.749,0.183079,-0.046455,-0.046528,2.7778,TRACKING
15.436837,129.087582333333,35.074634166667,507984.770,3881323.268,0.391,1.651954,gps_course,585,1.495,5.000,591,507983.287,3881328.749,0.183079,-0.046455,-0.046499,2.7778,TRACKING
15.986994,129.087581333333,35.074639833333,507984.679,3881323.896,0.398,1.657714,gps_course,586,1.183,5.000,591,507983.287,3881328.749,0.192288,-0.054833,-0.021933,2.7778,TRACKING
16.036847,129.087581333333,35.074639833333,507984.679,3881323.896,0.398,1.657714,gps_course,586,1.183,5.000,591,507983.287,3881328.749,0.192288,-0.054833,-0.035093,2.7778,TRACKING
16.086826,129.087581333333,35.074639833333,507984.679,3881323.896,0.398,1.657714,gps_course,586,1.183,5.000,591,507983.287,3881328.749,0.192288,-0.054833,-0.042989,2.7778,TRACKING
16.136840,129.087581333333,35.074639833333,507984.679,3881323.896,0.398,1.657714,gps_course,586,1.183,5.000,591,507983.287,3881328.749,0.192288,-0.054833,-0.047726,2.7778,TRACKING
16.186834,129.087581333333,35.074639833333,507984.679,3881323.896,0.398,1.657714,gps_course,586,1.183,5.000,591,507983.287,3881328.749,0.192288,-0.054833,-0.050569,2.7778,TRACKING
16.236992,129.087581333333,35.074639833333,507984.679,3881323.896,0.395,1.680054,gps_course,586,1.183,5.000,591,507983.287,3881328.749,0.169948,-0.048538,-0.049757,2.7778,TRACKING
16.286850,129.087581333333,35.074639833333,507984.679,3881323.896,0.395,1.680054,gps_course,586,1.183,5.000,591,507983.287,3881328.749,0.169948,-0.048538,-0.049269,2.7778,TRACKING
16.337024,129.087581333333,35.074639833333,507984.679,3881323.896,0.395,1.680054,gps_course,586,1.183,5.000,591,507983.287,3881328.749,0.169948,-0.048538,-0.048977,2.7778,TRACKING
16.387010,129.087581333333,35.074639833333,507984.679,3881323.896,0.395,1.680054,gps_course,586,1.183,5.000,591,507983.287,3881328.749,0.169948,-0.048538,-0.048801,2.7778,TRACKING
16.436812,129.087581333333,35.074639833333,507984.679,3881323.896,0.395,1.680054,gps_course,586,1.183,5.000,591,507983.287,3881328.749,0.169948,-0.048538,-0.048696,2.7778,TRACKING
16.486874,129.087581333333,35.074639833333,507984.679,3881323.896,0.398,1.681974,gps_course,586,1.183,5.000,591,507983.287,3881328.749,0.168028,-0.047996,-0.048416,2.7778,TRACKING
16.536855,129.087581333333,35.074639833333,507984.679,3881323.896,0.398,1.681974,gps_course,586,1.183,5.000,591,507983.287,3881328.749,0.168028,-0.047996,-0.048248,2.7778,TRACKING
16.587016,129.087581333333,35.074639833333,507984.679,3881323.896,0.398,1.681974,gps_course,586,1.183,5.000,591,507983.287,3881328.749,0.168028,-0.047996,-0.048147,2.7778,TRACKING
16.636863,129.087581333333,35.074639833333,507984.679,3881323.896,0.398,1.681974,gps_course,586,1.183,5.000,591,507983.287,3881328.749,0.168028,-0.047996,-0.048087,2.7778,TRACKING
16.686820,129.087581333333,35.074639833333,507984.679,3881323.896,0.398,1.681974,gps_course,586,1.183,5.000,591,507983.287,3881328.749,0.168028,-0.047996,-0.048050,2.7778,TRACKING
16.736977,129.087581333333,35.074639833333,507984.679,3881323.896,0.399,1.683545,gps_course,586,1.183,5.000,591,507983.287,3881328.749,0.166457,-0.047552,-0.047851,2.7778,TRACKING
16.787098,129.087581333333,35.074639833333,507984.679,3881323.896,0.399,1.683545,gps_course,586,1.183,5.000,591,507983.287,3881328.749,0.166457,-0.047552,-0.047731,2.7778,TRACKING
16.836996,129.087581333333,35.074639833333,507984.679,3881323.896,0.399,1.683545,gps_course,586,1.183,5.000,591,507983.287,3881328.749,0.166457,-0.047552,-0.047660,2.7778,TRACKING
16.886833,129.087581333333,35.074639833333,507984.679,3881323.896,0.399,1.683545,gps_course,586,1.183,5.000,591,507983.287,3881328.749,0.166457,-0.047552,-0.047617,2.7778,TRACKING
16.937025,129.087581333333,35.074639833333,507984.679,3881323.896,0.399,1.683545,gps_course,586,1.183,5.000,591,507983.287,3881328.749,0.166457,-0.047552,-0.047591,2.7778,TRACKING
16.986948,129.087580000000,35.074642666667,507984.557,3881324.210,0.400,1.684068,gps_course,586,1.208,5.000,592,507982.795,3881329.619,0.201644,-0.051003,-0.048956,2.7778,TRACKING
17.036791,129.087580000000,35.074642666667,507984.557,3881324.210,0.400,1.684068,gps_course,586,1.208,5.000,592,507982.795,3881329.619,0.201644,-0.051003,-0.049775,2.7778,TRACKING
17.086847,129.087580000000,35.074642666667,507984.557,3881324.210,0.400,1.684068,gps_course,586,1.208,5.000,592,507982.795,3881329.619,0.201644,-0.051003,-0.050266,2.7778,TRACKING
17.136943,129.087580000000,35.074642666667,507984.557,3881324.210,0.400,1.684068,gps_course,586,1.208,5.000,592,507982.795,3881329.619,0.201644,-0.051003,-0.050561,2.7778,TRACKING
17.187051,129.087580000000,35.074642666667,507984.557,3881324.210,0.400,1.684068,gps_course,586,1.208,5.000,592,507982.795,3881329.619,0.201644,-0.051003,-0.050738,2.7778,TRACKING
17.237226,129.087579833333,35.074642833333,507984.542,3881324.229,0.380,1.725432,gps_course,586,1.220,5.000,592,507982.795,3881329.619,0.158737,-0.040425,-0.046613,2.7778,TRACKING
17.286776,129.087579833333,35.074642833333,507984.542,3881324.229,0.380,1.725432,gps_course,586,1.220,5.000,592,507982.795,3881329.619,0.158737,-0.040425,-0.044138,2.7778,TRACKING
17.336823,129.087579833333,35.074642833333,507984.542,3881324.229,0.380,1.725432,gps_course,586,1.220,5.000,592,507982.795,3881329.619,0.158737,-0.040425,-0.042653,2.7778,TRACKING
17.386801,129.087579833333,35.074642833333,507984.542,3881324.229,0.380,1.725432,gps_course,586,1.220,5.000,592,507982.795,3881329.619,0.158737,-0.040425,-0.041762,2.7778,TRACKING
17.436823,129.087579833333,35.074642833333,507984.542,3881324.229,0.380,1.725432,gps_course,586,1.220,5.000,592,507982.795,3881329.619,0.158737,-0.040425,-0.041227,2.7778,TRACKING
17.486800,129.087579500000,35.074643166667,507984.511,3881324.266,0.368,1.738872,gps_course,586,1.246,5.000,592,507982.795,3881329.619,0.142176,-0.036528,-0.039348,2.7778,TRACKING
17.536811,129.087579500000,35.074643166667,507984.511,3881324.266,0.368,1.738872,gps_course,586,1.246,5.000,592,507982.795,3881329.619,0.142176,-0.036528,-0.038220,2.7778,TRACKING
17.586799,129.087579500000,35.074643166667,507984.511,3881324.266,0.368,1.738872,gps_course,586,1.246,5.000,592,507982.795,3881329.619,0.142176,-0.036528,-0.037543,2.7778,TRACKING
17.636849,129.087579500000,35.074643166667,507984.511,3881324.266,0.368,1.738872,gps_course,586,1.246,5.000,592,507982.795,3881329.619,0.142176,-0.036528,-0.037137,2.7778,TRACKING
17.686792,129.087579500000,35.074643166667,507984.511,3881324.266,0.368,1.738872,gps_course,586,1.246,5.000,592,507982.795,3881329.619,0.142176,-0.036528,-0.036894,2.7778,TRACKING
17.736824,129.087579500000,35.074643500000,507984.511,3881324.303,0.357,1.746202,gps_course,587,1.220,5.000,592,507982.795,3881329.619,0.136860,-0.035394,-0.036294,2.7778,TRACKING
17.786835,129.087579500000,35.074643500000,507984.511,3881324.303,0.357,1.746202,gps_course,587,1.220,5.000,592,507982.795,3881329.619,0.136860,-0.035394,-0.035934,2.7778,TRACKING
17.836825,129.087579500000,35.074643500000,507984.511,3881324.303,0.357,1.746202,gps_course,587,1.220,5.000,592,507982.795,3881329.619,0.136860,-0.035394,-0.035718,2.7778,TRACKING
17.886799,129.087579500000,35.074643500000,507984.511,3881324.303,0.357,1.746202,gps_course,587,1.220,5.000,592,507982.795,3881329.619,0.136860,-0.035394,-0.035588,2.7778,TRACKING
17.936826,129.087579500000,35.074643500000,507984.511,3881324.303,0.357,1.746202,gps_course,587,1.220,5.000,592,507982.795,3881329.619,0.136860,-0.035394,-0.035510,2.7778,TRACKING
17.986808,129.087579666667,35.074642666667,507984.526,3881324.210,0.347,1.751612,gps_course,587,1.286,5.000,592,507982.795,3881329.619,0.129011,-0.032833,-0.034440,2.7778,TRACKING
18.036855,129.087579666667,35.074642666667,507984.526,3881324.210,0.347,1.751612,gps_course,587,1.286,5.000,592,507982.795,3881329.619,0.129011,-0.032833,-0.033797,2.7778,TRACKING
18.086832,129.087579666667,35.074642666667,507984.526,3881324.210,0.347,1.751612,gps_course,587,1.286,5.000,592,507982.795,3881329.619,0.129011,-0.032833,-0.033411,2.7778,TRACKING
18.136828,129.087579666667,35.074642666667,507984.526,3881324.210,0.347,1.751612,gps_course,587,1.286,5.000,592,507982.795,3881329.619,0.129011,-0.032833,-0.033180,2.7778,TRACKING
18.186819,129.087579666667,35.074642666667,507984.526,3881324.210,0.347,1.751612,gps_course,587,1.286,5.000,592,507982.795,3881329.619,0.129011,-0.032833,-0.033041,2.7778,TRACKING
18.237025,129.087579666667,35.074642666667,507984.526,3881324.210,0.319,1.752660,gps_course,587,1.286,5.000,592,507982.795,3881329.619,0.127964,-0.032568,-0.032852,2.7778,TRACKING
18.286827,129.087579666667,35.074642666667,507984.526,3881324.210,0.319,1.752660,gps_course,587,1.286,5.000,592,507982.795,3881329.619,0.127964,-0.032568,-0.032739,2.7778,TRACKING
18.336852,129.087579666667,35.074642666667,507984.526,3881324.210,0.319,1.752660,gps_course,587,1.286,5.000,592,507982.795,3881329.619,0.127964,-0.032568,-0.032670,2.7778,TRACKING
18.386830,129.087579666667,35.074642666667,507984.526,3881324.210,0.319,1.752660,gps_course,587,1.286,5.000,592,507982.795,3881329.619,0.127964,-0.032568,-0.032630,2.7778,TRACKING
18.436871,129.087579666667,35.074642666667,507984.526,3881324.210,0.319,1.752660,gps_course,587,1.286,5.000,592,507982.795,3881329.619,0.127964,-0.032568,-0.032605,2.7778,TRACKING
18.486836,129.087579500000,35.074643166667,507984.511,3881324.266,0.304,1.756150,gps_course,587,1.250,5.000,592,507982.795,3881329.619,0.124897,-0.032117,-0.032410,2.7778,TRACKING
18.536829,129.087579500000,35.074643166667,507984.511,3881324.266,0.304,1.756150,gps_course,587,1.250,5.000,592,507982.795,3881329.619,0.124897,-0.032117,-0.032293,2.7778,TRACKING
18.586815,129.087579500000,35.074643166667,507984.511,3881324.266,0.304,1.756150,gps_course,587,1.250,5.000,592,507982.795,3881329.619,0.124897,-0.032117,-0.032222,2.7778,TRACKING
18.636871,129.087579500000,35.074643166667,507984.511,3881324.266,0.304,1.756150,gps_course,587,1.250,5.000,592,507982.795,3881329.619,0.124897,-0.032117,-0.032180,2.7778,TRACKING
18.686829,129.087579500000,35.074643166667,507984.511,3881324.266,0.304,1.756150,gps_course,587,1.250,5.000,592,507982.795,3881329.619,0.124897,-0.032117,-0.032155,2.7778,TRACKING
18.736819,129.087579333333,35.074643500000,507984.496,3881324.303,0.304,1.756150,gps_course,587,1.230,5.000,592,507982.795,3881329.619,0.124321,-0.032198,-0.032172,2.7778,TRACKING
18.786796,129.087579333333,35.074643500000,507984.496,3881324.303,0.304,1.756150,gps_course,587,1.230,5.000,592,507982.795,3881329.619,0.124321,-0.032198,-0.032182,2.7778,TRACKING
18.836802,129.087579333333,35.074643500000,507984.496,3881324.303,0.304,1.756150,gps_course,587,1.230,5.000,592,507982.795,3881329.619,0.124321,-0.032198,-0.032188,2.7778,TRACKING
18.886812,129.087579333333,35.074643500000,507984.496,3881324.303,0.304,1.756150,gps_course,587,1.230,5.000,592,507982.795,3881329.619,0.124321,-0.032198,-0.032192,2.7778,TRACKING
18.936826,129.087579333333,35.074643500000,507984.496,3881324.303,0.304,1.756150,gps_course,587,1.230,5.000,592,507982.795,3881329.619,0.124321,-0.032198,-0.032194,2.7778,TRACKING
18.986807,129.087579166667,35.074643666667,507984.481,3881324.321,0.304,1.756150,gps_course,587,1.225,5.000,592,507982.795,3881329.619,0.122728,-0.031914,-0.032082,2.7778,TRACKING
19.036835,129.087579166667,35.074643666667,507984.481,3881324.321,0.304,1.756150,gps_course,587,1.225,5.000,592,507982.795,3881329.619,0.122728,-0.031914,-0.032015,2.7778,TRACKING
19.086939,129.087579166667,35.074643666667,507984.481,3881324.321,0.304,1.756150,gps_course,587,1.225,5.000,592,507982.795,3881329.619,0.122728,-0.031914,-0.031975,2.7778,TRACKING
19.136821,129.087579166667,35.074643666667,507984.481,3881324.321,0.304,1.756150,gps_course,587,1.225,5.000,592,507982.795,3881329.619,0.122728,-0.031914,-0.031951,2.7778,TRACKING
19.186839,129.087579166667,35.074643666667,507984.481,3881324.321,0.304,1.756150,gps_course,587,1.225,5.000,592,507982.795,3881329.619,0.122728,-0.031914,-0.031936,2.7778,TRACKING
19.236824,129.087579000000,35.074644000000,507984.466,3881324.358,0.273,1.756150,gps_course,587,1.207,5.000,592,507982.795,3881329.619,0.122129,-0.031988,-0.031957,2.7778,TRACKING
19.286811,129.087579000000,35.074644000000,507984.466,3881324.358,0.273,1.756150,gps_course,587,1.207,5.000,592,507982.795,3881329.619,0.122129,-0.031988,-0.031970,2.7778,TRACKING
19.336822,129.087579000000,35.074644000000,507984.466,3881324.358,0.273,1.756150,gps_course,587,1.207,5.000,592,507982.795,3881329.619,0.122129,-0.031988,-0.031977,2.7778,TRACKING
19.386847,129.087579000000,35.074644000000,507984.466,3881324.358,0.273,1.756150,gps_course,587,1.207,5.000,592,507982.795,3881329.619,0.122129,-0.031988,-0.031982,2.7778,TRACKING
19.436820,129.087579000000,35.074644000000,507984.466,3881324.358,0.273,1.756150,gps_course,587,1.207,5.000,592,507982.795,3881329.619,0.122129,-0.031988,-0.031984,2.7778,TRACKING
19.486804,129.087579000000,35.074644500000,507984.465,3881324.413,0.263,1.756150,gps_course,587,1.165,5.000,592,507982.795,3881329.619,0.125190,-0.033102,-0.032431,2.7778,TRACKING
19.536815,129.087579000000,35.074644500000,507984.465,3881324.413,0.263,1.756150,gps_course,587,1.165,5.000,592,507982.795,3881329.619,0.125190,-0.033102,-0.032700,2.7778,TRACKING
19.586814,129.087579000000,35.074644500000,507984.465,3881324.413,0.263,1.756150,gps_course,587,1.165,5.000,592,507982.795,3881329.619,0.125190,-0.033102,-0.032861,2.7778,TRACKING
19.636819,129.087579000000,35.074644500000,507984.465,3881324.413,0.263,1.756150,gps_course,587,1.165,5.000,592,507982.795,3881329.619,0.125190,-0.033102,-0.032957,2.7778,TRACKING
19.686805,129.087579000000,35.074644500000,507984.465,3881324.413,0.263,1.756150,gps_course,587,1.165,5.000,592,507982.795,3881329.619,0.125190,-0.033102,-0.033015,2.7778,TRACKING
19.736844,129.087579000000,35.074645000000,507984.465,3881324.469,0.257,1.756150,gps_course,587,1.125,5.000,592,507982.795,3881329.619,0.128311,-0.034253,-0.033510,2.7778,TRACKING
19.786822,129.087579000000,35.074645000000,507984.465,3881324.469,0.257,1.756150,gps_course,587,1.125,5.000,592,507982.795,3881329.619,0.128311,-0.034253,-0.033807,2.7778,TRACKING
19.836848,129.087579000000,35.074645000000,507984.465,3881324.469,0.257,1.756150,gps_course,587,1.125,5.000,592,507982.795,3881329.619,0.128311,-0.034253,-0.033985,2.7778,TRACKING
19.886811,129.087579000000,35.074645000000,507984.465,3881324.469,0.257,1.756150,gps_course,587,1.125,5.000,592,507982.795,3881329.619,0.128311,-0.034253,-0.034092,2.7778,TRACKING
19.937195,129.087579000000,35.074645000000,507984.465,3881324.469,0.257,1.756150,gps_course,587,1.125,5.000,592,507982.795,3881329.619,0.128311,-0.034253,-0.034156,2.7778,TRACKING
19.986815,129.087579000000,35.074645333333,507984.465,3881324.506,0.250,1.756150,gps_course,587,1.099,5.000,592,507982.795,3881329.619,0.130425,-0.035041,-0.034510,2.7778,TRACKING
20.036996,129.087579000000,35.074645333333,507984.465,3881324.506,0.250,1.756150,gps_course,587,1.099,5.000,592,507982.795,3881329.619,0.130425,-0.035041,-0.034722,2.7778,TRACKING
20.086872,129.087579000000,35.074645333333,507984.465,3881324.506,0.250,1.756150,gps_course,587,1.099,5.000,592,507982.795,3881329.619,0.130425,-0.035041,-0.034850,2.7778,TRACKING
20.136853,129.087579000000,35.074645333333,507984.465,3881324.506,0.250,1.756150,gps_course,587,1.099,5.000,592,507982.795,3881329.619,0.130425,-0.035041,-0.034926,2.7778,TRACKING
20.186981,129.087579000000,35.074645333333,507984.465,3881324.506,0.250,1.756150,gps_course,587,1.099,5.000,592,507982.795,3881329.619,0.130425,-0.035041,-0.034972,2.7778,TRACKING
20.237036,129.087579000000,35.074645666667,507984.465,3881324.543,0.241,1.756150,gps_course,587,1.074,5.000,592,507982.795,3881329.619,0.132567,-0.035846,-0.035322,2.7778,TRACKING
20.286996,129.087579000000,35.074645666667,507984.465,3881324.543,0.241,1.756150,gps_course,587,1.074,5.000,592,507982.795,3881329.619,0.132567,-0.035846,-0.035532,2.7778,TRACKING
20.336876,129.087579000000,35.074645666667,507984.465,3881324.543,0.241,1.756150,gps_course,587,1.074,5.000,592,507982.795,3881329.619,0.132567,-0.035846,-0.035658,2.7778,TRACKING
20.386818,129.087579000000,35.074645666667,507984.465,3881324.543,0.241,1.756150,gps_course,587,1.074,5.000,592,507982.795,3881329.619,0.132567,-0.035846,-0.035733,2.7778,TRACKING
20.436816,129.087579000000,35.074645666667,507984.465,3881324.543,0.241,1.756150,gps_course,587,1.074,5.000,592,507982.795,3881329.619,0.132567,-0.035846,-0.035778,2.7778,TRACKING
20.487000,129.087579000000,35.074645833333,507984.465,3881324.561,0.231,1.756150,gps_course,587,1.062,5.000,592,507982.795,3881329.619,0.133649,-0.036256,-0.035969,2.7778,TRACKING
20.537061,129.087579000000,35.074645833333,507984.465,3881324.561,0.231,1.756150,gps_course,587,1.062,5.000,592,507982.795,3881329.619,0.133649,-0.036256,-0.036084,2.7778,TRACKING
20.586817,129.087579000000,35.074645833333,507984.465,3881324.561,0.231,1.756150,gps_course,587,1.062,5.000,592,507982.795,3881329.619,0.133649,-0.036256,-0.036153,2.7778,TRACKING
20.636887,129.087579000000,35.074645833333,507984.465,3881324.561,0.231,1.756150,gps_course,587,1.062,5.000,592,507982.795,3881329.619,0.133649,-0.036256,-0.036194,2.7778,TRACKING
20.686800,129.087579000000,35.074645833333,507984.465,3881324.561,0.231,1.756150,gps_course,587,1.062,5.000,592,507982.795,3881329.619,0.133649,-0.036256,-0.036219,2.7778,TRACKING
20.736829,129.087579000000,35.074646000000,507984.465,3881324.580,0.221,1.756150,gps_course,587,1.050,5.000,592,507982.795,3881329.619,0.134738,-0.036670,-0.036399,2.7778,TRACKING
20.786789,129.087579000000,35.074646000000,507984.465,3881324.580,0.221,1.756150,gps_course,587,1.050,5.000,592,507982.795,3881329.619,0.134738,-0.036670,-0.036508,2.7778,TRACKING
20.836898,129.087579000000,35.074646000000,507984.465,3881324.580,0.221,1.756150,gps_course,587,1.050,5.000,592,507982.795,3881329.619,0.134738,-0.036670,-0.036573,2.7778,TRACKING
20.887297,129.087579000000,35.074646000000,507984.465,3881324.580,0.221,1.756150,gps_course,587,1.050,5.000,592,507982.795,3881329.619,0.134738,-0.036670,-0.036612,2.7778,TRACKING
20.936906,129.087579000000,35.074646000000,507984.465,3881324.580,0.221,1.756150,gps_course,587,1.050,5.000,592,507982.795,3881329.619,0.134738,-0.036670,-0.036635,2.7778,TRACKING
20.986782,129.087579166667,35.074646333333,507984.480,3881324.617,0.210,1.756150,gps_course,587,1.014,5.000,592,507982.795,3881329.619,0.139668,-0.038220,-0.037269,2.7778,TRACKING
21.036870,129.087579166667,35.074646333333,507984.480,3881324.617,0.210,1.756150,gps_course,587,1.014,5.000,592,507982.795,3881329.619,0.139668,-0.038220,-0.037649,2.7778,TRACKING
21.086843,129.087579166667,35.074646333333,507984.480,3881324.617,0.210,1.756150,gps_course,587,1.014,5.000,592,507982.795,3881329.619,0.139668,-0.038220,-0.037877,2.7778,TRACKING
21.136830,129.087579166667,35.074646333333,507984.480,3881324.617,0.210,1.756150,gps_course,587,1.014,5.000,592,507982.795,3881329.619,0.139668,-0.038220,-0.038014,2.7778,TRACKING
21.186808,129.087579166667,35.074646333333,507984.480,3881324.617,0.210,1.756150,gps_course,587,1.014,5.000,592,507982.795,3881329.619,0.139668,-0.038220,-0.038096,2.7778,TRACKING
21.237065,129.087579166667,35.074646333333,507984.480,3881324.617,0.201,1.756150,gps_course,587,1.014,5.000,592,507982.795,3881329.619,0.139668,-0.038220,-0.038146,2.7778,TRACKING
21.286851,129.087579166667,35.074646333333,507984.480,3881324.617,0.201,1.756150,gps_course,587,1.014,5.000,592,507982.795,3881329.619,0.139668,-0.038220,-0.038175,2.7778,TRACKING
21.336863,129.087579166667,35.074646333333,507984.480,3881324.617,0.201,1.756150,gps_course,587,1.014,5.000,592,507982.795,3881329.619,0.139668,-0.038220,-0.038193,2.7778,TRACKING
21.386837,129.087579166667,35.074646333333,507984.480,3881324.617,0.201,1.756150,gps_course,587,1.014,5.000,592,507982.795,3881329.619,0.139668,-0.038220,-0.038204,2.7778,TRACKING
21.436826,129.087579166667,35.074646333333,507984.480,3881324.617,0.201,1.756150,gps_course,587,1.014,5.000,592,507982.795,3881329.619,0.139668,-0.038220,-0.038210,2.7778,TRACKING
21.486808,129.087579166667,35.074646333333,507984.480,3881324.617,0.200,2.085850,route_tangent,587,1.014,5.000,592,507982.795,3881329.619,-0.190031,0.051836,-0.008221,2.7778,TRACKING
21.536911,129.087579166667,35.074646333333,507984.480,3881324.617,0.200,2.085850,route_tangent,587,1.014,5.000,592,507982.795,3881329.619,-0.190031,0.051836,0.015802,2.7778,TRACKING
21.586806,129.087579166667,35.074646333333,507984.480,3881324.617,0.200,2.085850,route_tangent,587,1.014,5.000,592,507982.795,3881329.619,-0.190031,0.051836,0.030215,2.7778,TRACKING
21.636975,129.087579166667,35.074646333333,507984.480,3881324.617,0.200,2.085850,route_tangent,587,1.014,5.000,592,507982.795,3881329.619,-0.190031,0.051836,0.038864,2.7778,TRACKING
21.686968,129.087579166667,35.074646333333,507984.480,3881324.617,0.200,2.085850,route_tangent,587,1.014,5.000,592,507982.795,3881329.619,-0.190031,0.051836,0.044053,2.7778,TRACKING
21.736833,129.087579166667,35.074646333333,507984.480,3881324.617,0.198,2.085850,route_tangent,587,1.014,5.000,592,507982.795,3881329.619,-0.190031,0.051836,0.047166,2.7778,TRACKING
21.786847,129.087579166667,35.074646333333,507984.480,3881324.617,0.198,2.085850,route_tangent,587,1.014,5.000,592,507982.795,3881329.619,-0.190031,0.051836,0.049034,2.7778,TRACKING
21.836829,129.087579166667,35.074646333333,507984.480,3881324.617,0.198,2.085850,route_tangent,587,1.014,5.000,592,507982.795,3881329.619,-0.190031,0.051836,0.050155,2.7778,TRACKING
21.886929,129.087579166667,35.074646333333,507984.480,3881324.617,0.198,2.085850,route_tangent,587,1.014,5.000,592,507982.795,3881329.619,-0.190031,0.051836,0.050827,2.7778,TRACKING
21.936857,129.087579166667,35.074646333333,507984.480,3881324.617,0.198,2.085850,route_tangent,587,1.014,5.000,592,507982.795,3881329.619,-0.190031,0.051836,0.051231,2.7778,TRACKING
21.987289,129.087578666667,35.074647833333,507984.435,3881324.783,0.197,2.085850,route_tangent,587,0.955,5.000,592,507982.795,3881329.619,-0.188118,0.053049,0.051958,2.7778,TRACKING
22.036870,129.087578666667,35.074647833333,507984.435,3881324.783,0.197,2.085850,route_tangent,587,0.955,5.000,592,507982.795,3881329.619,-0.188118,0.053049,0.052394,2.7778,TRACKING
22.086822,129.087578666667,35.074647833333,507984.435,3881324.783,0.197,2.085850,route_tangent,587,0.955,5.000,592,507982.795,3881329.619,-0.188118,0.053049,0.052656,2.7778,TRACKING
22.136888,129.087578666667,35.074647833333,507984.435,3881324.783,0.197,2.085850,route_tangent,587,0.955,5.000,592,507982.795,3881329.619,-0.188118,0.053049,0.052813,2.7778,TRACKING
22.186929,129.087578666667,35.074647833333,507984.435,3881324.783,0.197,2.085850,route_tangent,587,0.955,5.000,592,507982.795,3881329.619,-0.188118,0.053049,0.052907,2.7778,TRACKING
22.236885,129.087578666667,35.074647833333,507984.435,3881324.783,0.194,2.085850,route_tangent,587,0.955,5.000,592,507982.795,3881329.619,-0.188118,0.053049,0.052964,2.7778,TRACKING
22.286817,129.087578666667,35.074647833333,507984.435,3881324.783,0.194,2.085850,route_tangent,587,0.955,5.000,592,507982.795,3881329.619,-0.188118,0.053049,0.052998,2.7778,TRACKING
22.336973,129.087578666667,35.074647833333,507984.435,3881324.783,0.194,2.085850,route_tangent,587,0.955,5.000,592,507982.795,3881329.619,-0.188118,0.053049,0.053018,2.7778,TRACKING
22.386891,129.087578666667,35.074647833333,507984.435,3881324.783,0.194,2.085850,route_tangent,587,0.955,5.000,592,507982.795,3881329.619,-0.188118,0.053049,0.053030,2.7778,TRACKING
22.436969,129.087578666667,35.074647833333,507984.435,3881324.783,0.194,2.085850,route_tangent,587,0.955,5.000,592,507982.795,3881329.619,-0.188118,0.053049,0.053038,2.7778,TRACKING
22.487366,129.087578666667,35.074647833333,507984.435,3881324.783,0.193,2.085850,route_tangent,587,0.955,5.000,592,507982.795,3881329.619,-0.188118,0.053049,0.053042,2.7778,TRACKING
22.536840,129.087578666667,35.074647833333,507984.435,3881324.783,0.193,2.085850,route_tangent,587,0.955,5.000,592,507982.795,3881329.619,-0.188118,0.053049,0.053045,2.7778,TRACKING
22.586784,129.087578666667,35.074647833333,507984.435,3881324.783,0.193,2.085850,route_tangent,587,0.955,5.000,592,507982.795,3881329.619,-0.188118,0.053049,0.053046,2.7778,TRACKING
22.636816,129.087578666667,35.074647833333,507984.435,3881324.783,0.193,2.085850,route_tangent,587,0.955,5.000,592,507982.795,3881329.619,-0.188118,0.053049,0.053047,2.7778,TRACKING
22.686840,129.087578666667,35.074647833333,507984.435,3881324.783,0.193,2.085850,route_tangent,587,0.955,5.000,592,507982.795,3881329.619,-0.188118,0.053049,0.053048,2.7778,TRACKING
22.736837,129.087578666667,35.074647833333,507984.435,3881324.783,0.192,2.085850,route_tangent,587,0.955,5.000,592,507982.795,3881329.619,-0.188118,0.053049,0.053048,2.7778,TRACKING
22.786792,129.087578666667,35.074647833333,507984.435,3881324.783,0.192,2.085850,route_tangent,587,0.955,5.000,592,507982.795,3881329.619,-0.188118,0.053049,0.053048,2.7778,TRACKING
22.836848,129.087578666667,35.074647833333,507984.435,3881324.783,0.192,2.085850,route_tangent,587,0.955,5.000,592,507982.795,3881329.619,-0.188118,0.053049,0.053048,2.7778,TRACKING
22.886771,129.087578666667,35.074647833333,507984.435,3881324.783,0.192,2.085850,route_tangent,587,0.955,5.000,592,507982.795,3881329.619,-0.188118,0.053049,0.053048,2.7778,TRACKING
22.936808,129.087578666667,35.074647833333,507984.435,3881324.783,0.192,2.085850,route_tangent,587,0.955,5.000,592,507982.795,3881329.619,-0.188118,0.053049,0.053048,2.7778,TRACKING
22.986835,129.087578166667,35.074649500000,507984.389,3881324.968,0.191,2.085850,route_tangent,587,0.919,5.000,593,507982.302,3881330.490,-0.153717,0.037592,0.046866,2.7778,TRACKING
23.036995,129.087578166667,35.074649500000,507984.389,3881324.968,0.191,2.085850,route_tangent,587,0.919,5.000,593,507982.302,3881330.490,-0.153717,0.037592,0.043157,2.7778,TRACKING
23.086831,129.087578166667,35.074649500000,507984.389,3881324.968,0.191,2.085850,route_tangent,587,0.919,5.000,593,507982.302,3881330.490,-0.153717,0.037592,0.040931,2.7778,TRACKING
23.137045,129.087578166667,35.074649500000,507984.389,3881324.968,0.191,2.085850,route_tangent,587,0.919,5.000,593,507982.302,3881330.490,-0.153717,0.037592,0.039595,2.7778,TRACKING
23.186933,129.087578166667,35.074649500000,507984.389,3881324.968,0.191,2.085850,route_tangent,587,0.919,5.000,593,507982.302,3881330.490,-0.153717,0.037592,0.038794,2.7778,TRACKING
23.236825,129.087578166667,35.074649500000,507984.389,3881324.968,0.191,2.085850,route_tangent,587,0.919,5.000,593,507982.302,3881330.490,-0.153717,0.037592,0.038313,2.7778,TRACKING
23.287588,129.087578166667,35.074649500000,507984.389,3881324.968,0.191,2.085850,route_tangent,587,0.919,5.000,593,507982.302,3881330.490,-0.153717,0.037592,0.038025,2.7778,TRACKING
23.336816,129.087578166667,35.074649500000,507984.389,3881324.968,0.191,2.085850,route_tangent,587,0.919,5.000,593,507982.302,3881330.490,-0.153717,0.037592,0.037852,2.7778,TRACKING
23.386805,129.087578166667,35.074649500000,507984.389,3881324.968,0.191,2.085850,route_tangent,587,0.919,5.000,593,507982.302,3881330.490,-0.153717,0.037592,0.037748,2.7778,TRACKING
23.436836,129.087578166667,35.074649500000,507984.389,3881324.968,0.191,2.085850,route_tangent,587,0.919,5.000,593,507982.302,3881330.490,-0.153717,0.037592,0.037686,2.7778,TRACKING
23.486885,129.087578166667,35.074649500000,507984.389,3881324.968,0.189,2.085850,route_tangent,587,0.919,5.000,593,507982.302,3881330.490,-0.153717,0.037592,0.037648,2.7778,TRACKING
23.536844,129.087578166667,35.074649500000,507984.389,3881324.968,0.189,2.085850,route_tangent,587,0.919,5.000,593,507982.302,3881330.490,-0.153717,0.037592,0.037626,2.7778,TRACKING
23.586794,129.087578166667,35.074649500000,507984.389,3881324.968,0.189,2.085850,route_tangent,587,0.919,5.000,593,507982.302,3881330.490,-0.153717,0.037592,0.037613,2.7778,TRACKING
23.636821,129.087578166667,35.074649500000,507984.389,3881324.968,0.189,2.085850,route_tangent,587,0.919,5.000,593,507982.302,3881330.490,-0.153717,0.037592,0.037604,2.7778,TRACKING
23.686833,129.087578166667,35.074649500000,507984.389,3881324.968,0.189,2.085850,route_tangent,587,0.919,5.000,593,507982.302,3881330.490,-0.153717,0.037592,0.037600,2.7778,TRACKING
23.736846,129.087578166667,35.074649500000,507984.389,3881324.968,0.187,2.085850,route_tangent,587,0.919,5.000,593,507982.302,3881330.490,-0.153717,0.037592,0.037597,2.7778,TRACKING
23.786800,129.087578166667,35.074649500000,507984.389,3881324.968,0.187,2.085850,route_tangent,587,0.919,5.000,593,507982.302,3881330.490,-0.153717,0.037592,0.037595,2.7778,TRACKING
23.836960,129.087578166667,35.074649500000,507984.389,3881324.968,0.187,2.085850,route_tangent,587,0.919,5.000,593,507982.302,3881330.490,-0.153717,0.037592,0.037594,2.7778,TRACKING
23.886972,129.087578166667,35.074649500000,507984.389,3881324.968,0.187,2.085850,route_tangent,587,0.919,5.000,593,507982.302,3881330.490,-0.153717,0.037592,0.037593,2.7778,TRACKING
23.936832,129.087578166667,35.074649500000,507984.389,3881324.968,0.187,2.085850,route_tangent,587,0.919,5.000,593,507982.302,3881330.490,-0.153717,0.037592,0.037593,2.7778,TRACKING
30.987003,129.087578166667,35.074658000000,507984.388,3881325.911,0.128,2.085850,route_tangent,588,0.440,5.000,593,507982.302,3881330.490,-0.087597,0.025204,0.010082,2.7778,TRACKING
31.036780,129.087578166667,35.074658000000,507984.388,3881325.911,0.128,2.085850,route_tangent,588,0.440,5.000,593,507982.302,3881330.490,-0.087597,0.025204,0.016131,2.7778,TRACKING
31.086801,129.087578166667,35.074658000000,507984.388,3881325.911,0.128,2.085850,route_tangent,588,0.440,5.000,593,507982.302,3881330.490,-0.087597,0.025204,0.019760,2.7778,TRACKING
31.137186,129.087578166667,35.074658000000,507984.388,3881325.911,0.128,2.085850,route_tangent,588,0.440,5.000,593,507982.302,3881330.490,-0.087597,0.025204,0.021938,2.7778,TRACKING
31.186840,129.087578166667,35.074658000000,507984.388,3881325.911,0.128,2.085850,route_tangent,588,0.440,5.000,593,507982.302,3881330.490,-0.087597,0.025204,0.023244,2.7778,TRACKING
31.236809,129.087578166667,35.074657666667,507984.388,3881325.874,0.137,2.085850,route_tangent,588,0.461,5.000,593,507982.302,3881330.490,-0.090616,0.025897,0.024305,2.7778,TRACKING
31.286780,129.087578166667,35.074657666667,507984.388,3881325.874,0.137,2.085850,route_tangent,588,0.461,5.000,593,507982.302,3881330.490,-0.090616,0.025897,0.024942,2.7778,TRACKING
31.336918,129.087578166667,35.074657666667,507984.388,3881325.874,0.137,2.085850,route_tangent,588,0.461,5.000,593,507982.302,3881330.490,-0.090616,0.025897,0.025324,2.7778,TRACKING
31.386887,129.087578166667,35.074657666667,507984.388,3881325.874,0.137,2.085850,route_tangent,588,0.461,5.000,593,507982.302,3881330.490,-0.090616,0.025897,0.025553,2.7778,TRACKING
31.436810,129.087578166667,35.074657666667,507984.388,3881325.874,0.137,2.085850,route_tangent,588,0.461,5.000,593,507982.302,3881330.490,-0.090616,0.025897,0.025691,2.7778,TRACKING
31.486823,129.087578333333,35.074657666667,507984.403,3881325.874,0.130,2.085850,route_tangent,588,0.448,5.000,593,507982.302,3881330.490,-0.087885,0.025088,0.025450,2.7778,TRACKING
31.536997,129.087578333333,35.074657666667,507984.403,3881325.874,0.130,2.085850,route_tangent,588,0.448,5.000,593,507982.302,3881330.490,-0.087885,0.025088,0.025305,2.7778,TRACKING
31.586967,129.087578333333,35.074657666667,507984.403,3881325.874,0.130,2.085850,route_tangent,588,0.448,5.000,593,507982.302,3881330.490,-0.087885,0.025088,0.025218,2.7778,TRACKING
31.636960,129.087578333333,35.074657666667,507984.403,3881325.874,0.130,2.085850,route_tangent,588,0.448,5.000,593,507982.302,3881330.490,-0.087885,0.025088,0.025166,2.7778,TRACKING
31.686955,129.087578333333,35.074657666667,507984.403,3881325.874,0.130,2.085850,route_tangent,588,0.448,5.000,593,507982.302,3881330.490,-0.087885,0.025088,0.025135,2.7778,TRACKING
31.737018,129.087578333333,35.074657333333,507984.403,3881325.837,0.126,2.085850,route_tangent,588,0.471,5.000,593,507982.302,3881330.490,-0.090879,0.025769,0.025388,2.7778,TRACKING
31.786848,129.087578333333,35.074657333333,507984.403,3881325.837,0.126,2.085850,route_tangent,588,0.471,5.000,593,507982.302,3881330.490,-0.090879,0.025769,0.025540,2.7778,TRACKING
31.837110,129.087578333333,35.074657333333,507984.403,3881325.837,0.126,2.085850,route_tangent,588,0.471,5.000,593,507982.302,3881330.490,-0.090879,0.025769,0.025632,2.7778,TRACKING
31.886946,129.087578333333,35.074657333333,507984.403,3881325.837,0.126,2.085850,route_tangent,588,0.471,5.000,593,507982.302,3881330.490,-0.090879,0.025769,0.025687,2.7778,TRACKING
31.936966,129.087578333333,35.074657333333,507984.403,3881325.837,0.126,2.085850,route_tangent,588,0.471,5.000,593,507982.302,3881330.490,-0.090879,0.025769,0.025719,2.7778,TRACKING
31.986836,129.087578500000,35.074657666667,507984.419,3881325.874,0.126,2.085850,route_tangent,588,0.436,5.000,593,507982.302,3881330.490,-0.085161,0.024282,0.025145,2.7778,TRACKING
32.037015,129.087578500000,35.074657666667,507984.419,3881325.874,0.126,2.085850,route_tangent,588,0.436,5.000,593,507982.302,3881330.490,-0.085161,0.024282,0.024800,2.7778,TRACKING
32.087538,129.087578500000,35.074657666667,507984.419,3881325.874,0.126,2.085850,route_tangent,588,0.436,5.000,593,507982.302,3881330.490,-0.085161,0.024282,0.024593,2.7778,TRACKING
32.136806,129.087578500000,35.074657666667,507984.419,3881325.874,0.126,2.085850,route_tangent,588,0.436,5.000,593,507982.302,3881330.490,-0.085161,0.024282,0.024468,2.7778,TRACKING
32.186805,129.087578500000,35.074657666667,507984.419,3881325.874,0.126,2.085850,route_tangent,588,0.436,5.000,593,507982.302,3881330.490,-0.085161,0.024282,0.024394,2.7778,TRACKING
32.236851,129.087578666667,35.074657666667,507984.434,3881325.874,0.126,2.085850,route_tangent,588,0.424,5.000,593,507982.302,3881330.490,-0.082443,0.023480,0.024028,2.7778,TRACKING
32.286828,129.087578666667,35.074657666667,507984.434,3881325.874,0.126,2.085850,route_tangent,588,0.424,5.000,593,507982.302,3881330.490,-0.082443,0.023480,0.023809,2.7778,TRACKING
32.336857,129.087578666667,35.074657666667,507984.434,3881325.874,0.126,2.085850,route_tangent,588,0.424,5.000,593,507982.302,3881330.490,-0.082443,0.023480,0.023677,2.7778,TRACKING
32.386984,129.087578666667,35.074657666667,507984.434,3881325.874,0.126,2.085850,route_tangent,588,0.424,5.000,593,507982.302,3881330.490,-0.082443,0.023480,0.023598,2.7778,TRACKING
32.436812,129.087578666667,35.074657666667,507984.434,3881325.874,0.126,2.085850,route_tangent,588,0.424,5.000,593,507982.302,3881330.490,-0.082443,0.023480,0.023551,2.7778,TRACKING
32.486961,129.087578833333,35.074657666667,507984.449,3881325.874,0.126,2.085850,route_tangent,588,0.412,5.000,593,507982.302,3881330.490,-0.079732,0.022682,0.023203,2.7778,TRACKING
32.536792,129.087578833333,35.074657666667,507984.449,3881325.874,0.126,2.085850,route_tangent,588,0.412,5.000,593,507982.302,3881330.490,-0.079732,0.022682,0.022995,2.7778,TRACKING
32.586845,129.087578833333,35.074657666667,507984.449,3881325.874,0.126,2.085850,route_tangent,588,0.412,5.000,593,507982.302,3881330.490,-0.079732,0.022682,0.022869,2.7778,TRACKING
32.636807,129.087578833333,35.074657666667,507984.449,3881325.874,0.126,2.085850,route_tangent,588,0.412,5.000,593,507982.302,3881330.490,-0.079732,0.022682,0.022794,2.7778,TRACKING
32.686803,129.087578833333,35.074657666667,507984.449,3881325.874,0.126,2.085850,route_tangent,588,0.412,5.000,593,507982.302,3881330.490,-0.079732,0.022682,0.022749,2.7778,TRACKING
32.736981,129.087579000000,35.074657666667,507984.464,3881325.874,0.112,2.085850,route_tangent,588,0.401,5.000,593,507982.302,3881330.490,-0.077028,0.021887,0.022404,2.7778,TRACKING
32.786873,129.087579000000,35.074657666667,507984.464,3881325.874,0.112,2.085850,route_tangent,588,0.401,5.000,593,507982.302,3881330.490,-0.077028,0.021887,0.022197,2.7778,TRACKING
32.836965,129.087579000000,35.074657666667,507984.464,3881325.874,0.112,2.085850,route_tangent,588,0.401,5.000,593,507982.302,3881330.490,-0.077028,0.021887,0.022073,2.7778,TRACKING
32.886827,129.087579000000,35.074657666667,507984.464,3881325.874,0.112,2.085850,route_tangent,588,0.401,5.000,593,507982.302,3881330.490,-0.077028,0.021887,0.021998,2.7778,TRACKING
32.936880,129.087579000000,35.074657666667,507984.464,3881325.874,0.112,2.085850,route_tangent,588,0.401,5.000,593,507982.302,3881330.490,-0.077028,0.021887,0.021954,2.7778,TRACKING
32.986778,129.087578833333,35.074658166667,507984.449,3881325.929,0.108,2.085850,route_tangent,588,0.379,5.000,593,507982.302,3881330.490,-0.075102,0.021580,0.021804,2.7778,TRACKING
33.036861,129.087578833333,35.074658166667,507984.449,3881325.929,0.108,2.085850,route_tangent,588,0.379,5.000,593,507982.302,3881330.490,-0.075102,0.021580,0.021715,2.7778,TRACKING
33.087289,129.087578833333,35.074658166667,507984.449,3881325.929,0.108,2.085850,route_tangent,588,0.379,5.000,593,507982.302,3881330.490,-0.075102,0.021580,0.021661,2.7778,TRACKING
33.137199,129.087578833333,35.074658166667,507984.449,3881325.929,0.108,2.085850,route_tangent,588,0.379,5.000,593,507982.302,3881330.490,-0.075102,0.021580,0.021629,2.7778,TRACKING
33.186804,129.087578833333,35.074658166667,507984.449,3881325.929,0.108,2.085850,route_tangent,588,0.379,5.000,593,507982.302,3881330.490,-0.075102,0.021580,0.021609,2.7778,TRACKING
33.237192,129.087578833333,35.074658333333,507984.449,3881325.948,0.109,2.085850,route_tangent,588,0.369,5.000,593,507982.302,3881330.490,-0.073538,0.021202,0.021446,2.7778,TRACKING
33.286814,129.087578833333,35.074658333333,507984.449,3881325.948,0.109,2.085850,route_tangent,588,0.369,5.000,593,507982.302,3881330.490,-0.073538,0.021202,0.021349,2.7778,TRACKING
33.336832,129.087578833333,35.074658333333,507984.449,3881325.948,0.109,2.085850,route_tangent,588,0.369,5.000,593,507982.302,3881330.490,-0.073538,0.021202,0.021290,2.7778,TRACKING
33.386814,129.087578833333,35.074658333333,507984.449,3881325.948,0.109,2.085850,route_tangent,588,0.369,5.000,593,507982.302,3881330.490,-0.073538,0.021202,0.021255,2.7778,TRACKING
33.436814,129.087578833333,35.074658333333,507984.449,3881325.948,0.109,2.085850,route_tangent,588,0.369,5.000,593,507982.302,3881330.490,-0.073538,0.021202,0.021234,2.7778,TRACKING
33.486822,129.087579000000,35.074658500000,507984.464,3881325.966,0.108,2.085850,route_tangent,588,0.347,5.000,593,507982.302,3881330.490,-0.069225,0.020001,0.020741,2.7778,TRACKING
33.536857,129.087579000000,35.074658500000,507984.464,3881325.966,0.108,2.085850,route_tangent,588,0.347,5.000,593,507982.302,3881330.490,-0.069225,0.020001,0.020445,2.7778,TRACKING
33.586817,129.087579000000,35.074658500000,507984.464,3881325.966,0.108,2.085850,route_tangent,588,0.347,5.000,593,507982.302,3881330.490,-0.069225,0.020001,0.020268,2.7778,TRACKING
33.636849,129.087579000000,35.074658500000,507984.464,3881325.966,0.108,2.085850,route_tangent,588,0.347,5.000,593,507982.302,3881330.490,-0.069225,0.020001,0.020161,2.7778,TRACKING
33.686829,129.087579000000,35.074658500000,507984.464,3881325.966,0.108,2.085850,route_tangent,588,0.347,5.000,593,507982.302,3881330.490,-0.069225,0.020001,0.020097,2.7778,TRACKING
33.737011,129.087579000000,35.074658666667,507984.464,3881325.985,0.104,2.085850,route_tangent,588,0.338,5.000,594,507981.810,3881331.360,-0.056360,0.013623,0.017508,2.7778,TRACKING
33.786952,129.087579000000,35.074658666667,507984.464,3881325.985,0.104,2.085850,route_tangent,588,0.338,5.000,594,507981.810,3881331.360,-0.056360,0.013623,0.015954,2.7778,TRACKING
33.837046,129.087579000000,35.074658666667,507984.464,3881325.985,0.104,2.085850,route_tangent,588,0.338,5.000,594,507981.810,3881331.360,-0.056360,0.013623,0.015022,2.7778,TRACKING
33.886826,129.087579000000,35.074658666667,507984.464,3881325.985,0.104,2.085850,route_tangent,588,0.338,5.000,594,507981.810,3881331.360,-0.056360,0.013623,0.014462,2.7778,TRACKING
33.936884,129.087579000000,35.074658666667,507984.464,3881325.985,0.104,2.085850,route_tangent,588,0.338,5.000,594,507981.810,3881331.360,-0.056360,0.013623,0.014127,2.7778,TRACKING
33.986971,129.087579000000,35.074658833333,507984.464,3881326.003,0.102,2.085850,route_tangent,588,0.330,5.000,594,507981.810,3881331.360,-0.054993,0.013330,0.013808,2.7778,TRACKING
34.036861,129.087579000000,35.074658833333,507984.464,3881326.003,0.102,2.085850,route_tangent,588,0.330,5.000,594,507981.810,3881331.360,-0.054993,0.013330,0.013617,2.7778,TRACKING
34.086827,129.087579000000,35.074658833333,507984.464,3881326.003,0.102,2.085850,route_tangent,588,0.330,5.000,594,507981.810,3881331.360,-0.054993,0.013330,0.013502,2.7778,TRACKING
34.136835,129.087579000000,35.074658833333,507984.464,3881326.003,0.102,2.085850,route_tangent,588,0.330,5.000,594,507981.810,3881331.360,-0.054993,0.013330,0.013433,2.7778,TRACKING
34.186694,129.087579000000,35.074658833333,507984.464,3881326.003,0.100,2.085850,route_tangent,588,0.330,5.000,594,507981.810,3881331.360,-0.054993,0.013330,0.013392,2.7778,TRACKING
34.236852,129.087579000000,35.074658833333,507984.464,3881326.003,0.100,2.085850,route_tangent,588,0.330,5.000,594,507981.810,3881331.360,-0.054993,0.013330,0.013367,2.7778,TRACKING
34.286835,129.087579000000,35.074658833333,507984.464,3881326.003,0.100,2.085850,route_tangent,588,0.330,5.000,594,507981.810,3881331.360,-0.054993,0.013330,0.013352,2.7778,TRACKING
34.337091,129.087579000000,35.074658833333,507984.464,3881326.003,0.100,2.085850,route_tangent,588,0.330,5.000,594,507981.810,3881331.360,-0.054993,0.013330,0.013344,2.7778,TRACKING
34.386895,129.087579000000,35.074658833333,507984.464,3881326.003,0.100,2.085850,route_tangent,588,0.330,5.000,594,507981.810,3881331.360,-0.054993,0.013330,0.013338,2.7778,TRACKING
34.436945,129.087579000000,35.074658833333,507984.464,3881326.003,0.100,2.085850,route_tangent,588,0.330,5.000,594,507981.810,3881331.360,-0.054993,0.013330,0.013335,2.7778,TRACKING
34.486775,129.087579000000,35.074659000000,507984.464,3881326.021,0.095,2.085850,route_tangent,588,0.323,5.000,594,507981.810,3881331.360,-0.053619,0.013034,0.013214,2.7778,TRACKING
34.537171,129.087579000000,35.074659000000,507984.464,3881326.021,0.095,2.085850,route_tangent,588,0.323,5.000,594,507981.810,3881331.360,-0.053619,0.013034,0.013142,2.7778,TRACKING
34.586822,129.087579000000,35.074659000000,507984.464,3881326.021,0.095,2.085850,route_tangent,588,0.323,5.000,594,507981.810,3881331.360,-0.053619,0.013034,0.013099,2.7778,TRACKING
34.636853,129.087579000000,35.074659000000,507984.464,3881326.021,0.095,2.085850,route_tangent,588,0.323,5.000,594,507981.810,3881331.360,-0.053619,0.013034,0.013073,2.7778,TRACKING
34.686775,129.087579000000,35.074659333333,507984.464,3881326.058,0.094,2.085850,route_tangent,588,0.311,5.000,594,507981.810,3881331.360,-0.050848,0.012430,0.012815,2.7778,TRACKING
34.736821,129.087579000000,35.074659333333,507984.464,3881326.058,0.094,2.085850,route_tangent,588,0.311,5.000,594,507981.810,3881331.360,-0.050848,0.012430,0.012661,2.7778,TRACKING
34.786797,129.087579000000,35.074659333333,507984.464,3881326.058,0.094,2.085850,route_tangent,588,0.311,5.000,594,507981.810,3881331.360,-0.050848,0.012430,0.012569,2.7778,TRACKING
34.837054,129.087579000000,35.074659333333,507984.464,3881326.058,0.094,2.085850,route_tangent,588,0.311,5.000,594,507981.810,3881331.360,-0.050848,0.012430,0.012513,2.7778,TRACKING
34.886844,129.087579000000,35.074659333333,507984.464,3881326.058,0.094,2.085850,route_tangent,588,0.311,5.000,594,507981.810,3881331.360,-0.050848,0.012430,0.012480,2.7778,TRACKING
34.936636,129.087579000000,35.074659333333,507984.464,3881326.058,0.093,2.085850,route_tangent,588,0.311,5.000,594,507981.810,3881331.360,-0.050848,0.012430,0.012460,2.7778,TRACKING
34.986809,129.087579000000,35.074659500000,507984.464,3881326.077,0.093,2.085850,route_tangent,588,0.307,5.000,594,507981.810,3881331.360,-0.049451,0.012122,0.012325,2.7778,TRACKING
