longitude,latitude,target_speed
129.0883468336,35.0744531666,2.7778
129.0883543329,35.0744603335,2.7778
129.0883649998,35.0744653331,2.7778
129.0883753333,35.0744703338,2.7778
129.0883863333,35.0744750003,2.7778
129.0883961662,35.0744796668,2.7778
129.0884059997,35.0744838329,2.7778
129.0884166663,35.0744884997,2.7778
129.0884276668,35.0744936667,2.7778
129.0884383330,35.0744979999,2.7778
129.0884491665,35.0745028334,2.7778
129.0884598334,35.0745078329,2.7778
129.0884710005,35.0745128330,2.7778
129.0884806667,35.0745174996,2.7778
129.0884903330,35.0745221663,2.7778
129.0885001668,35.0745266669,2.7778
129.0885098331,35.0745313335,2.7778
129.0885198337,35.0745358330,2.7778
129.0885296666,35.0745404996,2.7778
129.0885399996,35.0745449998,2.7778
129.0885499996,35.0745499998,2.7778
129.0885598339,35.0745548331,2.7778
129.0885703335,35.0745593332,2.7778
129.0885799998,35.0745639998,2.7778
129.0885904996,35.0745686667,2.7778
129.0886001670,35.0745733334,2.7778
129.0886105003,35.0745781663,2.7778
129.0886214999,35.0745835001,2.7778
129.0886314998,35.0745883333,2.7778
129.0886416666,35.0745933332,2.7778
129.0886521668,35.0745973338,2.7778
129.0886623331,35.0746008332,2.7778
129.0886731670,35.0746030002,2.7778
129.0886841664,35.0746030003,2.7778
129.0886951667,35.0746008335,2.7778
129.0887051669,35.0745968333,2.7778
129.0887133335,35.0745901662,2.7778
129.0887191666,35.0745820004,2.7778
129.0887244998,35.0745731667,2.7778
129.0887303335,35.0745645004,2.7778
129.0887353335,35.0745558329,2.7778
129.0887413333,35.0745466669,2.7778
129.0887468329,35.0745375004,2.7778
129.0887501672,35.0745281668,2.7778
129.0887491669,35.0745191664,2.7778
129.0887460002,35.0745099999,2.7778
129.0887393336,35.0745020001,2.7778
129.0887303334,35.0744954998,2.7778
129.0887193328,35.0744903337,2.7778
129.0887078332,35.0744851671,2.7778
129.0886968335,35.0744788333,2.7778
129.0886868330,35.0744713336,2.7778
129.0886803336,35.0744618332,2.7778
129.0886788333,35.0744508332,2.7778
129.0886823337,35.0744399999,2.7778
129.0886878328,35.0744303329,2.7778
129.0886940003,35.0744210000,2.7778
129.0886998335,35.0744130001,2.7778
129.0887066662,35.0744031671,2.7778
129.0887131662,35.0743939998,2.7778
129.0887188338,35.0743850000,2.7778
129.0887245003,35.0743760002,2.7778
129.0887279996,35.0743661669,2.7778
129.0887286665,35.0743560003,2.7778
129.0887253336,35.0743463334,2.7778
129.0887193334,35.0743378336,2.7778
129.0887121668,35.0743300001,2.7778
129.0887025002,35.0743239998,2.7778
129.0886913333,35.0743181665,2.7778
129.0886800002,35.0743128330,2.7778
129.0886683335,35.0743073337,2.7778
129.0886583339,35.0743026664,2.7778
129.0886468328,35.0742971671,2.7778
129.0886371670,35.0742928332,2.7778
129.0886251672,35.0742876669,2.7778
129.0886130003,35.0742831662,2.7778
129.0886006671,35.0742800002,2.7778
129.0885883329,35.0742770002,2.7778
129.0885760002,35.0742733337,2.7778
129.0885633333,35.0742690002,2.7778
129.0885516663,35.0742641664,2.7778
129.0885408338,35.0742591670,2.7778
129.0885303328,35.0742545001,2.7778
