fid,index,ros_time_sec,latitude,longitude,altitude_m,utm_easting_m,utm_northing_m,utm_zone,fix_status,covariance_x_m2,covariance_y_m2,target_speed
1,0,1789483692.33747,35.0744531667,129.0883468333,9.3,508054.4867,3881303.2568,52N,2,0.8372,0.8372,1
2,1,1789483732.59357,35.0744603333,129.0883543333,9.4,508055.1697,3881304.0522,52N,2,0.8372,0.8372,1
3,2,1789483734.33895,35.0744653333,129.088365,9.4,508056.1417,3881304.6075,52N,2,0.8372,0.8372,1
4,3,1789483736.10514,35.0744703333,129.0883753333,9.4,508057.0833,3881305.1629,52N,2,0.8372,0.8372,1
5,4,1789483737.83799,35.074475,129.0883863333,9.4,508058.0857,3881305.6813,52N,2,0.8372,0.8372,1
6,5,1789483739.33514,35.0744796667,129.0883961667,9.4,508058.9817,3881306.1996,52N,2,0.8372,0.8372,1
7,6,1789483740.8412,35.0744838333,129.088406,9.4,508059.8778,3881306.6624,52N,2,0.8372,0.8372,1
8,7,1789483742.34495,35.0744885,129.0884166667,9.4,508060.8498,3881307.1808,52N,2,0.8372,0.8372,1
9,8,1789483743.83954,35.0744936667,129.0884276667,9.4,508061.8522,3881307.7547,52N,2,0.8372,0.8372,1
10,9,1789483745.34133,35.074498,129.0884383333,9.4,508062.8242,3881308.2361,52N,2,0.8372,0.8372,1
11,10,1789483746.84678,35.0745028333,129.0884491667,9.4,508063.8114,3881308.773,52N,2,0.8372,0.8372,1
12,11,1789483748.33684,35.0745078333,129.0884598333,9.4,508064.7834,3881309.3283,52N,2,0.8372,0.8372,1
13,12,1789483749.83982,35.0745128333,129.088471,9.4,508065.801,3881309.8837,52N,2,0.8372,0.8372,1
14,13,1789483751.09839,35.0745175,129.0884806667,9.4,508066.6818,3881310.402,52N,2,0.8372,0.8372,1
15,14,1789483752.33815,35.0745221667,129.0884903333,9.4,508067.5626,3881310.9203,52N,2,0.8372,0.8372,1
16,15,1789483753.59334,35.0745266667,129.0885001667,9.4,508068.4587,3881311.4202,52N,2,0.8372,0.8372,1
17,16,1789483754.83938,35.0745313333,129.0885098333,9.4,508069.3395,3881311.9385,52N,2,0.8372,0.8372,1
18,17,1789483756.09909,35.0745358333,129.0885198333,9.4,508070.2508,3881312.4383,52N,2,0.8372,0.8372,1
19,18,1789483757.33371,35.0745405,129.0885296667,9.4,508071.1468,3881312.9566,52N,2,0.8372,0.8372,1
20,19,1789483758.58745,35.074545,129.08854,9.4,508072.0884,3881313.4565,52N,2,0.8372,0.8372,1
21,20,1789483759.83836,35.07455,129.08855,9.4,508072.9996,3881314.0118,52N,2,0.8372,0.8372,1
22,21,1789483761.09853,35.0745548333,129.0885598333,9.4,508073.8957,3881314.5486,52N,2,0.8372,0.8372,1
23,22,1789483762.33986,35.0745593333,129.0885703333,9.4,508074.8525,3881315.0485,52N,2,0.8372,0.8372,1
24,23,1789483763.58593,35.074564,129.08858,9.4,508075.7333,3881315.5668,52N,2,0.8372,0.8372,1
25,24,1789483764.85392,35.0745686667,129.0885905,9.4,508076.6901,3881316.0852,52N,2,0.8372,0.8372,1
26,25,1789483766.102,35.0745733333,129.0886001667,9.3,508077.571,3881316.6035,52N,2,0.8372,0.8372,1
27,26,1789483767.33814,35.0745781667,129.0886105,9.3,508078.5126,3881317.1403,52N,2,0.8372,0.8372,1
28,27,1789483768.58853,35.0745835,129.0886215,9.3,508079.5149,3881317.7327,52N,2,0.8372,0.8372,1
29,28,1789483769.83815,35.0745883333,129.0886315,9.3,508080.4261,3881318.2695,52N,2,0.8372,0.8372,1
30,29,1789483771.09585,35.0745933333,129.0886416667,9.3,508081.3525,3881318.8248,52N,2,0.8372,0.8372,1
31,30,1789483772.3453,35.0745973333,129.0886521667,9.3,508082.3094,3881319.2693,52N,2,0.8372,0.8372,1
32,31,1789483773.59427,35.0746008333,129.0886623333,9.3,508083.2359,3881319.6582,52N,2,0.8372,0.8372,1
33,32,1789483774.84813,35.074603,129.0886731667,9.2,508084.2234,3881319.8994,52N,2,0.8372,0.8372,1
34,33,1789483776.11255,35.074603,129.0886841667,9.2,508085.2262,3881319.9003,52N,2,0.8372,0.8372,1
35,34,1789483777.34249,35.0746008333,129.0886951667,9.2,508086.2293,3881319.6609,52N,2,0.8372,0.8372,1
36,35,1789483778.59257,35.0745968333,129.0887051667,9.2,508087.1414,3881319.2181,52N,2,0.8372,0.8372,1
37,36,1789483779.83759,35.0745901667,129.0887133333,9.2,508087.8866,3881318.4794,52N,2,0.8372,0.8372,1
38,37,1789483781.10031,35.074582,129.0887191667,9.2,508088.4192,3881317.5743,52N,2,0.8372,0.8372,1
39,38,1789483782.34941,35.0745731667,129.0887245,9.3,508088.9063,3881316.5951,52N,2,0.8372,0.8372,1
40,39,1789483783.60416,35.0745645,129.0887303333,9.4,508089.439,3881315.6345,52N,2,0.8372,0.8372,1
41,40,1789483784.85449,35.0745558333,129.0887353333,9.4,508089.8957,3881314.6737,52N,2,0.8372,0.8372,1
42,41,1789483786.09615,35.0745466667,129.0887413333,9.5,508090.4436,3881313.6577,52N,2,0.8372,0.8372,1
43,42,1789483787.3463,35.0745375,129.0887468333,9.5,508090.9459,3881312.6416,52N,2,0.8372,0.8372,1
44,43,1789483788.59449,35.0745281667,129.0887501667,9.6,508091.2508,3881311.6068,52N,2,0.8372,0.8372,1
45,44,1789483789.847,35.0745191667,129.0887491667,9.6,508091.1605,3881310.6086,52N,2,0.8372,0.8372,1
46,45,1789483791.10577,35.07451,129.088746,9.6,508090.8727,3881309.5918,52N,2,0.8372,0.8372,1
47,46,1789483792.34284,35.074502,129.0887393333,9.7,508090.2657,3881308.7041,52N,2,0.8372,0.8372,1
48,47,1789483793.59194,35.0744955,129.0887303333,9.7,508089.4458,3881307.9825,52N,2,0.8372,0.8372,1
49,48,1789483794.85829,35.0744903333,129.0887193333,9.7,508088.4434,3881307.4087,52N,2,0.8372,0.8372,1
50,49,1789483796.10655,35.0744851667,129.0887078333,9.6,508087.3955,3881306.8348,52N,2,0.8372,0.8372,1
51,50,1789483797.34571,35.0744788333,129.0886968333,9.6,508086.3933,3881306.1315,52N,2,0.8372,0.8372,1
52,51,1789483798.59844,35.0744713333,129.0886868333,9.6,508085.4823,3881305.299,52N,2,0.8372,0.8372,1
53,52,1789483799.85472,35.0744618333,129.0886803333,9.7,508084.8907,3881304.2449,52N,2,0.8372,0.8372,1
54,53,1789483801.10537,35.0744508333,129.0886788333,9.7,508084.755,3881303.0249,52N,2,0.8372,0.8372,1
55,54,1789483802.35217,35.07444,129.0886823333,9.6,508085.0752,3881301.8238,52N,2,0.8372,0.8372,1
56,55,1789483803.59874,35.0744303333,129.0886878333,9.6,508085.5775,3881300.7522,52N,2,0.8372,0.8372,1
57,56,1789483804.85643,35.074421,129.088694,9.7,508086.1407,3881299.7177,52N,2,0.8372,0.8372,1
58,57,1789483805.84964,35.074413,129.0886998333,9.7,508086.6733,3881298.831,52N,2,0.9801,0.9801,1
59,58,1789483807.1064,35.0744031667,129.0887066667,9.7,508087.2972,3881297.7411,52N,2,0.9801,0.9801,1
60,59,1789483808.35131,35.074394,129.0887131667,9.7,508087.8907,3881296.725,52N,2,0.9801,0.9801,1
61,60,1789483809.59804,35.074385,129.0887188333,9.7,508088.4083,3881295.7274,52N,2,0.9801,0.9801,1
62,61,1789483810.85455,35.074376,129.0887245,9.7,508088.9258,3881294.7298,52N,2,0.9801,0.9801,1
63,62,1789483812.12136,35.0743661667,129.088728,9.7,508089.2458,3881293.6396,52N,2,0.9801,0.9801,1
64,63,1789483813.35945,35.074356,129.0887286667,9.7,508089.3076,3881292.5122,52N,2,0.9801,0.9801,1
65,64,1789483814.60765,35.0743463333,129.0887253333,9.7,508089.0047,3881291.4399,52N,2,0.9801,0.9801,1
66,65,1789483815.85503,35.0743378333,129.0887193333,9.7,508088.4585,3881290.4968,52N,2,0.9801,0.9801,1
67,66,1789483817.1021,35.07433,129.0887121667,9.7,508087.8059,3881289.6275,52N,2,0.9801,0.9801,1
68,67,1789483818.34965,35.074324,129.0887025,9.6,508086.9252,3881288.9613,52N,2,0.9801,0.9801,1
69,68,1789483819.59204,35.0743181667,129.0886913333,9.6,508085.9077,3881288.3135,52N,2,0.9801,0.9801,1
70,69,1789483820.85741,35.0743128333,129.08868,9.6,508084.875,3881287.7211,52N,2,1.01,1.01,1
71,70,1789483822.1063,35.0743073333,129.0886683333,9.6,508083.8119,3881287.1103,52N,2,1.0404,1.0404,1
72,71,1789483823.1156,35.0743026667,129.0886583333,9.5,508082.9007,3881286.5919,52N,2,0.8649,0.8649,1
73,72,1789483824.3459,35.0742971667,129.0886468333,9.5,508081.8527,3881285.9811,52N,2,0.8649,0.8649,1
74,73,1789483825.36086,35.0742928333,129.0886371667,9.5,508080.9719,3881285.4997,52N,2,0.8372,0.8372,1
75,74,1789483826.58715,35.0742876667,129.0886251667,9.5,508079.8784,3881284.9258,52N,2,0.9216,0.9216,1
76,75,1789483827.86041,35.0742831667,129.088613,9.5,508078.7696,3881284.4257,52N,2,0.8649,0.8649,1
77,76,1789483829.1082,35.07428,129.0886006667,9.5,508077.6455,3881284.0736,52N,2,1.0712,1.0712,1
78,77,1789483830.35371,35.074277,129.0885883333,9.5,508076.5213,3881283.7399,52N,2,0.9801,0.9801,1
79,78,1789483831.60294,35.0742733333,129.088576,9.6,508075.3973,3881283.3323,52N,2,1.0404,1.0404,1
80,79,1789483832.86186,35.074269,129.0885633333,9.6,508074.2429,3881282.8507,52N,2,0.9801,0.9801,1
81,80,1789483834.12598,35.0742641667,129.0885516667,9.6,508073.1797,3881282.3137,52N,2,1.0404,1.0404,1
82,81,1789483835.34992,35.0742591667,129.0885408333,9.6,508072.1926,3881281.7584,52N,2,0.9801,0.9801,1
83,82,1789483836.59954,35.0742545,129.0885303333,9.5,508071.2357,3881281.24,52N,2,0.9801,0.9801,1
84,300,,,,,508087.118492792,3881307.05212461,,,,,
85,301,,,,,508087.328426352,3881307.77436972,,,,,
86,302,,,,,508087.16391979,3881308.58945046,,,,,
87,303,,,,,508087.11785041,3881307.77418238,,,,,
88,304,,,,,508086.44015674,3881306.8418913,,,,,
89,305,,,,,508085.949330798,3881306.25914951,,,,,
90,307,,,,,508087.003520386,3881297.15994923,,,,,
91,308,,,,,508086.22619813,3881297.15925772,,,,,
92,309,,,,,508085.633821493,3881297.30612694,,,,,
93,310,,,,,508084.967250318,3881297.63717538,,,,,
94,311,,,,,508084.578261484,3881298.00531975,,,,,
95,312,,,,,508085.485448739,3881297.6560608,,,,,
96,313,,,,,508086.355473212,3881297.47258953,,,,,
97,314,,,,,508087.4479832,3881296.84712783,,,,,
98,315,,,,,508088.003737982,3881296.25803767,,,,,
