index,distance_m,latitude,longitude,utm_easting_m,utm_northing_m,utm_zone,target_speed
0,0,35.0743118000,129.0858552000,507827.3406,3881287.3811,52N,0.550
1,1,35.0743153870,129.0858652635,507828.2577,3881287.7797,52N,0.550
2,2,35.0743188898,129.0858753707,507829.1788,3881288.1690,52N,0.550
3,3,35.0743223924,129.0858854781,507830.1000,3881288.5582,52N,0.550
4,4,35.0743258949,129.0858955854,507831.0211,3881288.9474,52N,0.550
5,5,35.0743293975,129.0859056928,507831.9423,3881289.3366,52N,0.550
6,6,35.0743332138,129.0859156307,507832.8479,3881289.7606,52N,0.550
7,7,35.0743375278,129.0859252626,507833.7256,3881290.2398,52N,0.550
8,8,35.0743418075,129.0859349172,507834.6054,3881290.7152,52N,0.550
9,9,35.0743460442,129.0859445997,507835.4878,3881291.1858,52N,0.550
10,10,35.0743503242,129.0859542541,507836.3676,3881291.6612,52N,0.550
11,11,35.0743546365,129.0859638872,507837.2454,3881292.1401,52N,0.550
12,12,35.0743587245,129.0859736638,507838.1363,3881292.5943,52N,0.550
13,13,35.0743625390,129.0859836027,507839.0421,3881293.0181,52N,0.550
14,14,35.0743663227,129.0859935591,507839.9494,3881293.4385,52N,0.550
15,15,35.0743701375,129.0860034978,507840.8552,3881293.8623,52N,0.550
16,16,35.0743739504,129.0860134376,507841.7610,3881294.2859,52N,0.550
17,17,35.0743776204,129.0860234567,507842.6741,3881294.6937,52N,0.550
18,18,35.0743812372,129.0860335044,507843.5898,3881295.0956,52N,0.550
19,19,35.0743848244,129.0860435677,507844.5069,3881295.4942,52N,0.550
20,20,35.0743884402,129.0860536159,507845.4226,3881295.8960,52N,0.550
21,21,35.0743919427,129.0860637233,507846.3438,3881296.2852,52N,0.550
22,22,35.0743954464,129.0860738301,507847.2649,3881296.6745,52N,0.550
23,23,35.0743990326,129.0860838940,507848.1820,3881297.0730,52N,0.550
24,24,35.0744025282,129.0860940049,507849.1035,3881297.4615,52N,0.550
25,25,35.0744053273,129.0861044317,507850.0538,3881297.7727,52N,0.550
26,26,35.0744075346,129.0861150667,507851.0232,3881298.0183,52N,0.550
27,27,35.0744097397,129.0861257023,507851.9926,3881298.2637,52N,0.550
28,28,35.0744118290,129.0861363725,507852.9652,3881298.4962,52N,0.550
29,29,35.0744136082,129.0861471255,507853.9454,3881298.6944,52N,0.550
30,30,35.0744140050,129.0861580835,507854.9444,3881298.7393,52N,0.550
31,31,35.0744143089,129.0861690459,507855.9438,3881298.7738,52N,0.550
32,32,35.0744147056,129.0861800039,507856.9428,3881298.8187,52N,0.550
33,33,35.0744150000,129.0861909667,507857.9422,3881298.8522,52N,0.550
34,34,35.0744150000,129.0862019353,507858.9422,3881298.8531,52N,0.550
35,35,35.0744150000,129.0862129040,507859.9422,3881298.8539,52N,0.550
36,36,35.0744150000,129.0862238726,507860.9422,3881298.8548,52N,0.550
37,37,35.0744149956,129.0862348412,507861.9422,3881298.8552,52N,0.550
38,38,35.0744147888,129.0862458070,507862.9420,3881298.8331,52N,0.550
39,39,35.0744143879,129.0862567648,507863.9410,3881298.7895,52N,0.550
40,40,35.0744138885,129.0862677166,507864.9395,3881298.7350,52N,0.550
41,41,35.0744135075,129.0862786754,507865.9387,3881298.6936,52N,0.550
42,42,35.0744138066,129.0862896380,507866.9381,3881298.7276,52N,0.550
43,43,35.0744141109,129.0863006004,507867.9375,3881298.7622,52N,0.550
44,44,35.0744145189,129.0863115578,507868.9364,3881298.8083,52N,0.550
45,45,35.0744153182,129.0863224833,507869.9324,3881298.8978,52N,0.550
46,46,35.0744160234,129.0863334183,507870.9293,3881298.9769,52N,0.550
47,47,35.0744168380,129.0863443421,507871.9251,3881299.0681,52N,0.550
48,48,35.0744181239,129.0863551987,507872.9148,3881299.2116,52N,0.550
49,49,35.0744213125,129.0863654586,507873.8499,3881299.5660,52N,0.550
50,50,35.0744245299,129.0863757053,507874.7837,3881299.9236,52N,0.550
51,51,35.0744278088,129.0863859231,507875.7150,3881300.2880,52N,0.550
52,52,35.0744312363,129.0863960685,507876.6396,3881300.6689,52N,0.550
53,53,35.0744349372,129.0864060708,507877.5511,3881301.0801,52N,0.550
54,54,35.0744386349,129.0864160748,507878.4628,3881301.4910,52N,0.550
55,55,35.0744423170,129.0864260873,507879.3753,3881301.9001,52N,0.550
56,56,35.0744473978,129.0864351490,507880.2010,3881302.4643,52N,0.550
57,57,35.0744525182,129.0864441777,507881.0236,3881303.0328,52N,0.550
58,58,35.0744577006,129.0864531540,507881.8415,3881303.6083,52N,0.550
59,59,35.0744629561,129.0864620671,507882.6536,3881304.1918,52N,0.550
60,60,35.0744706489,129.0864677898,507883.1746,3881305.0454,52N,0.550
61,61,35.0744786132,129.0864729336,507883.6427,3881305.9290,52N,0.550
62,62,35.0744865649,129.0864781060,507884.1135,3881306.8112,52N,0.550
63,63,35.0744945228,129.0864832645,507884.5831,3881307.6941,52N,0.550
64,64,35.0745028705,129.0864874123,507884.9604,3881308.6202,52N,0.550
65,65,35.0745114940,129.0864906185,507885.2519,3881309.5768,52N,0.550
66,66,35.0745201263,129.0864937897,507885.5402,3881310.5343,52N,0.550
67,67,35.0745287705,129.0864969123,507885.8240,3881311.4932,52N,0.550
68,68,35.0745373755,129.0865001912,507886.1221,3881312.4477,52N,0.550
69,69,35.0745456948,129.0865044225,507886.5071,3881313.3707,52N,0.550
70,70,35.0745539300,129.0865088908,507886.9137,3881314.2843,52N,0.550
71,71,35.0745621495,129.0865134016,507887.3241,3881315.1962,52N,0.550
72,72,35.0745702819,129.0865181403,507887.7554,3881316.0984,52N,0.550
73,73,35.0745769091,129.0865255785,507888.4329,3881316.8339,52N,0.550
74,74,35.0745834918,129.0865330750,507889.1157,3881317.5645,52N,0.550
75,75,35.0745899995,129.0865406676,507889.8073,3881318.2868,52N,0.550
76,76,35.0745964765,129.0865482991,507890.5024,3881319.0057,52N,0.550
77,77,35.0746013807,129.0865575037,507891.3411,3881319.5503,52N,0.550
78,78,35.0746058920,129.0865670010,507892.2065,3881320.0514,52N,0.550
79,79,35.0746104947,129.0865764332,507893.0660,3881320.5625,52N,0.550
80,80,35.0746150226,129.0865859188,507893.9303,3881321.0654,52N,0.550
81,81,35.0746198362,129.0865951939,507894.7755,3881321.6000,52N,0.550
82,82,35.0746248373,129.0866043210,507895.6071,3881322.1553,52N,0.550
83,83,35.0746297465,129.0866135216,507896.4454,3881322.7004,52N,0.550
84,84,35.0746347135,129.0866226763,507897.2796,3881323.2520,52N,0.550
85,85,35.0746396165,129.0866318819,507898.1184,3881323.7965,52N,0.550
86,86,35.0746445134,129.0866410922,507898.9576,3881324.3402,52N,0.550
87,87,35.0746493518,129.0866503482,507899.8010,3881324.8775,52N,0.550
88,88,35.0746542975,129.0866595199,507900.6367,3881325.4267,52N,0.550
89,89,35.0746596500,129.0866683472,507901.4409,3881326.0210,52N,0.550
90,90,35.0746649849,129.0866771903,507902.2466,3881326.6133,52N,0.550
91,91,35.0746703731,129.0866859854,507903.0480,3881327.2116,52N,0.550
92,92,35.0746756197,129.0866949063,507903.8608,3881327.7941,52N,0.550
93,93,35.0746800123,129.0867044856,507904.7337,3881328.2820,52N,0.550
94,94,35.0746841021,129.0867142612,507905.6245,3881328.7363,52N,0.550
95,95,35.0746881951,129.0867240348,507906.5152,3881329.1910,52N,0.550
96,96,35.0746923457,129.0867337725,507907.4025,3881329.6521,52N,0.550
97,97,35.0746967367,129.0867433528,507908.2755,3881330.1398,52N,0.550
98,98,35.0747011277,129.0867529332,507909.1485,3881330.6275,52N,0.550
99,99,35.0747055221,129.0867625113,507910.0213,3881331.1156,52N,0.550
100,100,35.0747099369,129.0867720754,507910.8929,3881331.6059,52N,0.550
101,101,35.0747142047,129.0867817378,507911.7734,3881332.0800,52N,0.550
102,102,35.0747180649,129.0867916506,507912.6767,3881332.5089,52N,0.550
103,103,35.0747218879,129.0868015847,507913.5820,3881332.9336,52N,0.550
104,104,35.0747258150,129.0868114585,507914.4818,3881333.3699,52N,0.550
105,105,35.0747300508,129.0868211417,507915.3642,3881333.8404,52N,0.550
106,106,35.0747345927,129.0868306175,507916.2277,3881334.3448,52N,0.550
107,107,35.0747391614,129.0868400741,507917.0894,3881334.8523,52N,0.550
108,108,35.0747436709,129.0868495726,507917.9549,3881335.3531,52N,0.550
109,109,35.0747482327,129.0868590342,507918.8171,3881335.8597,52N,0.550
110,110,35.0747526552,129.0868685931,507919.6881,3881336.3510,52N,0.550
111,111,35.0747570384,129.0868781787,507920.5616,3881336.8378,52N,0.550
112,112,35.0747613526,129.0868878106,507921.4393,3881337.3170,52N,0.550
113,113,35.0747656752,129.0868974369,507922.3165,3881337.7971,52N,0.550
114,114,35.0747700581,129.0869070227,507923.1900,3881338.2839,52N,0.550
115,115,35.0747743891,129.0869166434,507924.0667,3881338.7650,52N,0.550
116,116,35.0747788820,129.0869261536,507924.9333,3881339.2640,52N,0.550
117,117,35.0747836121,129.0869354921,507925.7842,3881339.7893,52N,0.550
118,118,35.0747884067,129.0869447817,507926.6307,3881340.3218,52N,0.550
119,119,35.0747931938,129.0869540771,507927.4777,3881340.8534,52N,0.550
120,120,35.0747978602,129.0869634629,507928.3329,3881341.3716,52N,0.550
121,121,35.0748020623,129.0869731678,507929.2173,3881341.8384,52N,0.550
122,122,35.0748062731,129.0869828672,507930.1011,3881342.3061,52N,0.550
123,123,35.0748105447,129.0869925271,507930.9814,3881342.7806,52N,0.550
124,124,35.0748147910,129.0870022034,507931.8632,3881343.2523,52N,0.550
125,125,35.0748194154,129.0870116199,507932.7212,3881343.7659,52N,0.550
126,126,35.0748241461,129.0870209580,507933.5721,3881344.2912,52N,0.550
127,127,35.0748289326,129.0870302538,507934.4191,3881344.8228,52N,0.550
128,128,35.0748336507,129.0870396013,507935.2709,3881345.3468,52N,0.550
129,129,35.0748382694,129.0870490219,507936.1293,3881345.8597,52N,0.550
130,130,35.0748423502,129.0870588031,507937.0206,3881346.3130,52N,0.550
131,131,35.0748463694,129.0870686220,507937.9154,3881346.7595,52N,0.550
132,132,35.0748504630,129.0870783953,507938.8060,3881347.2143,52N,0.550
133,133,35.0748545464,129.0870881749,507939.6972,3881347.6679,52N,0.550
134,134,35.0748583111,129.0870981419,507940.6055,3881348.0862,52N,0.550
135,135,35.0748619246,129.0871081914,507941.5214,3881348.4877,52N,0.550
136,136,35.0748655151,129.0871182530,507942.4383,3881348.8867,52N,0.550
137,137,35.0748691286,129.0871283025,507943.3542,3881349.2882,52N,0.550
138,138,35.0748727059,129.0871383712,507944.2718,3881349.6858,52N,0.550
139,139,35.0748761852,129.0871484905,507945.1940,3881350.0724,52N,0.550
140,140,35.0748795009,129.0871586907,507946.1236,3881350.4409,52N,0.550
141,141,35.0748829144,129.0871688432,507947.0489,3881350.8203,52N,0.550
142,142,35.0748864201,129.0871789490,507947.9699,3881351.2099,52N,0.550
143,143,35.0748909062,129.0871884639,507948.8369,3881351.7081,52N,0.550
144,144,35.0748962578,129.0871972921,507949.6412,3881352.3023,52N,0.550
145,145,35.0749015868,129.0872061404,507950.4474,3881352.8940,52N,0.550
146,146,35.0749069194,129.0872149856,507951.2533,3881353.4861,52N,0.550
147,147,35.0749120887,129.0872239731,507952.0722,3881354.0600,52N,0.550
148,148,35.0749159035,129.0872339118,507952.9779,3881354.4839,52N,0.550
149,149,35.0749197296,129.0872438442,507953.8830,3881354.9090,52N,0.550
150,150,35.0749236110,129.0872537448,507954.7853,3881355.3402,52N,0.550
151,151,35.0749273986,129.0872636990,507955.6924,3881355.7610,52N,0.550
152,152,35.0749312135,129.0872736377,507956.5981,3881356.1849,52N,0.550
153,153,35.0749351255,129.0872835205,507957.4988,3881356.6195,52N,0.550
154,154,35.0749396996,129.0872929732,507958.3601,3881357.1275,52N,0.550
155,155,35.0749447200,129.0873020847,507959.1903,3881357.6850,52N,0.550
156,156,35.0749497899,129.0873111556,507960.0168,3881358.2480,52N,0.550
157,157,35.0749548005,129.0873202750,507960.8477,3881358.8044,52N,0.550
158,158,35.0749598210,129.0873293864,507961.6779,3881359.3618,52N,0.550
159,159,35.0749649351,129.0873384205,507962.5010,3881359.9297,52N,0.550
160,160,35.0749702884,129.0873472471,507963.3052,3881360.5241,52N,0.550
161,161,35.0749757706,129.0873559558,507964.0986,3881361.1327,52N,0.550
162,162,35.0749811792,129.0873647325,507964.8983,3881361.7332,52N,0.550
163,163,35.0749866760,129.0873734276,507965.6904,3881362.3435,52N,0.550
164,164,35.0749921640,129.0873821309,507966.4834,3881362.9528,52N,0.550
165,165,35.0749976068,129.0873908762,507967.2801,3881363.5571,52N,0.550
166,166,35.0750030587,129.0873996131,507968.0761,3881364.1624,52N,0.550
167,167,35.0750082341,129.0874085954,507968.8945,3881364.7371,52N,0.550
168,168,35.0750133461,129.0874176312,507969.7178,3881365.3047,52N,0.550
169,169,35.0750184308,129.0874266897,507970.5432,3881365.8693,52N,0.550
170,170,35.0750235429,129.0874357255,507971.3665,3881366.4369,52N,0.550
171,171,35.0750286276,129.0874447841,507972.1918,3881367.0016,52N,0.550
172,172,35.0750337297,129.0874538282,507973.0159,3881367.5681,52N,0.550
173,173,35.0750386127,129.0874630495,507973.8561,3881368.1103,52N,0.550
174,174,35.0750427307,129.0874728076,507974.7453,3881368.5678,52N,0.550
175,175,35.0750468205,129.0874825833,507975.6361,3881369.0221,52N,0.550
176,176,35.0750508985,129.0874923663,507976.5276,3881369.4751,52N,0.550
177,177,35.0750549206,129.0875021834,507977.4223,3881369.9220,52N,0.550
178,178,35.0750590611,129.0875119274,507978.3102,3881370.3819,52N,0.550
179,179,35.0750635565,129.0875214359,507979.1766,3881370.8812,52N,0.550
180,180,35.0750684172,129.0875306747,507980.0184,3881371.4210,52N,0.550
181,181,35.0750732543,129.0875399317,507980.8619,3881371.9582,52N,0.550
182,182,35.0750781150,129.0875491704,507981.7037,3881372.4979,52N,0.550
183,183,35.0750829411,129.0875584360,507982.5480,3881373.0339,52N,0.550
184,184,35.0750877525,129.0875677128,507983.3933,3881373.5682,52N,0.550
185,185,35.0750926389,129.0875769315,507984.2332,3881374.1108,52N,0.550
186,186,35.0750973725,129.0875862673,507985.0839,3881374.6365,52N,0.550
187,187,35.0751017689,129.0875958441,507985.9566,3881375.1248,52N,0.550
188,188,35.0751061895,129.0876054043,507986.8277,3881375.6158,52N,0.550
189,189,35.0751105805,129.0876149847,507987.7007,3881376.1036,52N,0.550
190,190,35.0751149769,129.0876245615,507988.5734,3881376.5919,52N,0.550
191,191,35.0751193975,129.0876341217,507989.4446,3881377.0829,52N,0.550
192,192,35.0751237590,129.0876437220,507990.3194,3881377.5673,52N,0.550
193,193,35.0751279435,129.0876534382,507991.2048,3881378.0322,52N,0.550
194,194,35.0751320385,129.0876632107,507992.0953,3881378.4871,52N,0.550
195,195,35.0751361564,129.0876729689,507992.9846,3881378.9445,52N,0.550
196,196,35.0751402515,129.0876827413,507993.8751,3881379.3994,52N,0.550
197,197,35.0751443821,129.0876924916,507994.7636,3881379.8583,52N,0.550
198,198,35.0751485259,129.0877022335,507995.6514,3881380.3186,52N,0.550
199,199,35.0751525051,129.0877120765,507996.5483,3881380.7607,52N,0.550
200,200,35.0751563333,129.0877220077,507997.4534,3881381.1860,52N,0.550
201,201,35.0751602169,129.0877319071,507998.3555,3881381.6175,52N,0.550
202,202,35.0751640400,129.0877418411,507999.2608,3881382.0423,52N,0.550
203,203,35.0751678972,129.0877517557,508000.1643,3881382.4708,52N,0.550
204,204,35.0751717748,129.0877616585,508001.0668,3881382.9016,52N,0.550
205,205,35.0751759770,129.0877713634,508001.9511,3881383.3684,52N,0.550
206,206,35.0751801791,129.0877810684,508002.8355,3881383.8352,52N,0.550
207,207,35.0751843812,129.0877907733,508003.7199,3881384.3020,52N,0.550
208,208,35.0751885834,129.0878004782,508004.6042,3881384.7688,52N,0.550
209,209,35.0751927855,129.0878101832,508005.4886,3881385.2356,52N,0.550
210,210,35.0751970061,129.0878198763,508006.3719,3881385.7044,52N,0.550
211,211,35.0752013831,129.0878294662,508007.2458,3881386.1906,52N,0.550
212,212,35.0752060749,129.0878388332,508008.0993,3881386.7116,52N,0.550
213,213,35.0752108095,129.0878481684,508008.9499,3881387.2374,52N,0.550
214,214,35.0752155860,129.0878574719,508009.7976,3881387.7679,52N,0.550
215,215,35.0752202778,129.0878668389,508010.6511,3881388.2889,52N,0.550
216,216,35.0752249939,129.0878761879,508011.5030,3881388.8127,52N,0.550
217,217,35.0752297161,129.0878855323,508012.3544,3881389.3371,52N,0.550
218,218,35.0752346553,129.0878947093,508013.1906,3881389.8856,52N,0.550
219,219,35.0752397664,129.0879037459,508014.0140,3881390.4531,52N,0.550
220,220,35.0752448521,129.0879128037,508014.8392,3881391.0179,52N,0.550
221,221,35.0752499697,129.0879218348,508015.6621,3881391.5861,52N,0.550
222,222,35.0752550991,129.0879308561,508016.4840,3881392.1557,52N,0.550
223,223,35.0752602661,129.0879398455,508017.3031,3881392.7294,52N,0.550
224,224,35.0752653518,129.0879489032,508018.1284,3881393.2941,52N,0.550
225,225,35.0752704514,129.0879579495,508018.9526,3881393.8604,52N,0.550
226,226,35.0752753262,129.0879671772,508019.7934,3881394.4017,52N,0.550
227,227,35.0752795479,129.0879768696,508020.6766,3881394.8707,52N,0.550
228,228,35.0752838561,129.0879865055,508021.5547,3881395.3492,52N,0.550
229,229,35.0752881418,129.0879961562,508022.4341,3881395.8253,52N,0.550
230,230,35.0752924365,129.0880058010,508023.3130,3881396.3023,52N,0.550
231,231,35.0752966584,129.0880154932,508024.1962,3881396.7713,52N,0.550
232,232,35.0753009665,129.0880251292,508025.0742,3881397.2498,52N,0.550
233,233,35.0753052854,129.0880347580,508025.9517,3881397.7296,52N,0.550
234,234,35.0753098003,129.0880442528,508026.8168,3881398.2310,52N,0.550
235,235,35.0753143701,129.0880537087,508027.6785,3881398.7386,52N,0.550
236,236,35.0753189147,129.0880631826,508028.5417,3881399.2433,52N,0.550
237,237,35.0753234844,129.0880726385,508029.4034,3881399.7509,52N,0.550
238,238,35.0753280291,129.0880821123,508030.2666,3881400.2556,52N,0.550
239,239,35.0753325924,129.0880915729,508031.1287,3881400.7624,52N,0.550
240,240,35.0753370418,129.0881011133,508031.9980,3881401.2566,52N,0.550
241,241,35.0753412639,129.0881108055,508032.8812,3881401.7256,52N,0.550
242,242,35.0753455580,129.0881204507,508033.7601,3881402.2026,52N,0.550
243,243,35.0753497742,129.0881301466,508034.6437,3881402.6710,52N,0.550
244,244,35.0753540404,129.0881398101,508035.5243,3881403.1449,52N,0.550
245,245,35.0753582486,129.0881495111,508036.4083,3881403.6123,52N,0.550
246,246,35.0753624930,129.0881591889,508037.2902,3881404.0838,52N,0.550
247,247,35.0753667589,129.0881688526,508038.1708,3881404.5576,52N,0.550
248,248,35.0753709814,129.0881785444,508039.0539,3881405.0267,52N,0.550
249,249,35.0753753098,129.0881881669,508039.9308,3881405.5075,52N,0.550
250,250,35.0753796869,129.0881977568,508040.8046,3881405.9937,52N,0.550
251,251,35.0753840155,129.0882073791,508041.6815,3881406.4745,52N,0.550
252,252,35.0753884065,129.0882169596,508042.5545,3881406.9622,52N,0.550
253,253,35.0753927836,129.0882265494,508043.4283,3881407.4484,52N,0.550
254,254,35.0753971121,129.0882361718,508044.3051,3881407.9292,52N,0.550
255,255,35.0754014688,129.0882457754,508045.1803,3881408.4131,52N,0.550
256,256,35.0754056564,129.0882554897,508046.0655,3881408.8783,52N,0.550
257,257,35.0754097734,129.0882652485,508046.9548,3881409.3356,52N,0.550
258,258,35.0754138632,129.0882750242,508047.8456,3881409.7900,52N,0.550
259,259,35.0754179592,129.0882847961,508048.7361,3881410.2450,52N,0.550
260,260,35.0754220761,129.0882945549,508049.6254,3881410.7023,52N,0.550
261,261,35.0754261659,129.0883043306,508050.5162,3881411.1567,52N,0.550
262,262,35.0754302619,129.0883141025,508051.4067,3881411.6117,52N,0.550
263,263,35.0754338973,129.0883241404,508052.3214,3881412.0157,52N,0.550
264,264,35.0754353775,129.0883349603,508053.3077,3881412.1807,52N,0.550
265,265,35.0754367529,129.0883458008,508054.2959,3881412.3341,52N,0.550
266,266,35.0754380787,129.0883566503,508055.2849,3881412.4820,52N,0.550
267,267,35.0754392612,129.0883675244,508056.2761,3881412.6140,52N,0.550
268,268,35.0754392028,129.0883784929,508057.2761,3881412.6084,52N,0.550
269,269,35.0754377982,129.0883893278,508058.2641,3881412.4535,52N,0.550
270,270,35.0754364177,129.0884001673,508059.2524,3881412.3013,52N,0.550
271,271,35.0754347631,129.0884109498,508060.2356,3881412.1187,52N,0.550
272,272,35.0754335230,129.0884218144,508061.2262,3881411.9820,52N,0.550
273,273,35.0754326555,129.0884327323,508062.2217,3881411.8867,52N,0.550
274,274,35.0754321413,129.0884436832,508063.2201,3881411.8306,52N,0.550
275,275,35.0754319757,129.0884546501,508064.2199,3881411.8131,52N,0.550
276,276,35.0754321655,129.0884656165,508065.2197,3881411.8350,52N,0.550
277,277,35.0754327277,129.0884765639,508066.2177,3881411.8983,52N,0.550
278,278,35.0754336888,129.0884874702,508067.2119,3881412.0057,52N,0.550
279,279,35.0754350860,129.0884983065,508068.1997,3881412.1616,52N,0.550
280,280,35.0754369689,129.0885090335,508069.1774,3881412.3712,52N,0.550
281,281,35.0754394008,129.0885195958,508070.1402,3881412.6418,52N,0.550
282,282,35.0754424609,129.0885299137,508071.0805,3881412.9820,52N,0.550
283,283,35.0754462442,129.0885398704,508071.9879,3881413.4023,52N,0.550
284,284,35.0754508557,129.0885492962,508072.8467,3881413.9145,52N,0.550
285,285,35.0754563950,129.0885579514,508073.6353,3881414.5295,52N,0.550
286,286,35.0754629182,129.0885655246,508074.3251,3881415.2535,52N,0.550
287,287,35.0754703861,129.0885716722,508074.8848,3881416.0822,52N,0.550
288,288,35.0754786281,129.0885761220,508075.2897,3881416.9966,52N,0.550
289,289,35.0754873471,129.0885789200,508075.5439,3881417.9637,52N,0.550
290,290,35.0754962744,129.0885804663,508075.6840,3881418.9539,52N,0.550
291,291,35.0755052755,129.0885811221,508075.7429,3881419.9521,52N,0.550
292,292,35.0755142928,129.0885811625,508075.7457,3881420.9521,52N,0.550
293,293,35.0755233052,129.0885807988,508075.7116,3881421.9515,52N,0.550
294,294,35.0755323094,129.0885802069,508075.6568,3881422.9500,52N,0.550
295,295,35.0755413105,129.0885795497,508075.5960,3881423.9482,52N,0.550
296,296,35.0755503166,129.0885790032,508075.5453,3881424.9469,52N,0.550
297,297,35.0755593322,129.0885787911,508075.5250,3881425.9467,52N,0.550
298,298,35.0755683405,129.0885792824,508075.5689,3881426.9457,52N,0.550
299,299,35.0755772220,129.0885811789,508075.7410,3881427.9308,52N,0.550
300,300,35.0755855506,129.0885853834,508076.1235,3881428.8548,52N,0.550
301,301,35.0755925687,129.0885922707,508076.7507,3881429.6336,52N,0.550
302,302,35.0755979860,129.0886010394,508077.5496,3881430.2351,52N,0.550
303,303,35.0756021266,129.0886107835,508078.4375,3881430.6951,52N,0.550
304,304,35.0756053738,129.0886210164,508079.3701,3881431.0560,52N,0.550
