distance_m,x,y
0,129.0858552000,35.0743118000
1,129.0858652635,35.0743153870
2,129.0858753707,35.0743188898
3,129.0858854781,35.0743223924
4,129.0858955854,35.0743258949
5,129.0859056928,35.0743293975
6,129.0859156307,35.0743332138
7,129.0859252626,35.0743375278
8,129.0859349172,35.0743418075
9,129.0859445997,35.0743460442
10,129.0859542541,35.0743503242
11,129.0859638872,35.0743546365
12,129.0859736638,35.0743587245
13,129.0859836027,35.0743625390
14,129.0859935591,35.0743663227
15,129.0860034978,35.0743701375
16,129.0860134376,35.0743739504
17,129.0860234567,35.0743776204
18,129.0860335044,35.0743812372
19,129.0860435677,35.0743848244
20,129.0860536159,35.0743884402
21,129.0860637233,35.0743919427
22,129.0860738301,35.0743954464
23,129.0860838940,35.0743990326
24,129.0860940049,35.0744025282
25,129.0861044317,35.0744053273
26,129.0861150667,35.0744075346
27,129.0861257023,35.0744097397
28,129.0861363725,35.0744118290
29,129.0861471255,35.0744136082
30,129.0861580835,35.0744140050
31,129.0861690459,35.0744143089
32,129.0861800039,35.0744147056
33,129.0861909667,35.0744150000
34,129.0862019353,35.0744150000
35,129.0862129040,35.0744150000
36,129.0862238726,35.0744150000
37,129.0862348412,35.0744149956
38,129.0862458070,35.0744147888
39,129.0862567648,35.0744143879
40,129.0862677166,35.0744138885
41,129.0862786754,35.0744135075
42,129.0862896380,35.0744138066
43,129.0863006004,35.0744141109
44,129.0863115578,35.0744145189
45,129.0863224833,35.0744153182
46,129.0863334183,35.0744160234
47,129.0863443421,35.0744168380
48,129.0863551987,35.0744181239
49,129.0863654586,35.0744213125
50,129.0863757053,35.0744245299
51,129.0863859231,35.0744278088
52,129.0863960685,35.0744312363
53,129.0864060708,35.0744349372
54,129.0864160748,35.0744386349
55,129.0864260873,35.0744423170
56,129.0864351490,35.0744473978
57,129.0864441777,35.0744525182
58,129.0864531540,35.0744577006
59,129.0864620671,35.0744629561
60,129.0864677898,35.0744706489
61,129.0864729336,35.0744786132
62,129.0864781060,35.0744865649
63,129.0864832645,35.0744945228
64,129.0864874123,35.0745028705
65,129.0864906185,35.0745114940
66,129.0864937897,35.0745201263
67,129.0864969123,35.0745287705
68,129.0865001912,35.0745373755
69,129.0865044225,35.0745456948
70,129.0865088908,35.0745539300
71,129.0865134016,35.0745621495
72,129.0865181403,35.0745702819
73,129.0865255785,35.0745769091
74,129.0865330750,35.0745834918
75,129.0865406676,35.0745899995
76,129.0865482991,35.0745964765
77,129.0865575037,35.0746013807
78,129.0865670010,35.0746058920
79,129.0865764332,35.0746104947
80,129.0865859188,35.0746150226
81,129.0865951939,35.0746198362
82,129.0866043210,35.0746248373
83,129.0866135216,35.0746297465
84,129.0866226763,35.0746347135
85,129.0866318819,35.0746396165
86,129.0866410922,35.0746445134
87,129.0866503482,35.0746493518
88,129.0866595199,35.0746542975
89,129.0866683472,35.0746596500
90,129.0866771903,35.0746649849
91,129.0866859854,35.0746703731
92,129.0866949063,35.0746756197
93,129.0867044856,35.0746800123
94,129.0867142612,35.0746841021
95,129.0867240348,35.0746881951
96,129.0867337725,35.0746923457
97,129.0867433528,35.0746967367
98,129.0867529332,35.0747011277
99,129.0867625113,35.0747055221
100,129.0867720754,35.0747099369
101,129.0867817378,35.0747142047
102,129.0867916506,35.0747180649
103,129.0868015847,35.0747218879
104,129.0868114585,35.0747258150
105,129.0868211417,35.0747300508
106,129.0868306175,35.0747345927
107,129.0868400741,35.0747391614
108,129.0868495726,35.0747436709
109,129.0868590342,35.0747482327
110,129.0868685931,35.0747526552
111,129.0868781787,35.0747570384
112,129.0868878106,35.0747613526
113,129.0868974369,35.0747656752
114,129.0869070227,35.0747700581
115,129.0869166434,35.0747743891
116,129.0869261536,35.0747788820
117,129.0869354921,35.0747836121
118,129.0869447817,35.0747884067
119,129.0869540771,35.0747931938
120,129.0869634629,35.0747978602
121,129.0869731678,35.0748020623
122,129.0869828672,35.0748062731
123,129.0869925271,35.0748105447
124,129.0870022034,35.0748147910
125,129.0870116199,35.0748194154
126,129.0870209580,35.0748241461
127,129.0870302538,35.0748289326
128,129.0870396013,35.0748336507
129,129.0870490219,35.0748382694
130,129.0870588031,35.0748423502
131,129.0870686220,35.0748463694
132,129.0870783953,35.0748504630
133,129.0870881749,35.0748545464
134,129.0870981419,35.0748583111
135,129.0871081914,35.0748619246
136,129.0871182530,35.0748655151
137,129.0871283025,35.0748691286
138,129.0871383712,35.0748727059
139,129.0871484905,35.0748761852
140,129.0871586907,35.0748795009
141,129.0871688432,35.0748829144
142,129.0871789490,35.0748864201
143,129.0871884639,35.0748909062
144,129.0871972921,35.0748962578
145,129.0872061404,35.0749015868
146,129.0872149856,35.0749069194
147,129.0872239731,35.0749120887
148,129.0872339118,35.0749159035
149,129.0872438442,35.0749197296
150,129.0872537448,35.0749236110
151,129.0872636990,35.0749273986
152,129.0872736377,35.0749312135
153,129.0872835205,35.0749351255
154,129.0872929732,35.0749396996
155,129.0873020847,35.0749447200
156,129.0873111556,35.0749497899
157,129.0873202750,35.0749548005
158,129.0873293864,35.0749598210
159,129.0873384205,35.0749649351
160,129.0873472471,35.0749702884
161,129.0873559558,35.0749757706
162,129.0873647325,35.0749811792
163,129.0873734276,35.0749866760
164,129.0873821309,35.0749921640
165,129.0873908762,35.0749976068
166,129.0873996131,35.0750030587
167,129.0874085954,35.0750082341
168,129.0874176312,35.0750133461
169,129.0874266897,35.0750184308
170,129.0874357255,35.0750235429
171,129.0874447841,35.0750286276
172,129.0874538282,35.0750337297
173,129.0874630495,35.0750386127
174,129.0874728076,35.0750427307
175,129.0874825833,35.0750468205
176,129.0874923663,35.0750508985
177,129.0875021834,35.0750549206
178,129.0875119274,35.0750590611
179,129.0875214359,35.0750635565
180,129.0875306747,35.0750684172
181,129.0875399317,35.0750732543
182,129.0875491704,35.0750781150
183,129.0875584360,35.0750829411
184,129.0875677128,35.0750877525
185,129.0875769315,35.0750926389
186,129.0875862673,35.0750973725
187,129.0875958441,35.0751017689
188,129.0876054043,35.0751061895
189,129.0876149847,35.0751105805
190,129.0876245615,35.0751149769
191,129.0876341217,35.0751193975
192,129.0876437220,35.0751237590
193,129.0876534382,35.0751279435
194,129.0876632107,35.0751320385
195,129.0876729689,35.0751361564
196,129.0876827413,35.0751402515
197,129.0876924916,35.0751443821
198,129.0877022335,35.0751485259
199,129.0877120765,35.0751525051
200,129.0877220077,35.0751563333
201,129.0877319071,35.0751602169
202,129.0877418411,35.0751640400
203,129.0877517557,35.0751678972
204,129.0877616585,35.0751717748
205,129.0877713634,35.0751759770
206,129.0877810684,35.0751801791
207,129.0877907733,35.0751843812
208,129.0878004782,35.0751885834
209,129.0878101832,35.0751927855
210,129.0878198763,35.0751970061
211,129.0878294662,35.0752013831
212,129.0878388332,35.0752060749
213,129.0878481684,35.0752108095
214,129.0878574719,35.0752155860
215,129.0878668389,35.0752202778
216,129.0878761879,35.0752249939
217,129.0878855323,35.0752297161
218,129.0878947093,35.0752346553
219,129.0879037459,35.0752397664
220,129.0879128037,35.0752448521
221,129.0879218348,35.0752499697
222,129.0879308561,35.0752550991
223,129.0879398455,35.0752602661
224,129.0879489032,35.0752653518
225,129.0879579495,35.0752704514
226,129.0879671772,35.0752753262
227,129.0879768696,35.0752795479
228,129.0879865055,35.0752838561
229,129.0879961562,35.0752881418
230,129.0880058010,35.0752924365
231,129.0880154932,35.0752966584
232,129.0880251292,35.0753009665
233,129.0880347580,35.0753052854
234,129.0880442528,35.0753098003
235,129.0880537087,35.0753143701
236,129.0880631826,35.0753189147
237,129.0880726385,35.0753234844
238,129.0880821123,35.0753280291
239,129.0880915729,35.0753325924
240,129.0881011133,35.0753370418
241,129.0881108055,35.0753412639
242,129.0881204507,35.0753455580
243,129.0881301466,35.0753497742
244,129.0881398101,35.0753540404
245,129.0881495111,35.0753582486
246,129.0881591889,35.0753624930
247,129.0881688526,35.0753667589
248,129.0881785444,35.0753709814
249,129.0881881669,35.0753753098
250,129.0881977568,35.0753796869
251,129.0882073791,35.0753840155
252,129.0882169596,35.0753884065
253,129.0882265494,35.0753927836
254,129.0882361718,35.0753971121
255,129.0882457754,35.0754014688
256,129.0882554897,35.0754056564
257,129.0882652485,35.0754097734
258,129.0882750242,35.0754138632
259,129.0882847961,35.0754179592
260,129.0882945549,35.0754220761
261,129.0883043306,35.0754261659
262,129.0883141025,35.0754302619
263,129.0883241404,35.0754338973
264,129.0883349603,35.0754353775
265,129.0883458008,35.0754367529
266,129.0883566503,35.0754380787
267,129.0883675244,35.0754392612
268,129.0883784929,35.0754392028
269,129.0883893278,35.0754377982
270,129.0884001673,35.0754364177
271,129.0884109498,35.0754347631
272,129.0884218144,35.0754335230
273,129.0884327323,35.0754326555
274,129.0884436832,35.0754321413
275,129.0884546501,35.0754319757
276,129.0884656165,35.0754321655
277,129.0884765639,35.0754327277
278,129.0884874702,35.0754336888
279,129.0884983065,35.0754350860
280,129.0885090335,35.0754369689
281,129.0885195958,35.0754394008
282,129.0885299137,35.0754424609
283,129.0885398704,35.0754462442
284,129.0885492962,35.0754508557
285,129.0885579514,35.0754563950
286,129.0885655246,35.0754629182
287,129.0885716722,35.0754703861
288,129.0885761220,35.0754786281
289,129.0885789200,35.0754873471
290,129.0885804663,35.0754962744
291,129.0885811221,35.0755052755
292,129.0885811625,35.0755142928
293,129.0885807988,35.0755233052
294,129.0885802069,35.0755323094
295,129.0885795497,35.0755413105
296,129.0885790032,35.0755503166
297,129.0885787911,35.0755593322
298,129.0885792824,35.0755683405
299,129.0885811789,35.0755772220
300,129.0885853834,35.0755855506
301,129.0885922707,35.0755925687
302,129.0886010394,35.0755979860
303,129.0886107835,35.0756021266
304,129.0886210164,35.0756053738
