distance_m,x,y
0,129.0858552,35.0743118
1,129.0858653,35.0743154
2,129.0858754,35.0743189
3,129.0858855,35.0743224
4,129.0858956,35.0743259
5,129.0859057,35.0743294
6,129.0859156,35.0743332
7,129.0859252,35.0743375
8,129.0859349,35.0743418
9,129.0859445,35.074346
10,129.0859542,35.0743503
11,129.0859638,35.0743546
12,129.0859736,35.0743587
13,129.0859835,35.0743625
14,129.0859935,35.0743663
15,129.0860034,35.0743701
16,129.0860133,35.0743739
17,129.0860234,35.0743776
18,129.0860334,35.0743812
19,129.0860435,35.0743848
20,129.0860535,35.0743884
21,129.0860636,35.0743919
22,129.0860737,35.0743954
23,129.0860838,35.074399
24,129.0860939,35.0744025
25,129.0861043,35.0744053
26,129.0861149,35.0744075
27,129.0861255,35.0744097
28,129.0861362,35.0744118
29,129.0861469,35.0744136
30,129.0861579,35.074414
31,129.0861688,35.0744143
32,129.0861798,35.0744147
33,129.0861907,35.074415
34,129.0862017,35.074415
35,129.0862127,35.074415
36,129.0862236,35.074415
37,129.0862346,35.074415
38,129.0862455,35.0744148
39,129.0862565,35.0744144
40,129.0862674,35.0744139
41,129.0862784,35.0744135
42,129.0862894,35.0744138
43,129.0863003,35.0744141
44,129.0863113,35.0744145
45,129.0863222,35.0744153
46,129.0863331,35.074416
47,129.086344,35.0744168
48,129.0863548,35.074418
49,129.0863651,35.0744212
50,129.0863753,35.0744244
51,129.0863856,35.0744277
52,129.0863957,35.0744311
53,129.0864057,35.0744348
54,129.0864157,35.0744385
55,129.0864257,35.0744421
56,129.0864348,35.0744472
57,129.0864438,35.0744523
58,129.0864528,35.0744575
59,129.0864618,35.0744626
60,129.0864675,35.0744702
61,129.0864726,35.0744781
62,129.0864778,35.0744861
63,129.086483,35.074494
64,129.0864872,35.0745023
65,129.0864904,35.0745109
66,129.0864936,35.0745196
67,129.0864967,35.0745282
68,129.0864999,35.0745368
69,129.0865041,35.0745451
70,129.0865086,35.0745534
71,129.0865131,35.0745616
72,129.0865176,35.0745698
73,129.086525,35.0745764
74,129.0865325,35.074583
75,129.0865401,35.0745895
76,129.0865476,35.0745961
77,129.0865567,35.074601
78,129.0865662,35.0746055
79,129.0865756,35.0746101
80,129.0865851,35.0746146
81,129.0865944,35.0746194
82,129.0866035,35.0746244
83,129.0866127,35.0746293
84,129.0866219,35.0746343
85,129.0866311,35.0746392
86,129.0866403,35.0746441
87,129.0866495,35.0746489
88,129.0866587,35.0746538
89,129.0866676,35.0746592
90,129.0866764,35.0746645
91,129.0866852,35.0746699
92,129.086694,35.0746752
93,129.0867035,35.0746796
94,129.0867133,35.0746837
95,129.0867231,35.0746878
96,129.0867328,35.0746919
97,129.0867424,35.0746963
98,129.086752,35.0747007
99,129.0867616,35.0747051
100,129.0867711,35.0747095
101,129.0867807,35.0747138
102,129.0867907,35.0747177
103,129.0868006,35.0747215
104,129.0868105,35.0747254
105,129.0868202,35.0747296
106,129.0868296,35.0747341
107,129.0868391,35.0747387
108,129.0868486,35.0747432
109,129.0868581,35.0747478
110,129.0868676,35.0747522
111,129.0868772,35.0747566
112,129.0868868,35.0747609
113,129.0868964,35.0747652
114,129.086906,35.0747696
115,129.0869156,35.0747739
116,129.0869252,35.0747784
117,129.0869345,35.0747831
118,129.0869438,35.0747879
119,129.0869531,35.0747927
120,129.0869624,35.0747974
121,129.0869721,35.0748016
122,129.0869818,35.0748058
123,129.0869915,35.0748101
124,129.0870012,35.0748143
125,129.0870106,35.0748189
126,129.0870199,35.0748236
127,129.0870292,35.0748284
128,129.0870385,35.0748331
129,129.0870479,35.0748378
130,129.0870577,35.0748419
131,129.0870675,35.0748459
132,129.0870773,35.07485
133,129.087087,35.0748541
134,129.087097,35.0748579
135,129.087107,35.0748615
136,129.0871171,35.0748651
137,129.0871271,35.0748687
138,129.0871372,35.0748723
139,129.0871473,35.0748758
140,129.0871575,35.0748791
141,129.0871676,35.0748825
142,129.0871778,35.0748859
143,129.0871873,35.0748902
144,129.0871962,35.0748956
145,129.087205,35.0749009
146,129.0872138,35.0749062
147,129.0872227,35.0749116
148,129.0872326,35.0749154
149,129.0872425,35.0749192
150,129.0872524,35.0749231
151,129.0872624,35.0749269
152,129.0872723,35.0749307
153,129.0872822,35.0749345
154,129.0872917,35.074939
155,129.0873008,35.074944
156,129.0873099,35.0749491
157,129.087319,35.0749541
158,129.0873281,35.0749591
159,129.0873372,35.0749642
160,129.087346,35.0749695
161,129.0873547,35.074975
162,129.0873635,35.0749804
163,129.0873722,35.0749859
164,129.0873809,35.0749914
165,129.0873896,35.0749968
166,129.0873983,35.0750023
167,129.0874073,35.0750075
168,129.0874163,35.0750126
169,129.0874254,35.0750177
170,129.0874344,35.0750228
171,129.0874435,35.0750279
172,129.0874525,35.075033
173,129.0874616,35.075038
174,129.0874713,35.0750421
175,129.0874811,35.0750462
176,129.0874909,35.0750503
177,129.0875007,35.0750543
178,129.0875105,35.0750584
179,129.08752,35.0750628
180,129.0875293,35.0750677
181,129.0875385,35.0750725
182,129.0875478,35.0750774
183,129.087557,35.0750822
184,129.0875663,35.075087
185,129.0875755,35.0750919
186,129.0875848,35.0750967
187,129.0875944,35.0751011
188,129.0876039,35.0751055
189,129.0876135,35.0751099
190,129.0876231,35.0751143
191,129.0876326,35.0751187
192,129.0876422,35.0751231
193,129.0876519,35.0751273
194,129.0876617,35.0751314
195,129.0876714,35.0751355
196,129.0876812,35.0751396
197,129.0876909,35.0751437
198,129.0877007,35.0751479
199,129.0877105,35.0751519
200,129.0877204,35.0751557
201,129.0877303,35.0751596
202,129.0877402,35.0751634
203,129.0877502,35.0751673
204,129.0877601,35.0751711
205,129.0877698,35.0751753
206,129.0877795,35.0751795
207,129.0877892,35.0751837
208,129.0877989,35.0751879
209,129.0878086,35.0751921
210,129.0878183,35.0751963
211,129.0878279,35.0752006
212,129.0878373,35.0752053
213,129.0878466,35.07521
214,129.0878559,35.0752148
215,129.0878653,35.0752195
216,129.0878746,35.0752242
217,129.087884,35.0752289
218,129.0878932,35.0752338
219,129.0879022,35.0752389
220,129.0879113,35.075244
221,129.0879203,35.0752491
222,129.0879293,35.0752542
223,129.0879383,35.0752594
224,129.0879474,35.0752645
225,129.0879564,35.0752696
226,129.0879655,35.0752746
227,129.0879752,35.0752788
228,129.0879848,35.0752831
229,129.0879945,35.0752874
230,129.0880041,35.0752917
231,129.0880138,35.0752959
232,129.0880234,35.0753002
233,129.0880331,35.0753045
234,129.0880426,35.075309
235,129.0880521,35.0753136
236,129.0880615,35.0753181
237,129.088071,35.0753227
238,129.0880804,35.0753272
239,129.0880899,35.0753318
240,129.0880994,35.0753363
241,129.0881091,35.0753405
242,129.0881187,35.0753448
243,129.0881284,35.075349
244,129.0881381,35.0753533
245,129.0881478,35.0753575
246,129.0881574,35.0753617
247,129.0881671,35.075366
248,129.0881768,35.0753702
249,129.0881864,35.0753745
250,129.088196,35.0753789
251,129.0882056,35.0753832
252,129.0882152,35.0753876
253,129.0882248,35.075392
254,129.0882344,35.0753963
255,129.088244,35.0754007
256,129.0882537,35.0754049
257,129.0882634,35.075409
258,129.0882732,35.0754131
259,129.088283,35.0754172
260,129.0882927,35.0754213
261,129.0883025,35.0754254
262,129.0883123,35.0754295
263,129.088322,35.0754336
264,129.0883328,35.0754351
265,129.0883437,35.0754365
266,129.0883545,35.0754378
267,129.0883653,35.0754392
268,129.0883762,35.0754395
269,129.088387,35.0754381
270,129.0883978,35.0754367
271,129.0884087,35.0754354
272,129.0884195,35.075434
273,129.0884305,35.0754336
274,129.0884414,35.0754333
275,129.0884524,35.075433
276,129.0884633,35.0754327
277,129.0884743,35.0754325
278,129.0884852,35.0754329
279,129.0884958,35.075435
280,129.0885065,35.0754371
281,129.0885171,35.0754392
282,129.0885278,35.0754413
283,129.0885382,35.075444
284,129.0885469,35.0754494
285,129.0885556,35.0754549
286,129.0885644,35.0754603
287,129.0885731,35.0754658
288,129.0885771,35.0754733
289,129.0885779,35.0754823
290,129.0885787,35.0754913
291,129.0885795,35.0755003
292,129.0885804,35.0755093
293,129.0885808,35.0755183
294,129.0885813,35.0755273
295,129.0885817,35.0755363
296,129.0885821,35.0755453
297,129.0885808,35.0755542
298,129.0885785,35.075563
299,129.0885762,35.0755718
300,129.0885738,35.0755806
301,129.0885787,35.0755863
302,129.0885889,35.0755896
303,129.0885991,35.0755929
304,129.0886084,35.0755976
305,129.0886176,35.0756025
306,129.0886267,35.0756075
