index,ros_time_sec,latitude,longitude,altitude_m,utm_easting_m,utm_northing_m,utm_zone,fix_status,covariance_x_m2,covariance_y_m2,target_speed
0,1789650955.34945,35.0744271667,129.08881,9.7,508096.7157,3881300.411,52N,2,0.9216,0.9216,1
1,1789650972.34962,35.0744228333,129.0887995,9.7,508095.7588,3881299.9296,52N,2,0.9216,0.9216,1
2,1789650974.59594,35.0744183333,129.0887895,9.7,508094.8476,3881299.4297,52N,2,0.9216,0.9216,1
3,1789650976.11857,35.074414,129.0887796667,9.7,508093.9515,3881298.9484,52N,2,0.9216,0.9216,1
4,1789650977.5951,35.0744091667,129.0887688333,9.6,508092.9643,3881298.4115,52N,2,0.9216,0.9216,1
5,1789650979.10572,35.074404,129.0887581667,9.6,508091.9924,3881297.8376,52N,2,0.9216,0.9216,1
6,1789650980.59653,35.0743998333,129.0887478333,9.6,508091.0507,3881297.3747,52N,2,0.9216,0.9216,1
7,1789650982.11282,35.0743986667,129.0887363333,9.6,508090.0024,3881297.2444,52N,2,0.9216,0.9216,1
8,1789650983.59606,35.0744003333,129.0887245,9.5,508088.9234,3881297.4283,52N,2,0.9216,0.9216,1
9,1789650985.10895,35.0744051667,129.0887138333,9.5,508087.9504,3881297.9634,52N,2,0.9216,0.9216,1
10,1789650986.6032,35.0744123333,129.0887041667,9.5,508087.0684,3881298.7574,52N,2,0.9216,0.9216,1
11,1789650988.11626,35.0744206667,129.0886963333,9.5,508086.3534,3881299.6809,52N,2,0.9216,0.9216,1
12,1789650989.34359,35.0744285,129.0886906667,9.5,508085.836,3881300.5492,52N,2,0.9216,0.9216,1
13,1789650990.84243,35.0744375,129.0886843333,9.5,508085.2577,3881301.5467,52N,2,0.9216,0.9216,1
14,1789650992.33949,35.0744465,129.0886781667,9.5,508084.6947,3881302.5443,52N,2,0.9216,0.9216,1
15,1789650993.84286,35.0744551667,129.088672,9.4,508084.1316,3881303.5049,52N,2,0.9216,0.9216,1
16,1789650995.10465,35.0744633333,129.0886663333,9.5,508083.6142,3881304.4101,52N,2,0.9216,0.9216,1
17,1789650996.34299,35.0744711667,129.0886608333,9.4,508083.112,3881305.2784,52N,2,0.9216,0.9216,1
18,1789650997.60138,35.0744793333,129.0886553333,9.4,508082.6097,3881306.1836,52N,2,0.9216,0.9216,1
19,1789650999.10403,35.0744885,129.0886493333,9.3,508082.0618,3881307.1997,52N,2,0.9216,0.9216,1
20,1789651000.58692,35.0744971667,129.0886435,9.3,508081.5291,3881308.1603,52N,2,0.9216,0.9216,1
21,1789651002.34509,35.0745056667,129.0886378333,9.3,508081.0117,3881309.1025,52N,2,0.9216,0.9216,1
22,1789651004.60511,35.0745138333,129.0886323333,9.2,508080.5094,3881310.0077,52N,2,0.9216,0.9216,1
23,1789651011.10852,35.0745053333,129.088638,9.3,508081.0269,3881309.0655,52N,2,0.9216,0.9216,1
24,1789651012.59185,35.0744968333,129.088643,9.3,508081.4836,3881308.1233,52N,2,0.9216,0.9216,1
25,1789651014.34665,35.074487,129.0886465,9.4,508081.8036,3881307.0331,52N,2,0.9216,0.9216,1
26,1789651015.85275,35.0744775,129.0886473333,9.4,508081.8806,3881305.9796,52N,2,0.9216,0.9216,1
27,1789651017.5968,35.0744675,129.0886463333,9.4,508081.7904,3881304.8706,52N,2,0.9216,0.9216,1
28,1789651019.10446,35.074458,129.0886425,9.4,508081.4418,3881303.8167,52N,2,0.9216,0.9216,1
29,1789651020.84261,35.07445,129.0886355,9.4,508080.8044,3881302.929,52N,2,0.9216,0.9216,1
30,1789651023.09987,35.0744445,129.0886265,9.4,508079.9845,3881302.3183,52N,2,0.9216,0.9216,1
31,1789651025.10783,35.0744388333,129.0886161667,9.4,508079.0429,3881301.6891,52N,2,0.9216,0.9216,1
32,1789651027.34288,35.0744341667,129.0886063333,9.3,508078.1469,3881301.1707,52N,2,0.9216,0.9216,1
33,1789651037.85126,35.0744386667,129.0886161667,9.3,508079.0429,3881301.6706,52N,2,0.9216,0.9216,1
34,1789651039.33878,35.074443,129.088627,9.4,508080.0302,3881302.152,52N,2,0.9216,0.9216,1
35,1789651040.59423,35.0744463333,129.0886385,9.4,508081.0783,3881302.5226,52N,2,0.9216,0.9216,1
36,1789651041.59794,35.074447,129.0886501667,9.4,508082.1419,3881302.5975,52N,2,0.9216,0.9216,1
37,1789651042.59636,35.0744448333,129.0886635,9.4,508083.3577,3881302.3583,52N,2,0.9216,0.9216,1
38,1789651043.59846,35.074439,129.0886755,9.4,508084.4523,3881301.7124,52N,2,0.9216,0.9216,1
39,1789651044.5973,35.074432,129.0886835,9.5,508085.1823,3881300.9367,52N,2,0.9216,0.9216,1
40,1789651045.85005,35.0744226667,129.0886908333,9.5,508085.8518,3881299.9023,52N,2,0.9216,0.9216,1
41,1789651047.11468,35.0744131667,129.088697,9.5,508086.415,3881298.8492,52N,2,0.9216,0.9216,1
42,1789651048.33811,35.0744038333,129.0887031667,9.5,508086.9781,3881297.8147,52N,2,0.9216,0.9216,1
