begin,end,distance,angle
"2","2196",0,261.660816192517
"2","2196",1,290.320310462165
"2","2196",2,290.832794907695
"2","2196",3,294.934871908813
"2","2196",4,294.934871908813
"2","2196",5,294.934871908813
"2","2196",6,294.934871908813
"2","2196",7,294.934871908813
"2","2196",8,290.810365989745
"2","2196",9,292.717669083439
"2","2196",10,289.378760550834
"2","2196",11,289.378760554577
"2","2196",12,291.713785861659
"2","2196",13,292.717669083439
"2","2196",14,291.737365482572
"2","2196",15,286.695267957994
"2","2196",16,290.320310466278
"2","2196",17,292.717669083439
"2","2196",18,289.360476859506
"2","2196",19,284.558921229476
"2","2196",20,284.558921148535
"2","2196",21,289.378760554577
"2","2196",22,288.522691143311
"2","2196",23,287.724452703311
"2","2196",24,291.713785865567
"2","2196",25,290.826613425693
"2","2196",26,292.717669083439
"2","2196",27,292.717669164951
"2","2196",28,288.522691143311
"2","2196",29,285.203986851049
"2","2196",30,290.826613350043
"2","2196",31,290.832794983364
"2","2196",32,290.82661342929
"2","2196",33,287.746693920771
"2","2196",34,293.798149606236
"2","2196",35,290.832794907695
"2","2196",36,290.82661342929
"2","2196",37,289.985956756471
"2","2196",38,290.82661342929
"2","2196",39,287.030448780681
"2","2196",40,290.832794907695
"2","2196",41,290.826613425693
"2","2196",42,290.832794983364
"2","2196",43,292.009108023668
"2","2196",44,290.82661342929
"2","2196",45,287.746693917631
"2","2196",46,290.001631275907
"2","2196",47,290.826613350043
"2","2196",48,287.746693920771
"2","2196",49,288.50514989938
"2","2196",50,290.832794911295
"2","2196",51,286.689307030412
"2","2196",52,281.780723249647
"2","2196",53,288.528569298815
"2","2196",54,291.730644916503
"2","2196",55,289.995927899819
"2","2196",56,287.030448780681
"2","2196",57,289.995927830173
"2","2196",58,293.798149606236
"2","2196",59,288.528569298815
"2","2196",60,287.746693920771
"2","2196",61,291.713785861659
"2","2196",62,294.663958074949
"2","2196",63,290.001631272586
"2","2196",64,291.988602149723
"2","2196",65,289.235598401636
"2","2196",66,283.973716217323
"2","2196",67,289.980257027147
"2","2196",68,289.980257027147
"2","2196",69,287.014240327987
"2","2196",70,286.372101546261
"2","2196",71,287.030448777791
"2","2196",72,280.406041483817
"2","2196",73,277.105083924746
"2","2196",74,271.147934026049
"2","2196",75,265.427309357828
"2","2196",76,255.916407892372
"2","2196",77,246.679243820847
"2","2196",78,240.355437352039
"2","2196",79,232.813094347614
"2","2196",80,223.544228556523
"2","2196",81,217.86336648721
"2","2196",82,209.936413764479
"2","2196",83,210.571773269185
"2","2196",84,207.173674916944
"2","2196",85,206.314273110316
"2","2196",86,206.329054961826
"2","2196",87,202.917381328706
"2","2196",88,202.917381328706
"2","2196",89,197.554609876231
"2","2196",90,198.408964370166
"2","2196",91,196.057323901087
"2","2196",92,195.309188319649
"2","2196",93,197.539697848039
"2","2196",94,188.342824734103
"2","2196",95,181.157497695828
"2","2196",96,174.316946289465
"2","2196",97,163.878511401393
"2","2196",98,153.108867747703
"2","2196",99,144.43152837775
"2","2196",100,140.699534730526
"2","2196",101,129.479727645036
"2","2196",102,123.193322074109
"2","2196",103,119.345346831573
"2","2196",104,116.647029958889
"2","2196",105,115.610927160656
"2","2196",106,116.647030028247
"2","2196",107,113.805026335956
"2","2196",108,109.215193351274
"2","2196",109,103.429116213102
"2","2196",110,88.3910747713384
"2","2196",111,77.0877030856476
"2","2196",112,66.0063260231846
"2","2196",113,48.4598877712816
"2","2196",114,43.3114977772189
"2","2196",115,39.7726435951971
"2","2196",116,34.1404967704656
"2","2196",117,34.4881366423894
"2","2196",118,32.0775662913884
"2","2196",119,32.0687479164953
"2","2196",120,39.7787143166627
"2","2196",121,45.2806942573728
"2","2196",122,45.6607523843898
"2","2196",123,47.9628725754995
"2","2196",124,64.5590113610947
"2","2196",125,77.0857181242102
"2","2196",126,87.7329570237552
"2","2196",127,101.288542803943
"2","2196",128,107.746693920771
"2","2196",129,110.001631272586
"2","2196",130,109.235598398563
"2","2196",131,116.63955796504
"2","2196",132,115.610927228012
"2","2196",133,109.235598398563
"2","2196",134,109.235598401636
"2","2196",135,109.235598401636
"2","2196",136,114.670408997045
"2","2196",137,123.193322138138
"2","2196",138,130.997693380633
"2","2196",139,140.448807955898
"2","2196",140,148.170174795135
"2","2196",141,156.942823034781
"2","2196",142,165.410848803776
"2","2196",143,176.070738431404
"2","2196",144,186.217154324072
"2","2196",145,198.408964336922
"2","2196",146,198.408964361089
"2","2196",147,199.354580427701
"2","2196",148,204.064738859615
"2","2196",149,205.080562803892
"2","2196",150,201.753900569643
"2","2196",151,202.932100425069
"2","2196",152,198.408964370166
"2","2196",153,202.932100454064
"2","2196",154,205.080562803892
"2","2196",155,201.875028933763
"2","2196",156,202.92853427974
"2","2196",157,201.972937891518
"2","2196",158,201.105921605986
"2","2196",159,202.934138707442
"2","2196",160,201.972937891518
"2","2196",161,202.928534305832
"2","2196",162,202.915286966785
"2","2196",163,202.915286940705
"2","2196",164,206.758680573638
"2","2196",165,203.942649717372
"2","2196",166,205.962795901324
"2","2196",167,203.956385231063
"2","2196",168,199.734902909517
"2","2196",169,201.875028933763
"2","2196",170,200.924501730472
"2","2196",171,201.875028933763
"2","2196",172,205.080562803892
"2","2196",173,201.875028933763
"2","2196",174,202.932100425069
"2","2196",175,205.080562803892
"2","2196",176,200.702193070041
"2","2196",177,206.314273110316
"2","2196",178,205.094808073075
"2","2196",179,199.734902942282
"2","2196",180,202.917381357687
"2","2196",181,204.064738850695
"2","2196",182,204.080062313622
"2","2196",183,202.932100454064
"2","2196",184,205.094808104138
"2","2196",185,201.875028933763
"2","2196",186,203.942649717372
"2","2196",187,208.498077154544
"2","2196",188,215.861357006187
"2","2196",189,225.660752440973
"2","2196",190,229.682345529664
"2","2196",191,243.362289713853
"2","2196",192,252.925769273903
"2","2196",193,271.144655435113
"2","2196",194,277.946005616827
"2","2196",195,288.522691143311
"2","2196",196,298.923099499864
"2","2196",197,314.33801151088
"2","2196",198,318.151694604138
"2","2196",199,330.772318284906
"2","2196",200,339.387142990309
"2","2196",201,352.063103265688
"2","2196",202,1.14227885541019
"2","2196",203,6.2171543055098
"2","2196",204,8.73578423100386
"2","2196",205,9.16866759329823
"2","2196",206,5.95797432742219
"2","2196",207,6.21901116649941
"2","2196",208,1.14794882530054
"2","2196",209,353.55429822297
"2","2196",210,351.086385771626
"2","2196",211,345.389456647143
"2","2196",212,335.965508312229
"2","2196",213,328.564659368865
"2","2196",214,318.458112881809
"2","2196",215,316.622165592318
"2","2196",216,308.563634164978
"2","2196",217,300.526348474479
"2","2196",218,292.865416779559
"2","2196",219,282.935348597277
"2","2196",220,280.422405085262
"2","2196",221,274.014988881904
"2","2196",222,268.030286614527
"2","2196",223,264.669235857934
"2","2196",224,264.344134123439
"2","2196",225,268.047108573349
"2","2196",226,274.557019624804
"2","2196",227,281.288542806014
"2","2196",228,284.563436937962
"2","2196",229,289.378760554577
"2","2196",230,294.793745064323
"2","2196",231,303.178511709009
"2","2196",232,313.680302437239
"2","2196",233,320.448807902343
"2","2196",234,328.156381316751
"2","2196",235,334.620049419513
"2","2196",236,342.939272986742
"2","2196",237,350.502353650024
"2","2196",238,356.087843383114
"2","2196",239,6.21901116777169
"2","2196",240,16.0573239010866
"2","2196",241,19.3709101122668
"2","2196",242,26.3290549618261
"2","2196",243,37.8633664872103
"2","2196",244,47.9497501144864
"2","2196",245,64.5515632890538
"2","2196",246,73.7775449526575
"2","2196",247,81.003754038491
"2","2196",248,87.9056052386469
"2","2196",249,100.836311766413
"2","2196",250,101.284985706407
"2","2196",251,104.558921229476
"2","2196",252,101.288542803943
"2","2196",253,100.836311766413
"2","2196",254,103.973716217323
"2","2196",255,104.558921229476
"2","2196",256,107.729840060839
"2","2196",257,104.558921229476
"2","2196",258,104.558921148535
"2","2196",259,114.793745139395
"2","2196",260,113.782559008226
"2","2196",261,111.713785865567
"2","2196",262,110.810365914078
"2","2196",263,111.720502414595
"2","2196",264,114.793745139395
"2","2196",265,107.729840060839
"2","2196",266,108.528569295392
"2","2196",267,113.798149606236
"2","2196",268,111.730644834096
"2","2196",269,115.910318064075
"2","2196",270,113.782559008226
"2","2196",271,110.816543526196
"2","2196",272,113.782558935618
"2","2196",273,116.632133550484
"2","2196",274,117.751274144752
"2","2196",275,114.793745064323
"2","2196",276,113.798149606236
"2","2196",277,117.743204509342
"2","2196",278,113.798149606236
"2","2196",279,112.850331413192
"2","2196",280,116.647030028247
"2","2196",281,113.782559008226
"2","2196",282,115.910318064075
"2","2196",283,115.910318141695
"2","2196",284,111.713785865567
"2","2196",285,110.81654360188
"2","2196",286,112.700162203561
"2","2196",287,113.782559012226
"2","2196",288,111.713785940174
"2","2196",289,114.793745139395
"2","2196",290,120.237470040811
"2","2196",291,126.295374120184
"2","2196",292,132.926453789547
"2","2196",293,147.092807447384
"2","2196",294,153.100700038398
"2","2196",295,155.54217626152
"2","2196",296,175.429918994139
"2","2196",297,189.171543427368
"2","2196",298,194.376107837809
"2","2196",299,196.887390466108
"2","2196",300,202.936558188628
"2","2196",301,204.236407866487
"2","2196",302,202.923365647738
"2","2196",303,207.688353904678
"2","2196",304,204.064738859615
"2","2196",305,200.406297401067
"2","2196",306,204.080062304704
"2","2196",307,200.406297401067
"2","2196",308,205.348695940472
"2","2196",309,201.593062103662
"2","2196",310,204.236407866487
"2","2196",311,201.58218942972
"2","2196",312,200.043920553181
"2","2196",313,226.910243200819
"2","2196",314,35.1957750516159
"2","2196",315,55.5726883766998
"2","2196",316,56.3393576898578
"2","2196",317,49.3695915883805
"2","2196",318,59.1137367426129
"2","2196",319,79.3518432427034
"2","2196",320,91.1438247118918
"2","2196",321,102.926672811316
"2","2196",322,111.360222752624
"2","2196",323,112.513954731852
"2","2196",324,112.505315234191
"2","2196",325,110.818490104258
"2","2196",326,110.818490104258
"2","2196",327,297.457376863013
"2","2196",328,297.457376863013
"2","2196",329,294.987902090734
"2","2196",330,299.855602774409
"2","2196",331,295.885555461816
"2","2196",332,298.414707343654
"2","2196",333,304.870519096846
"2","2196",334,327.484301657691
"2","2196",335,352.060286712493
"2","2196",336,14.9567587155856
"2","2196",337,13.1838510036396
"2","2196",338,12.4567375868151
"2","2196",339,21.5821893965712
"2","2196",340,20.4062974110388
"2","2196",341,11.7945854738842
"2","2196",342,24.2190815683637
"2","2196",343,31.5199494208721
"2","2196",344,35.1957750516159
"2","2196",345,39.7531286507719
"2","2196",346,51.3123030836074
"2","2196",347,65.1937431939592
"2","2196",348,77.0857181242102
"2","2196",349,77.7283582242229
"2","2196",350,87.7506459340001
"2","2196",351,101.288542803943
"2","2196",352,111.730644916503
"2","2196",353,110.832794983364
"2","2196",354,110.001631345569
"2","2196",355,107.741302192319
"2","2196",356,120.237470046328
"2","2196",357,136.175464320617
"2","2196",358,146.740377017691
"2","2196",359,158.078651252296
"2","2196",360,172.628020624158
"2","2196",361,181.148313966741
"2","2196",362,183.698580062578
"2","2196",363,191.794585473884
"2","2196",364,197.830869937168
"2","2196",365,200.406297411039
"2","2196",366,199.354580437207
"2","2196",367,199.370910121771
"2","2196",368,202.919999433674
"2","2196",369,201.753900560422
"2","2196",370,205.348695931183
"2","2196",371,205.341137318614
"2","2196",372,204.064738859615
"2","2196",373,207.680307390827
"2","2196",374,205.348695940472
"2","2196",375,202.919999443314
"2","2196",376,201.753900560422
"2","2196",377,205.341137318614
"2","2196",378,204.080062304704
"2","2196",379,201.753900560422
"2","2196",380,201.753900560422
"2","2196",381,207.673013759088
"2","2196",382,209.190933839799
"2","2196",383,213.728683034684
"2","2196",384,215.55890156075
"2","2196",385,224.132150782077
"2","2196",386,230.439100241726
"2","2196",387,233.111016511353
"2","2196",388,251.983261183579
"2","2196",389,256.394507779428
"2","2196",390,267.561706796464
"2","2196",391,281.284985623423
"2","2196",392,281.780723249647
"2","2196",393,281.784614288108
"2","2196",394,290.826613425693
"2","2196",395,293.79096937973
"2","2196",396,286.689307030412
"2","2196",397,292.70016220356
"2","2196",398,295.893647034934
"2","2196",399,297.101966828601
"2","2196",400,295.902222862178
"2","2196",401,290.320310462165
"2","2196",402,294.979091194218
"2","2196",403,292.513954731852
"2","2196",404,288.522713530045
"2","2196",405,296.290394511972
"2","2196",406,299.837166160134
"2","2196",407,309.974087654603
"2","2196",408,317.356326356077
"2","2196",409,334.965023196293
"2","2196",410,349.125919133291
"2","2196",411,357.878903607146
"2","2196",412,4.40039964234959
"2","2196",413,4.21201297349085
"2","2196",414,12.4381987830757
"2","2196",415,16.0550474992202
"2","2196",416,20.4234262263112
"2","2196",417,24.2286112946225
"2","2196",418,25.3486959756797
"2","2196",419,25.3411373186135
"2","2196",420,24.2364078664868
"2","2196",421,22.9365581560021
"2","2196",422,24.2190815784503
"2","2196",423,24.2190816046607
"2","2196",424,20.4234262362804
"2","2196",425,22.9199994107064
"2","2196",426,25.3411373186135
"2","2196",427,25.6918173015838
"2","2196",428,25.3486959404723
"2","2196",429,22.9365581560021
"2","2196",430,25.3486959311825
"2","2196",431,25.3486959404723
"2","2196",432,25.3486959756797
"2","2196",433,26.7566194352064
"2","2196",434,20.4234262263112
"2","2196",435,17.8132131283068
"2","2196",436,16.0573238796675
"2","2196",437,6.21715431415383
"2","2196",438,8.73319354640822
"2","2196",439,11.2202157973438
"2","2196",440,1.14266490885488
"2","2196",441,352.628020601667
"2","2196",442,345.393879643225
"2","2196",443,322.526807442555
"2","2196",444,312.607014078226
"2","2196",445,307.074831522344
"2","2196",446,300.540895761787
"2","2196",447,296.647030023897
"2","2196",448,297.743204514038
"2","2196",449,296.632133485456
"2","2196",450,293.798149606236
"2","2196",451,296.639558034384
"2","2196",452,296.624664389782
"2","2196",453,294.793745064323
"2","2196",454,295.902222862178
"2","2196",455,293.798149606236
"2","2196",456,293.805026335956
"2","2196",457,293.798149606236
"2","2196",458,293.782559008226
"2","2196",459,294.78630018768
"2","2196",460,290.816543605477
"2","2196",461,292.871779335136
"2","2196",462,290.001631272586
"2","2196",463,290.832794907695
"2","2196",464,295.610927156621
"2","2196",465,293.798149606236
"2","2196",466,289.995927899819
"2","2196",467,293.798149606236
"2","2196",468,290.832794911295
"2","2196",469,290.826613350043
"2","2196",470,293.798149610237
"2","2196",471,292.850331413192
"2","2196",472,292.871779335136
"2","2196",473,295.62538998238
"2","2196",474,291.737365482572
"2","2196",475,291.988602149723
"2","2196",476,292.850331342937
"2","2196",477,293.798149606236
"2","2196",478,290.001631345569
"2","2196",479,295.625389915041
"2","2196",480,296.624664389782
"2","2196",481,291.209648404948
"2","2196",482,292.865416775856
"2","2196",483,289.995927830173
"2","2196",484,283.429116287693
"2","2196",485,287.030448780681
"2","2196",486,282.93180939966
"2","2196",487,265.427309357828
"2","2196",488,258.319335322742
"2","2196",489,247.479834407913
"2","2196",490,242.940153809118
"2","2196",491,237.770615769305
"2","2196",492,229.048584260902
"2","2196",493,227.949750053393
"2","2196",494,223.822770291855
"2","2196",495,213.719021847907
"2","2196",496,213.743154901656
"2","2196",497,211.51994941203
"2","2196",498,209.921706586456
"2","2196",499,205.348695940472
"2","2196",500,205.34869597568
"2","2196",501,207.680307428286
"2","2196",502,200.406297401067
"2","2196",503,207.680307428286
"2","2196",504,206.773247139046
"2","2196",505,205.34869597568
"2","2196",506,202.919999433674
"2","2196",507,204.080062304704
"2","2196",508,205.348695931183
"2","2196",509,205.34869597568
"2","2196",510,205.348695931183
"2","2196",511,205.673675351531
"2","2196",512,204.228611330917
"2","2196",513,202.917381357687
"2","2196",514,202.919999410706
"2","2196",515,201.875028925526
"2","2196",516,201.875028933763
"2","2196",517,200.702193070041
"2","2196",518,199.354580437207
"2","2196",519,196.057323879668
"2","2196",520,190.224142463956
"2","2196",521,183.437337500787
"2","2196",522,178.452825717581
"2","2196",523,163.894301874387
"2","2196",524,165.389456616661
"2","2196",525,160.545776003082
"2","2196",526,146.446507727794
"2","2196",527,142.514674388484
"2","2196",528,136.175464379516
"2","2196",529,123.179569711089
"2","2196",530,127.088015164798
"2","2196",531,123.179569711089
"2","2196",532,112.865416775857
"2","2196",533,109.995927899819
"2","2196",534,113.782559008226
"2","2196",535,111.730644912592
"2","2196",536,107.014240327987
"2","2196",537,111.730644912592
"2","2196",538,114.809864532372
"2","2196",539,114.793745064323
"2","2196",540,113.782559008226
"2","2196",541,113.798149606236
"2","2196",542,111.737365565001
"2","2196",543,112.871779335136
"2","2196",544,117.751274211492
"2","2196",545,111.730644834096
"2","2196",546,108.522691143311
"2","2196",547,112.700162203561
"2","2196",548,111.713785865567
"2","2196",549,113.782559012226
"2","2196",550,111.713785861659
"2","2196",551,111.730644912592
"2","2196",552,112.692840151519
"2","2196",553,112.717669169217
"2","2196",554,112.717669083439
"2","2196",555,111.713785940174
"2","2196",556,113.782559008226
"2","2196",557,114.793745064323
"2","2196",558,115.893646957292
"2","2196",559,114.793745139395
"2","2196",560,114.809864532372
"2","2196",561,114.809864532372
"2","2196",562,111.713785865567
"2","2196",563,111.713785865567
"2","2196",564,111.730644834096
"2","2196",565,115.893647034934
"2","2196",566,113.789432319638
"2","2196",567,115.902222862178
"2","2196",568,114.793745139395
"2","2196",569,105.203986766541
"2","2196",570,107.746693917631
"2","2196",571,112.856690705973
"2","2196",572,111.713785861659
"2","2196",573,113.782559008226
"2","2196",574,113.798149606236
"2","2196",575,111.730644834096
"2","2196",576,113.798149606236
"2","2196",577,116.647029958889
"2","2196",578,114.809864457319
"2","2196",579,110.82661342929
"2","2196",580,117.735930745714
"2","2196",581,110.810365910484
"2","2196",582,113.782559008226
"2","2196",583,113.782559008226
"2","2196",584,113.798149606236
"2","2196",585,113.798149606236
"2","2196",586,114.809864532372
"2","2196",587,117.735930745714
"2","2196",588,113.782559008226
"2","2196",589,116.647030028247
"2","2196",590,113.805026335956
"2","2196",591,116.647029958889
"2","2196",592,109.985956756471
"2","2196",593,112.87177940539
"2","2196",594,110.001631345569
"2","2196",595,113.782558939618
"2","2196",596,103.969567144621
"2","2196",597,94.4027534614005
"2","2196",598,94.4027534614005
"2","2196",599,88.0302865365307
"2","2196",600,78.8612727741682
"2","2196",601,70.2995475076546
"2","2196",602,57.7706157074646
"2","2196",603,49.6823455232267
"2","2196",604,43.5554861916285
"2","2196",605,37.8532064596895
"2","2196",606,29.913243060681
"2","2196",607,29.1909338397986
"2","2196",608,29.1909338397986
"2","2196",609,25.3486959311825
"2","2196",610,26.7566194352064
"2","2196",611,22.9199994107064
"2","2196",612,21.7539005604223
"2","2196",613,19.3545804372069
"2","2196",614,21.7539005604223
"2","2196",615,22.9199994010668
"2","2196",616,19.3545804372069
"2","2196",617,21.7539005604223
"2","2196",618,21.7539005696433
"2","2196",619,21.7539005604223
"2","2196",620,26.7566194352064
"2","2196",621,25.3486959663899
"2","2196",622,21.738057237535
"2","2196",623,22.9199994107064
"2","2196",624,25.3411373279013
"2","2196",625,20.7021930700407
"2","2196",626,21.7539005604223
"2","2196",627,26.7566194352064
"2","2196",628,25.3486959663899
"2","2196",629,21.7539005604223
"2","2196",630,24.0800623136219
"2","2196",631,25.3486959311825
"2","2196",632,21.747580908797
"2","2196",633,21.7539005604223
"2","2196",634,19.3545804009877
"2","2196",635,13.0221277601684
"2","2196",636,16.0573238796675
"2","2196",637,16.9041710771334
"2","2196",638,16.8873904898324
"2","2196",639,352.066744977419
"2","2196",640,330.20979954436
"2","2196",641,320.581716581438
"2","2196",642,313.271139575441
"2","2196",643,303.193322074109
"2","2196",644,296.647030023897
"2","2196",645,294.663958009546
"2","2196",646,293.805026335956
"2","2196",647,295.610927228012
"2","2196",648,295.632328111301
"2","2196",649,287.0142403251
"2","2196",650,286.372101546261
"2","2196",651,274.014988953854
"2","2196",652,268.030286614864
"2","2196",653,267.888021101771
"2","2196",654,277.359884928316
"2","2196",655,280.833046458598
"2","2196",656,280.422405085262
"2","2196",657,286.356495680643
"2","2196",658,283.969567222265
"2","2196",659,287.030448780681
"2","2196",660,293.798149606236
"2","2196",661,297.73593075041
"2","2196",662,301.815619665609
"2","2196",663,307.512611794977
"2","2196",664,322.528394326805
"2","2196",665,330.772318325422
"2","2196",666,340.696258216427
"2","2196",667,353.125690261003
"2","2196",668,6.23419372656296
"2","2196",669,8.73578425288782
"2","2196",670,13.6532178581637
"2","2196",671,17.8132131283068
"2","2196",672,25.3486959404723
"2","2196",673,29.1909338305357
"2","2196",674,39.7793487612024
"2","2196",675,46.111145533869
"2","2196",676,59.1113936201047
"2","2196",677,79.9618767350377
"2","2196",678,84.0060983286001
"2","2196",679,94.725088967479
"2","2196",680,110.320310462165
"2","2196",681,117.743470131753
"2","2196",682,108.512955319638
"2","2196",683,107.746693920771
"2","2196",684,108.522691146732
"2","2196",685,109.360476778097
"2","2196",686,110.320310462165
"2","2196",687,112.71034269697
"2","2196",688,110.320310466278
"2","2196",689,111.713785865567
"2","2196",690,110.00163134889
"2","2196",691,109.995927899819
"2","2196",692,110.00163134889
"2","2196",693,110.001631275907
"2","2196",694,109.995927830173
"2","2196",695,109.995927903138
"2","2196",696,103.969567222265
"2","2196",697,103.969567222265
"2","2196",698,109.98595682615
"2","2196",699,109.98595682615
"2","2196",700,109.985956753152
"2","2196",701,112.009108023668
"2","2196",702,110.001631272586
"2","2196",703,106.356495680643
"2","2196",704,110.816543605477
"2","2196",705,107.01424040347
"2","2196",706,103.432942024151
"2","2196",707,91.1476233527855
"2","2196",708,76.5285835249064
"2","2196",709,75.9203655612722
"2","2196",710,84.6692358579343
"2","2196",711,77.7459106556013
"2","2196",712,81.4718118650951
"2","2196",713,81.0217045033964
"2","2196",714,81.0188673796529
"2","2196",715,87.7329569380176
"2","2196",716,98.6508027395622
"2","2196",717,91.16320625532
"2","2196",718,91.1438246214135
"2","2196",719,91.141456567314
"2","2196",720,86.927429695852
"2","2196",721,72.2928119029189
